// ---------------------------------------------------------------------------------------
// Template Editor 3.20 - User defined attributes (=UDA)
// =====================================================
// 
// This file contains attributes which are defined in the 'objects.inp'.
// 
// Notes:
// - Please use the predefined folder 'USERDEFINED' for the each attributes in this file.
// - Installation of Tekla Structures overwrites always this file.
//
// ---------------------------------------------------------------------------------------
// This file contains the defined attributes and their default values for a value field.
// 
// The structure of 'contentattributes_USERDEFINED.lst' is the following. The file is divided
// into two sections, which are sperated with the line [BINDINGS]. The first section defines
// all attributes and the default settings for those attributes. The 2nd section assigns
// the attributes to contenttypes. Attributes are presented to the user in the order they
// appear in the definition list for contenttypes.
//
// A special case of a component type is ALL, which defines that the attributes defined in 
// the following lines are available to all types of components. Other special types are
// HEADER, PAGEHEADER, PAGEFOOTER and FOOTER.
// 
// You can use a virtual node to group certain attributes under a common subnode. A virtual
// node is defined inside []. This doesn't affect the name of the actual attribute - text
// between [] is removed when the attribute name is inserted into a template definition.
//
// You can add comment text for the user attributes by defining it between "-characters after
// the attribute name.
// 
// The attribute definition line is divided into nine different columns. The star character
// '*' means that the default value should be used or that this property doesn't apply to
// this type of valuefield.
// 
// The attribute dividing to the different versions can be done by using extension #1...N
// in attribute name.
//
// The columns are
// 
// 1. Attribute name (maximum of 63 characters. Use only letters, numbers, dots and underlines)
// 2. Data type (FLOAT, CHARACTER, INTEGER)
// 3. Value field justification (LEFT, CENTER, RIGHT)
// 4. Is the field cacheable (TRUE or FALSE, TRUE is default)
// 5. Value field length (characters)
// 6. The number of decimals (present only if data type is FLOAT, and no precision defined)
// 7. The unit type
// 8. The unit
// 9. The precision
// 										
// Name                         Datatype    Justify  Cacheable  Length  Decimals  Unit type  Unit     Precision
// XXXXX                        FLOAT       RIGHT    TRUE       8       2         Length     ft-frac  1/8
// ------------------------------------------------------------------------------------------------------------
AD_clash_with                   CHARACTER   LEFT     TRUE      10
AD_curved_straight              CHARACTER   LEFT     TRUE      10
AD_excl_clash_with              CHARACTER   LEFT     TRUE      10
AD_keep_axis                    CHARACTER   LEFT     TRUE      10
AD_merge_distance               FLOAT       RIGHT    TRUE       8       1         Length     mm
AD_n_part_splits                INTEGER     RIGHT    TRUE       5
AD_node1_offset_x               FLOAT       RIGHT    TRUE       8       1         Length     mm
AD_node1_offset_y               FLOAT       RIGHT    TRUE       8       1         Length     mm
AD_node1_offset_z               FLOAT       RIGHT    TRUE       8       1         Length     mm
AD_node2_offset_x               FLOAT       RIGHT    TRUE       8       1         Length     mm
AD_node2_offset_y               FLOAT       RIGHT    TRUE       8       1         Length     mm
AD_node2_offset_z               FLOAT       RIGHT    TRUE       8       1         Length     mm
AD_part_level                   FLOAT       RIGHT    TRUE       8       1         Length     mm
AD_part_profile                 CHARACTER   LEFT     TRUE      10
AD_part_rigid_link              INTEGER     RIGHT    TRUE       5
AD_plate_min_hole               CHARACTER   LEFT     TRUE      10
AD_split_distances              CHARACTER   LEFT     TRUE      30
axial1                          FLOAT       RIGHT    TRUE       8       1         Force      N
axial2                          FLOAT       RIGHT    TRUE       8       1         Force      N
BOLT_COMMENT                    CHARACTER   LEFT     TRUE      32
BOLT_USERFIELD_1                CHARACTER   LEFT     TRUE      14
BOLT_USERFIELD_2                CHARACTER   LEFT     TRUE      14
BOLT_USERFIELD_3                CHARACTER   LEFT     TRUE      14
BOLT_USERFIELD_4                CHARACTER   LEFT     TRUE      14
BOLT_USERFIELD_5                CHARACTER   LEFT     TRUE      14
BOLT_USERFIELD_6                CHARACTER   LEFT     TRUE      14
BOLT_USERFIELD_7                CHARACTER   LEFT     TRUE      14
BOLT_USERFIELD_8                CHARACTER   LEFT     TRUE      14
BONDING                         CHARACTER   LEFT     TRUE      20
BREAK_TYPE                      CHARACTER   LEFT     TRUE      20
cambering                       CHARACTER   LEFT     TRUE      32
CHECKED_BY                      CHARACTER   LEFT     TRUE      20
CHECKED_DATE                    INTEGER     LEFT     TRUE      12       0         Date       dd/mm/yyyy
comment                         CHARACTER   LEFT     TRUE      30
COMMENT                         CHARACTER   LEFT     TRUE      30
CONCRETE_MIXTURE                CHARACTER   LEFT     TRUE      20
CONN_CODE_END1                  CHARACTER   LEFT     TRUE      10
CONN_CODE_END2                  CHARACTER   LEFT     TRUE      10
DesignGroup                     CHARACTER   LEFT     TRUE      10
DRAWING_USERFIELD_1             CHARACTER   LEFT     TRUE      14
DRAWING_USERFIELD_2             CHARACTER   LEFT     TRUE      14
DRAWING_USERFIELD_3             CHARACTER   LEFT     TRUE      14
DRAWING_USERFIELD_4             CHARACTER   LEFT     TRUE      14
DRAWING_USERFIELD_5             CHARACTER   LEFT     TRUE      14
DRAWING_USERFIELD_6             CHARACTER   LEFT     TRUE      14
DRAWING_USERFIELD_7             CHARACTER   LEFT     TRUE      14
DRAWING_USERFIELD_8             CHARACTER   LEFT     TRUE      14
ERECTIONSTATUS                  CHARACTER   LEFT     TRUE      20
fabricator                      CHARACTER   LEFT     TRUE      32
IFC_BUILDING                    CHARACTER   LEFT     TRUE      20
IFC_BUILDING_STOREY             CHARACTER   LEFT     TRUE      20
IFC_ENTITY                      CHARACTER   LEFT     TRUE      20
IFC_SITE                        CHARACTER   LEFT     TRUE      20
INSTALL_ACTUAL                  INTEGER     LEFT     TRUE      12       0         Date       dd/mm/yyyy
INSTALL_PLAN                    INTEGER     LEFT     TRUE      12       0         Date       dd/mm/yyyy
MAT_COMMENT                     CHARACTER   LEFT     TRUE      30
moment1                         FLOAT       RIGHT    TRUE       8       1         Moment     Nm
moment2                         FLOAT       RIGHT    TRUE       8       1         Moment     Nm
MORTAR_COLOR_B                  CHARACTER   LEFT     TRUE      10
MORTAR_COLOR_G                  CHARACTER   LEFT     TRUE      10
MORTAR_COLOR_R                  CHARACTER   LEFT     TRUE      10
MORTAR_HEIGHT                   FLOAT       RIGHT    TRUE       8       1         Length     mm
MORTAR_WIDTH                    FLOAT       RIGHT    TRUE       8       1         Length     mm
OBJECT_LOCKED                   CHARACTER   LEFT     TRUE       3
PRELIM_MARK                     CHARACTER   LEFT     TRUE      20
PROJECT_COMMENT                 CHARACTER   LEFT     TRUE      32
PROJECT_USERFIELD_1             CHARACTER   LEFT     TRUE      14
PROJECT_USERFIELD_2             CHARACTER   LEFT     TRUE      14
PROJECT_USERFIELD_3             CHARACTER   LEFT     TRUE      14
PROJECT_USERFIELD_4             CHARACTER   LEFT     TRUE      14
PROJECT_USERFIELD_5             CHARACTER   LEFT     TRUE      14
PROJECT_USERFIELD_6             CHARACTER   LEFT     TRUE      14
PROJECT_USERFIELD_7             CHARACTER   LEFT     TRUE      14
PROJECT_USERFIELD_8             CHARACTER   LEFT     TRUE      14
SCHED_FAB_DATE                  CHARACTER   LEFT     TRUE      20
SEQ_NUMBER						CHARACTER	LEFT	 TRUE      10
shear1                          FLOAT       RIGHT    TRUE       8       1         Force      N
shear2                          FLOAT       RIGHT    TRUE       8       1         Force      N
SHOP_ISSUE                      CHARACTER   LEFT     TRUE      20
SHOPSTATUS                      CHARACTER   LEFT     TRUE      20
TILE_COLOR_B                    CHARACTER   LEFT     TRUE      10
TILE_COLOR_G                    CHARACTER   LEFT     TRUE      10
TILE_COLOR_R                    CHARACTER   LEFT     TRUE      10
TILE_HEIGHT                     FLOAT       RIGHT    TRUE       8       1         Length     mm
TILE_WIDTH                      FLOAT       RIGHT    TRUE       8       1         Length     mm
USER_FIELD_1                    CHARACTER   LEFT     TRUE      14
USER_FIELD_2                    CHARACTER   LEFT     TRUE      14
USER_FIELD_3                    CHARACTER   LEFT     TRUE      14
USER_FIELD_4                    CHARACTER   LEFT     TRUE      14
USER_PHASE                      CHARACTER   LEFT     TRUE      32
WELD_COMMENT                    CHARACTER   LEFT     TRUE      32
WELD_USERFIELD_1                CHARACTER   LEFT     TRUE      14
WELD_USERFIELD_2                CHARACTER   LEFT     TRUE      14
WELD_USERFIELD_3                CHARACTER   LEFT     TRUE      14
WELD_USERFIELD_4                CHARACTER   LEFT     TRUE      14
WELD_USERFIELD_5                CHARACTER   LEFT     TRUE      14
WELD_USERFIELD_6                CHARACTER   LEFT     TRUE      14
WELD_USERFIELD_7                CHARACTER   LEFT     TRUE      14
WELD_USERFIELD_8                CHARACTER   LEFT     TRUE      14
xs_shorten                      FLOAT       RIGHT    TRUE       8       1         Length     mm
x_offset                        CHARACTER   LEFT     TRUE      20
y_offset                        CHARACTER   LEFT     TRUE      20
z_offset                        CHARACTER   LEFT     TRUE      20


// === Pour Object attributes ===
POUR_TYPE               	CHARACTER   LEFT     TRUE      20
POUR_NUMBER             	CHARACTER   LEFT     TRUE      14
CONCRETE_MIXTURE        	CHARACTER   LEFT     TRUE      20
FORMWORK_CHECKED_BY     	CHARACTER   LEFT     TRUE      20
FORMWORK_COMMENT        	CHARACTER   LEFT     TRUE      20
FORMWORK_STATUS         	CHARACTER   LEFT     TRUE      14
FORMWORK_CHECK_DATE     	INTEGER     LEFT     TRUE      12       0         Date       dd/mm/yyyy
PLANNED_START_FORM      	INTEGER     LEFT     TRUE      12       0         Date       dd/mm/yyyy
PLANNED_END_FORM        	INTEGER     LEFT     TRUE      12       0         Date       dd/mm/yyyy
ACTUAL_START_FORM       	INTEGER     LEFT     TRUE      12       0         Date       dd/mm/yyyy
ACTUAL_END_FORM         	INTEGER     LEFT     TRUE      12       0         Date       dd/mm/yyyy
REBAR_CHECKED_BY        	CHARACTER   LEFT     TRUE      20
REBAR_COMMENT           	CHARACTER   LEFT     TRUE      20
REBAR_RELEASE_NO        	CHARACTER   LEFT     TRUE      14
REBAR_SHIPMENT_NO       	CHARACTER   LEFT     TRUE      14
REBAR_STATUS            	CHARACTER   LEFT     TRUE      14
REBAR_CHECK_DATE        	INTEGER     LEFT     TRUE      12       0         Date       dd/mm/yyyy
PLANNED_START_REBAR     	INTEGER     LEFT     TRUE      12       0         Date       dd/mm/yyyy
PLANNED_END_REBAR       	INTEGER     LEFT     TRUE      12       0         Date       dd/mm/yyyy
ACTUAL_START_REBAR      	INTEGER     LEFT     TRUE      12       0         Date       dd/mm/yyyy
ACTUAL_END_REBAR        	INTEGER     LEFT     TRUE      12       0         Date       dd/mm/yyyy
POUR_CHECKED_BY         	CHARACTER   LEFT     TRUE      20
POUR_COMMENT            	CHARACTER   LEFT     TRUE      20
POUR_STATUS             	CHARACTER   LEFT     TRUE      14
POUR_CHECK_DATE         	INTEGER     LEFT     TRUE      12       0         Date       dd/mm/yyyy
PLANNED_START_POUR      	INTEGER     LEFT     TRUE      12       0         Date       dd/mm/yyyy
PLANNED_END_POUR        	INTEGER     LEFT     TRUE      12       0         Date       dd/mm/yyyy
ACTUAL_START_POUR       	INTEGER     LEFT     TRUE      12       0         Date       dd/mm/yyyy
ACTUAL_END_POUR         	INTEGER     LEFT     TRUE      12       0         Date       dd/mm/yyyy

// === Construction Management attributes ===
DESIGN_CHECKED_BY  		CHARACTER   LEFT     TRUE      10
DESIGN_COMMENT  		CHARACTER   LEFT     TRUE      20
DESIGN_ASSIGNED_TO  		CHARACTER   LEFT     TRUE      10
DESIGN_CODE 			CHARACTER   LEFT     TRUE      20
PLANS_STATUS 			CHARACTER   LEFT     TRUE      20
DESIGN_CHECK_DATE       	INTEGER     LEFT     TRUE      12       0         Date       dd/mm/yyyy
PLANNED_START_D 		INTEGER     LEFT     TRUE      12       0         Date       dd/mm/yyyy
PLANNED_END_D			INTEGER     LEFT     TRUE      12       0         Date       dd/mm/yyyy
ACTUAL_START_D			INTEGER     LEFT     TRUE      12       0         Date       dd/mm/yyyy
ACTUAL_END_D			INTEGER     LEFT     TRUE      12       0         Date       dd/mm/yyyy
FABRICATION_CODE 		CHARACTER   LEFT     TRUE      20
DELIVERY_NUMBER 		CHARACTER   LEFT     TRUE      20
PACKAGE_NUMBER	 		CHARACTER   LEFT     TRUE      20
SHIPMENT_NUMBER	 		CHARACTER   LEFT     TRUE      20
FABRICATION_STATUS		CHARACTER   LEFT     TRUE      20
PLANNED_START_F 		INTEGER     LEFT     TRUE      12       0         Date       dd/mm/yyyy
PLANNED_END_F	 		INTEGER     LEFT     TRUE      12       0         Date       dd/mm/yyyy
ACTUAL_START_F 			INTEGER     LEFT     TRUE      12       0         Date       dd/mm/yyyy
ACTUAL_END_F	 		INTEGER     LEFT     TRUE      12       0         Date       dd/mm/yyyy
ERECTION_CODE 			CHARACTER   LEFT     TRUE      20
ERECTION_COMMENT 		CHARACTER   LEFT     TRUE      20
ERECTION_STATUS 		CHARACTER   LEFT     TRUE      20
CIP_STATUS 			CHARACTER   LEFT     TRUE      20
PLANNED_START_E 		INTEGER     LEFT     TRUE      12       0         Date       dd/mm/yyyy
PLANNED_END_E  			INTEGER     LEFT     TRUE      12       0         Date       dd/mm/yyyy
ACTUAL_START_E			INTEGER     LEFT     TRUE      12       0         Date       dd/mm/yyyy
ACTUAL_END_E			INTEGER     LEFT     TRUE      12       0         Date       dd/mm/yyyy

// === FABRICATION SETTING ===
FAB_STATUS	 		CHARACTER   LEFT     TRUE      20
FAB_DATE			INTEGER     LEFT     TRUE      12       0         Date       dd/mm/yyyy
PACKAGE_STATUS	 		CHARACTER   LEFT     TRUE      20
PACKAGE_DATE			INTEGER     LEFT     TRUE      12       0         Date       dd/mm/yyyy
DELIVERY_STATUS	 		CHARACTER   LEFT     TRUE      20
DELIVERY_DATE			INTEGER     LEFT     TRUE      12       0         Date       dd/mm/yyyy
ERECTION_STATUS	 		CHARACTER   LEFT     TRUE      20
ERECTION_DATE			INTEGER     LEFT     TRUE      12       0         Date       dd/mm/yyyy

F_STATUS	 		CHARACTER   LEFT     TRUE      20
F_DATE				INTEGER     LEFT     TRUE      12       0         Date       dd/mm/yyyy
P_STATUS	 		CHARACTER   LEFT     TRUE      20
P_DATE				INTEGER     LEFT     TRUE      12       0         Date       dd/mm/yyyy
D_STATUS	 		CHARACTER   LEFT     TRUE      20
D_DATE				INTEGER     LEFT     TRUE      12       0         Date       dd/mm/yyyy
E_STATUS	 		CHARACTER   LEFT     TRUE      20
E_DATE				INTEGER     LEFT     TRUE      12       0         Date       dd/mm/yyyy

// === ConstructionManagement Extension attributes ===
F_FITUP	 			CHARACTER   LEFT     TRUE      20
F_WELD	 			CHARACTER   LEFT     TRUE      20
F_WELD_INSTEPC	 		CHARACTER   LEFT     TRUE      20
F_PAINTING	 		CHARACTER   LEFT     TRUE      20
F_PACKAGE	 		CHARACTER   LEFT     TRUE      20
F_DELIVERY_1	 		CHARACTER   LEFT     TRUE      20
F_DELIVERY_2	 		CHARACTER   LEFT     TRUE      20
F_DELIVERY_3	 		CHARACTER   LEFT     TRUE      20
F_ERECTION	 		CHARACTER   LEFT     TRUE      20

D_DELIVERY	 		CHARACTER   LEFT     TRUE      20
D_REVISION	 		CHARACTER   LEFT     TRUE      20
F_FABRICATION	 		CHARACTER   LEFT     TRUE      20
F_INSPECTION	 		CHARACTER   LEFT     TRUE      20
F_DELIVERY	 		CHARACTER   LEFT     TRUE      20
F_RETURN	 		CHARACTER   LEFT     TRUE      20
C_ORDER    	 		CHARACTER   LEFT     TRUE      20
C_INCOME	 		CHARACTER   LEFT     TRUE      20
C_ELECTION	 		CHARACTER   LEFT     TRUE      20

F_BEFORE	 		CHARACTER   LEFT     TRUE      20
F_ING   	 		CHARACTER   LEFT     TRUE      20
F_FINISH                	CHARACTER   LEFT     TRUE      20
D_ING                   	CHARACTER   LEFT     TRUE      20
D_FINISH                	CHARACTER   LEFT     TRUE      20

F_REPORT			CHARACTER   LEFT     TRUE      20

// === Coupler Attributes ===
THREAD_LENGTH_START		FLOAT       RIGHT    TRUE      12       0         Length	mm
THREAD_LENGTH_END		FLOAT       RIGHT    TRUE      12       0         Length	mm
EXTRA_LENGTH_START		FLOAT       RIGHT    TRUE      12       0         Length	mm
EXTRA_LENGTH_END		FLOAT       RIGHT    TRUE      12       0         Length	mm
METHOD_START			CHARACTER   LEFT     TRUE      14	
METHOD_END			CHARACTER   LEFT     TRUE      14
TYPE_START			CHARACTER   LEFT     TRUE      14		
TYPE_END			CHARACTER   LEFT     TRUE      14
PRODUCT_START			CHARACTER   LEFT     TRUE      20			
PRODUCT_END			CHARACTER   LEFT     TRUE      20
CODE_START			CHARACTER   LEFT     TRUE      20				
CODE_END			CHARACTER   LEFT     TRUE      20	
FREE_1_START			FLOAT       RIGHT    TRUE      12       0         Length	mm		
FREE_1_END			FLOAT       RIGHT    TRUE      12       0         Length	mm
FREE_2_START			CHARACTER   LEFT     TRUE      20			
FREE_2_END			CHARACTER   LEFT     TRUE      20

// ------------------------------------------------------------------------------------------------
// Binding of attributes according to the object types.
// (available object types for Row component have saved in the contenttypes.lst)
// ------------------------------------------------------------------------------------------------

[BINDINGS] // Do NOT remove this line

// =========================================
//   Project attributes
//   ------------------
//   tab_page("","jd_Parameters",3)
// =========================================
PROJECT           =         USERDEFINED.PROJECT_COMMENT
ASSEMBLY          = PROJECT.USERDEFINED.PROJECT_COMMENT
BOLT              = PROJECT.USERDEFINED.PROJECT_COMMENT
CAST_UNIT         = PROJECT.USERDEFINED.PROJECT_COMMENT
CONNECTION        = PROJECT.USERDEFINED.PROJECT_COMMENT
DRAWING           = PROJECT.USERDEFINED.PROJECT_COMMENT
FOOTER            = PROJECT.USERDEFINED.PROJECT_COMMENT
HEADER            = PROJECT.USERDEFINED.PROJECT_COMMENT
HOLE              = PROJECT.USERDEFINED.PROJECT_COMMENT
MESH              = PROJECT.USERDEFINED.PROJECT_COMMENT
NUT               = PROJECT.USERDEFINED.PROJECT_COMMENT
PAGEFOOTER        = PROJECT.USERDEFINED.PROJECT_COMMENT
PAGEHEADER        = PROJECT.USERDEFINED.PROJECT_COMMENT
PART              = PROJECT.USERDEFINED.PROJECT_COMMENT
POUR_BREAK        = PROJECT.USERDEFINED.PROJECT_COMMENT
POUR_OBJECT       = PROJECT.USERDEFINED.PROJECT_COMMENT
REBAR             = PROJECT.USERDEFINED.PROJECT_COMMENT
SIMILAR_ASSEMBLY  = PROJECT.USERDEFINED.PROJECT_COMMENT
SIMILAR_CAST_UNIT = PROJECT.USERDEFINED.PROJECT_COMMENT
SIMILAR_PART      = PROJECT.USERDEFINED.PROJECT_COMMENT
STUD              = PROJECT.USERDEFINED.PROJECT_COMMENT
SURFACING         = PROJECT.USERDEFINED.PROJECT_COMMENT
WASHER            = PROJECT.USERDEFINED.PROJECT_COMMENT
WELD              = PROJECT.USERDEFINED.PROJECT_COMMENT
REFERENCE_MODEL   = PROJECT.USERDEFINED.PROJECT_COMMENT
REFERENCE_OBJECT  = PROJECT.USERDEFINED.PROJECT_COMMENT
REFERENCE_ASSEMBLY = PROJECT.USERDEFINED.PROJECT_COMMENT

PROJECT           =         USERDEFINED.PROJECT_USERFIELD_1
ASSEMBLY          = PROJECT.USERDEFINED.PROJECT_USERFIELD_1
BOLT              = PROJECT.USERDEFINED.PROJECT_USERFIELD_1
CAST_UNIT         = PROJECT.USERDEFINED.PROJECT_USERFIELD_1
CONNECTION        = PROJECT.USERDEFINED.PROJECT_USERFIELD_1
DRAWING           = PROJECT.USERDEFINED.PROJECT_USERFIELD_1
FOOTER            = PROJECT.USERDEFINED.PROJECT_USERFIELD_1
HEADER            = PROJECT.USERDEFINED.PROJECT_USERFIELD_1
HOLE              = PROJECT.USERDEFINED.PROJECT_USERFIELD_1
MESH              = PROJECT.USERDEFINED.PROJECT_USERFIELD_1
NUT               = PROJECT.USERDEFINED.PROJECT_USERFIELD_1
PAGEFOOTER        = PROJECT.USERDEFINED.PROJECT_USERFIELD_1
PAGEHEADER        = PROJECT.USERDEFINED.PROJECT_USERFIELD_1
PART              = PROJECT.USERDEFINED.PROJECT_USERFIELD_1
POUR_BREAK        = PROJECT.USERDEFINED.PROJECT_USERFIELD_1
POUR_OBJECT       = PROJECT.USERDEFINED.PROJECT_USERFIELD_1
REBAR             = PROJECT.USERDEFINED.PROJECT_USERFIELD_1
SIMILAR_ASSEMBLY  = PROJECT.USERDEFINED.PROJECT_USERFIELD_1
SIMILAR_CAST_UNIT = PROJECT.USERDEFINED.PROJECT_USERFIELD_1
SIMILAR_PART      = PROJECT.USERDEFINED.PROJECT_USERFIELD_1
STUD              = PROJECT.USERDEFINED.PROJECT_USERFIELD_1
SURFACING         = PROJECT.USERDEFINED.PROJECT_USERFIELD_1
WASHER            = PROJECT.USERDEFINED.PROJECT_USERFIELD_1
WELD              = PROJECT.USERDEFINED.PROJECT_USERFIELD_1
REFERENCE_MODEL   = PROJECT.USERDEFINED.PROJECT_USERFIELD_1
REFERENCE_OBJECT  = PROJECT.USERDEFINED.PROJECT_USERFIELD_1
REFERENCE_ASSEMBLY = PROJECT.USERDEFINED.PROJECT_USERFIELD_1

PROJECT           =         USERDEFINED.PROJECT_USERFIELD_2
ASSEMBLY          = PROJECT.USERDEFINED.PROJECT_USERFIELD_2
BOLT              = PROJECT.USERDEFINED.PROJECT_USERFIELD_2
CAST_UNIT         = PROJECT.USERDEFINED.PROJECT_USERFIELD_2
CONNECTION        = PROJECT.USERDEFINED.PROJECT_USERFIELD_2
DRAWING           = PROJECT.USERDEFINED.PROJECT_USERFIELD_2
FOOTER            = PROJECT.USERDEFINED.PROJECT_USERFIELD_2
HEADER            = PROJECT.USERDEFINED.PROJECT_USERFIELD_2
HOLE              = PROJECT.USERDEFINED.PROJECT_USERFIELD_2
MESH              = PROJECT.USERDEFINED.PROJECT_USERFIELD_2
NUT               = PROJECT.USERDEFINED.PROJECT_USERFIELD_2
PAGEFOOTER        = PROJECT.USERDEFINED.PROJECT_USERFIELD_2
PAGEHEADER        = PROJECT.USERDEFINED.PROJECT_USERFIELD_2
PART              = PROJECT.USERDEFINED.PROJECT_USERFIELD_2
POUR_BREAK        = PROJECT.USERDEFINED.PROJECT_USERFIELD_2
POUR_OBJECT       = PROJECT.USERDEFINED.PROJECT_USERFIELD_2
REBAR             = PROJECT.USERDEFINED.PROJECT_USERFIELD_2
SIMILAR_ASSEMBLY  = PROJECT.USERDEFINED.PROJECT_USERFIELD_2
SIMILAR_CAST_UNIT = PROJECT.USERDEFINED.PROJECT_USERFIELD_2
SIMILAR_PART      = PROJECT.USERDEFINED.PROJECT_USERFIELD_2
STUD              = PROJECT.USERDEFINED.PROJECT_USERFIELD_2
SURFACING         = PROJECT.USERDEFINED.PROJECT_USERFIELD_2
WASHER            = PROJECT.USERDEFINED.PROJECT_USERFIELD_2
WELD              = PROJECT.USERDEFINED.PROJECT_USERFIELD_2
REFERENCE_MODEL   = PROJECT.USERDEFINED.PROJECT_USERFIELD_2
REFERENCE_OBJECT  = PROJECT.USERDEFINED.PROJECT_USERFIELD_2
REFERENCE_ASSEMBLY = PROJECT.USERDEFINED.PROJECT_USERFIELD_2

PROJECT           =         USERDEFINED.PROJECT_USERFIELD_3
ASSEMBLY          = PROJECT.USERDEFINED.PROJECT_USERFIELD_3
BOLT              = PROJECT.USERDEFINED.PROJECT_USERFIELD_3
CAST_UNIT         = PROJECT.USERDEFINED.PROJECT_USERFIELD_3
CONNECTION        = PROJECT.USERDEFINED.PROJECT_USERFIELD_3
DRAWING           = PROJECT.USERDEFINED.PROJECT_USERFIELD_3
FOOTER            = PROJECT.USERDEFINED.PROJECT_USERFIELD_3
HEADER            = PROJECT.USERDEFINED.PROJECT_USERFIELD_3
HOLE              = PROJECT.USERDEFINED.PROJECT_USERFIELD_3
MESH              = PROJECT.USERDEFINED.PROJECT_USERFIELD_3
NUT               = PROJECT.USERDEFINED.PROJECT_USERFIELD_3
PAGEFOOTER        = PROJECT.USERDEFINED.PROJECT_USERFIELD_3
PAGEHEADER        = PROJECT.USERDEFINED.PROJECT_USERFIELD_3
PART              = PROJECT.USERDEFINED.PROJECT_USERFIELD_3
POUR_BREAK        = PROJECT.USERDEFINED.PROJECT_USERFIELD_3
POUR_OBJECT       = PROJECT.USERDEFINED.PROJECT_USERFIELD_3
REBAR             = PROJECT.USERDEFINED.PROJECT_USERFIELD_3
SIMILAR_ASSEMBLY  = PROJECT.USERDEFINED.PROJECT_USERFIELD_3
SIMILAR_CAST_UNIT = PROJECT.USERDEFINED.PROJECT_USERFIELD_3
SIMILAR_PART      = PROJECT.USERDEFINED.PROJECT_USERFIELD_3
STUD              = PROJECT.USERDEFINED.PROJECT_USERFIELD_3
SURFACING         = PROJECT.USERDEFINED.PROJECT_USERFIELD_3
WASHER            = PROJECT.USERDEFINED.PROJECT_USERFIELD_3
WELD              = PROJECT.USERDEFINED.PROJECT_USERFIELD_3
REFERENCE_MODEL   = PROJECT.USERDEFINED.PROJECT_USERFIELD_3
REFERENCE_OBJECT  = PROJECT.USERDEFINED.PROJECT_USERFIELD_3
REFERENCE_ASSEMBLY = PROJECT.USERDEFINED.PROJECT_USERFIELD_3

PROJECT           =         USERDEFINED.PROJECT_USERFIELD_4
ASSEMBLY          = PROJECT.USERDEFINED.PROJECT_USERFIELD_4
BOLT              = PROJECT.USERDEFINED.PROJECT_USERFIELD_4
CAST_UNIT         = PROJECT.USERDEFINED.PROJECT_USERFIELD_4
CONNECTION        = PROJECT.USERDEFINED.PROJECT_USERFIELD_4
DRAWING           = PROJECT.USERDEFINED.PROJECT_USERFIELD_4
FOOTER            = PROJECT.USERDEFINED.PROJECT_USERFIELD_4
HEADER            = PROJECT.USERDEFINED.PROJECT_USERFIELD_4
HOLE              = PROJECT.USERDEFINED.PROJECT_USERFIELD_4
MESH              = PROJECT.USERDEFINED.PROJECT_USERFIELD_4
NUT               = PROJECT.USERDEFINED.PROJECT_USERFIELD_4
PAGEFOOTER        = PROJECT.USERDEFINED.PROJECT_USERFIELD_4
PAGEHEADER        = PROJECT.USERDEFINED.PROJECT_USERFIELD_4
PART              = PROJECT.USERDEFINED.PROJECT_USERFIELD_4
POUR_BREAK        = PROJECT.USERDEFINED.PROJECT_USERFIELD_4
POUR_OBJECT       = PROJECT.USERDEFINED.PROJECT_USERFIELD_4
REBAR             = PROJECT.USERDEFINED.PROJECT_USERFIELD_4
SIMILAR_ASSEMBLY  = PROJECT.USERDEFINED.PROJECT_USERFIELD_4
SIMILAR_CAST_UNIT = PROJECT.USERDEFINED.PROJECT_USERFIELD_4
SIMILAR_PART      = PROJECT.USERDEFINED.PROJECT_USERFIELD_4
STUD              = PROJECT.USERDEFINED.PROJECT_USERFIELD_4
SURFACING         = PROJECT.USERDEFINED.PROJECT_USERFIELD_4
WASHER            = PROJECT.USERDEFINED.PROJECT_USERFIELD_4
WELD              = PROJECT.USERDEFINED.PROJECT_USERFIELD_4
REFERENCE_MODEL   = PROJECT.USERDEFINED.PROJECT_USERFIELD_4
REFERENCE_OBJECT  = PROJECT.USERDEFINED.PROJECT_USERFIELD_4
REFERENCE_ASSEMBLY = PROJECT.USERDEFINED.PROJECT_USERFIELD_4

PROJECT           =         USERDEFINED.PROJECT_USERFIELD_5
ASSEMBLY          = PROJECT.USERDEFINED.PROJECT_USERFIELD_5
BOLT              = PROJECT.USERDEFINED.PROJECT_USERFIELD_5
CAST_UNIT         = PROJECT.USERDEFINED.PROJECT_USERFIELD_5
CONNECTION        = PROJECT.USERDEFINED.PROJECT_USERFIELD_5
DRAWING           = PROJECT.USERDEFINED.PROJECT_USERFIELD_5
FOOTER            = PROJECT.USERDEFINED.PROJECT_USERFIELD_5
HEADER            = PROJECT.USERDEFINED.PROJECT_USERFIELD_5
HOLE              = PROJECT.USERDEFINED.PROJECT_USERFIELD_5
MESH              = PROJECT.USERDEFINED.PROJECT_USERFIELD_5
NUT               = PROJECT.USERDEFINED.PROJECT_USERFIELD_5
PAGEFOOTER        = PROJECT.USERDEFINED.PROJECT_USERFIELD_5
PAGEHEADER        = PROJECT.USERDEFINED.PROJECT_USERFIELD_5
PART              = PROJECT.USERDEFINED.PROJECT_USERFIELD_5
POUR_BREAK        = PROJECT.USERDEFINED.PROJECT_USERFIELD_5
POUR_OBJECT       = PROJECT.USERDEFINED.PROJECT_USERFIELD_5
REBAR             = PROJECT.USERDEFINED.PROJECT_USERFIELD_5
SIMILAR_ASSEMBLY  = PROJECT.USERDEFINED.PROJECT_USERFIELD_5
SIMILAR_CAST_UNIT = PROJECT.USERDEFINED.PROJECT_USERFIELD_5
SIMILAR_PART      = PROJECT.USERDEFINED.PROJECT_USERFIELD_5
STUD              = PROJECT.USERDEFINED.PROJECT_USERFIELD_5
SURFACING         = PROJECT.USERDEFINED.PROJECT_USERFIELD_5
WASHER            = PROJECT.USERDEFINED.PROJECT_USERFIELD_5
WELD              = PROJECT.USERDEFINED.PROJECT_USERFIELD_5
REFERENCE_MODEL   = PROJECT.USERDEFINED.PROJECT_USERFIELD_5
REFERENCE_OBJECT  = PROJECT.USERDEFINED.PROJECT_USERFIELD_5
REFERENCE_ASSEMBLY = PROJECT.USERDEFINED.PROJECT_USERFIELD_5

PROJECT           =         USERDEFINED.PROJECT_USERFIELD_6
ASSEMBLY          = PROJECT.USERDEFINED.PROJECT_USERFIELD_6
BOLT              = PROJECT.USERDEFINED.PROJECT_USERFIELD_6
CAST_UNIT         = PROJECT.USERDEFINED.PROJECT_USERFIELD_6
CONNECTION        = PROJECT.USERDEFINED.PROJECT_USERFIELD_6
DRAWING           = PROJECT.USERDEFINED.PROJECT_USERFIELD_6
FOOTER            = PROJECT.USERDEFINED.PROJECT_USERFIELD_6
HEADER            = PROJECT.USERDEFINED.PROJECT_USERFIELD_6
HOLE              = PROJECT.USERDEFINED.PROJECT_USERFIELD_6
MESH              = PROJECT.USERDEFINED.PROJECT_USERFIELD_6
NUT               = PROJECT.USERDEFINED.PROJECT_USERFIELD_6
PAGEFOOTER        = PROJECT.USERDEFINED.PROJECT_USERFIELD_6
PAGEHEADER        = PROJECT.USERDEFINED.PROJECT_USERFIELD_6
PART              = PROJECT.USERDEFINED.PROJECT_USERFIELD_6
POUR_BREAK        = PROJECT.USERDEFINED.PROJECT_USERFIELD_6
POUR_OBJECT       = PROJECT.USERDEFINED.PROJECT_USERFIELD_6
REBAR             = PROJECT.USERDEFINED.PROJECT_USERFIELD_6
SIMILAR_ASSEMBLY  = PROJECT.USERDEFINED.PROJECT_USERFIELD_6
SIMILAR_CAST_UNIT = PROJECT.USERDEFINED.PROJECT_USERFIELD_6
SIMILAR_PART      = PROJECT.USERDEFINED.PROJECT_USERFIELD_6
STUD              = PROJECT.USERDEFINED.PROJECT_USERFIELD_6
SURFACING         = PROJECT.USERDEFINED.PROJECT_USERFIELD_6
WASHER            = PROJECT.USERDEFINED.PROJECT_USERFIELD_6
WELD              = PROJECT.USERDEFINED.PROJECT_USERFIELD_6
REFERENCE_MODEL   = PROJECT.USERDEFINED.PROJECT_USERFIELD_6
REFERENCE_OBJECT  = PROJECT.USERDEFINED.PROJECT_USERFIELD_6
REFERENCE_ASSEMBLY = PROJECT.USERDEFINED.PROJECT_USERFIELD_6

PROJECT           =         USERDEFINED.PROJECT_USERFIELD_7
ASSEMBLY          = PROJECT.USERDEFINED.PROJECT_USERFIELD_7
BOLT              = PROJECT.USERDEFINED.PROJECT_USERFIELD_7
CAST_UNIT         = PROJECT.USERDEFINED.PROJECT_USERFIELD_7
CONNECTION        = PROJECT.USERDEFINED.PROJECT_USERFIELD_7
DRAWING           = PROJECT.USERDEFINED.PROJECT_USERFIELD_7
FOOTER            = PROJECT.USERDEFINED.PROJECT_USERFIELD_7
HEADER            = PROJECT.USERDEFINED.PROJECT_USERFIELD_7
HOLE              = PROJECT.USERDEFINED.PROJECT_USERFIELD_7
MESH              = PROJECT.USERDEFINED.PROJECT_USERFIELD_7
NUT               = PROJECT.USERDEFINED.PROJECT_USERFIELD_7
PAGEFOOTER        = PROJECT.USERDEFINED.PROJECT_USERFIELD_7
PAGEHEADER        = PROJECT.USERDEFINED.PROJECT_USERFIELD_7
PART              = PROJECT.USERDEFINED.PROJECT_USERFIELD_7
POUR_BREAK        = PROJECT.USERDEFINED.PROJECT_USERFIELD_7
POUR_OBJECT       = PROJECT.USERDEFINED.PROJECT_USERFIELD_7
REBAR             = PROJECT.USERDEFINED.PROJECT_USERFIELD_7
SIMILAR_ASSEMBLY  = PROJECT.USERDEFINED.PROJECT_USERFIELD_7
SIMILAR_CAST_UNIT = PROJECT.USERDEFINED.PROJECT_USERFIELD_7
SIMILAR_PART      = PROJECT.USERDEFINED.PROJECT_USERFIELD_7
STUD              = PROJECT.USERDEFINED.PROJECT_USERFIELD_7
SURFACING         = PROJECT.USERDEFINED.PROJECT_USERFIELD_7
WASHER            = PROJECT.USERDEFINED.PROJECT_USERFIELD_7
WELD              = PROJECT.USERDEFINED.PROJECT_USERFIELD_7
REFERENCE_MODEL   = PROJECT.USERDEFINED.PROJECT_USERFIELD_7
REFERENCE_OBJECT  = PROJECT.USERDEFINED.PROJECT_USERFIELD_7
REFERENCE_ASSEMBLY = PROJECT.USERDEFINED.PROJECT_USERFIELD_7

PROJECT           =         USERDEFINED.PROJECT_USERFIELD_8
ASSEMBLY          = PROJECT.USERDEFINED.PROJECT_USERFIELD_8
BOLT              = PROJECT.USERDEFINED.PROJECT_USERFIELD_8
CAST_UNIT         = PROJECT.USERDEFINED.PROJECT_USERFIELD_8
CONNECTION        = PROJECT.USERDEFINED.PROJECT_USERFIELD_8
DRAWING           = PROJECT.USERDEFINED.PROJECT_USERFIELD_8
FOOTER            = PROJECT.USERDEFINED.PROJECT_USERFIELD_8
HEADER            = PROJECT.USERDEFINED.PROJECT_USERFIELD_8
HOLE              = PROJECT.USERDEFINED.PROJECT_USERFIELD_8
MESH              = PROJECT.USERDEFINED.PROJECT_USERFIELD_8
NUT               = PROJECT.USERDEFINED.PROJECT_USERFIELD_8
PAGEFOOTER        = PROJECT.USERDEFINED.PROJECT_USERFIELD_8
PAGEHEADER        = PROJECT.USERDEFINED.PROJECT_USERFIELD_8
POUR_BREAK        = PROJECT.USERDEFINED.PROJECT_USERFIELD_8
POUR_OBJECT       = PROJECT.USERDEFINED.PROJECT_USERFIELD_8
PART              = PROJECT.USERDEFINED.PROJECT_USERFIELD_8
REBAR             = PROJECT.USERDEFINED.PROJECT_USERFIELD_8
SIMILAR_ASSEMBLY  = PROJECT.USERDEFINED.PROJECT_USERFIELD_8
SIMILAR_CAST_UNIT = PROJECT.USERDEFINED.PROJECT_USERFIELD_8
SIMILAR_PART      = PROJECT.USERDEFINED.PROJECT_USERFIELD_8
STUD              = PROJECT.USERDEFINED.PROJECT_USERFIELD_8
SURFACING         = PROJECT.USERDEFINED.PROJECT_USERFIELD_8
WASHER            = PROJECT.USERDEFINED.PROJECT_USERFIELD_8
WELD              = PROJECT.USERDEFINED.PROJECT_USERFIELD_8
REFERENCE_MODEL   = PROJECT.USERDEFINED.PROJECT_USERFIELD_8
REFERENCE_OBJECT  = PROJECT.USERDEFINED.PROJECT_USERFIELD_8
REFERENCE_ASSEMBLY = PROJECT.USERDEFINED.PROJECT_USERFIELD_8

// =========================================
//   Drawing attributes
//   ------------------
//   tab_page("DR_Parameters")
// =========================================
DRAWING           =         USERDEFINED.comment
ASSEMBLY          = DRAWING.USERDEFINED.comment
CAST_UNIT         = DRAWING.USERDEFINED.comment
FOOTER            = DRAWING.USERDEFINED.comment
HEADER            = DRAWING.USERDEFINED.comment
PAGEFOOTER        = DRAWING.USERDEFINED.comment
PAGEHEADER        = DRAWING.USERDEFINED.comment
PART              = DRAWING.USERDEFINED.comment
SIMILAR_ASSEMBLY  = DRAWING.USERDEFINED.comment
SIMILAR_CAST_UNIT = DRAWING.USERDEFINED.comment
SIMILAR_PART      = DRAWING.USERDEFINED.comment

DRAWING           =         USERDEFINED.DRAWING_USERFIELD_1
ASSEMBLY          = DRAWING.USERDEFINED.DRAWING_USERFIELD_1
CAST_UNIT         = DRAWING.USERDEFINED.DRAWING_USERFIELD_1
FOOTER            = DRAWING.USERDEFINED.DRAWING_USERFIELD_1
HEADER            = DRAWING.USERDEFINED.DRAWING_USERFIELD_1
PAGEFOOTER        = DRAWING.USERDEFINED.DRAWING_USERFIELD_1
PAGEHEADER        = DRAWING.USERDEFINED.DRAWING_USERFIELD_1
PART              = DRAWING.USERDEFINED.DRAWING_USERFIELD_1
SIMILAR_ASSEMBLY  = DRAWING.USERDEFINED.DRAWING_USERFIELD_1
SIMILAR_CAST_UNIT = DRAWING.USERDEFINED.DRAWING_USERFIELD_1
SIMILAR_PART      = DRAWING.USERDEFINED.DRAWING_USERFIELD_1

DRAWING           =         USERDEFINED.DRAWING_USERFIELD_2
ASSEMBLY          = DRAWING.USERDEFINED.DRAWING_USERFIELD_2
CAST_UNIT         = DRAWING.USERDEFINED.DRAWING_USERFIELD_2
FOOTER            = DRAWING.USERDEFINED.DRAWING_USERFIELD_2
HEADER            = DRAWING.USERDEFINED.DRAWING_USERFIELD_2
PAGEFOOTER        = DRAWING.USERDEFINED.DRAWING_USERFIELD_2
PAGEHEADER        = DRAWING.USERDEFINED.DRAWING_USERFIELD_2
PART              = DRAWING.USERDEFINED.DRAWING_USERFIELD_2
SIMILAR_ASSEMBLY  = DRAWING.USERDEFINED.DRAWING_USERFIELD_2
SIMILAR_CAST_UNIT = DRAWING.USERDEFINED.DRAWING_USERFIELD_2
SIMILAR_PART      = DRAWING.USERDEFINED.DRAWING_USERFIELD_2

DRAWING           =         USERDEFINED.DRAWING_USERFIELD_3
ASSEMBLY          = DRAWING.USERDEFINED.DRAWING_USERFIELD_3
CAST_UNIT         = DRAWING.USERDEFINED.DRAWING_USERFIELD_3
FOOTER            = DRAWING.USERDEFINED.DRAWING_USERFIELD_3
HEADER            = DRAWING.USERDEFINED.DRAWING_USERFIELD_3
PAGEFOOTER        = DRAWING.USERDEFINED.DRAWING_USERFIELD_3
PAGEHEADER        = DRAWING.USERDEFINED.DRAWING_USERFIELD_3
PART              = DRAWING.USERDEFINED.DRAWING_USERFIELD_3
SIMILAR_ASSEMBLY  = DRAWING.USERDEFINED.DRAWING_USERFIELD_3
SIMILAR_CAST_UNIT = DRAWING.USERDEFINED.DRAWING_USERFIELD_3
SIMILAR_PART      = DRAWING.USERDEFINED.DRAWING_USERFIELD_3

DRAWING           =         USERDEFINED.DRAWING_USERFIELD_4
ASSEMBLY          = DRAWING.USERDEFINED.DRAWING_USERFIELD_4
CAST_UNIT         = DRAWING.USERDEFINED.DRAWING_USERFIELD_4
FOOTER            = DRAWING.USERDEFINED.DRAWING_USERFIELD_4
HEADER            = DRAWING.USERDEFINED.DRAWING_USERFIELD_4
PAGEFOOTER        = DRAWING.USERDEFINED.DRAWING_USERFIELD_4
PAGEHEADER        = DRAWING.USERDEFINED.DRAWING_USERFIELD_4
PART              = DRAWING.USERDEFINED.DRAWING_USERFIELD_4
SIMILAR_ASSEMBLY  = DRAWING.USERDEFINED.DRAWING_USERFIELD_4
SIMILAR_CAST_UNIT = DRAWING.USERDEFINED.DRAWING_USERFIELD_4
SIMILAR_PART      = DRAWING.USERDEFINED.DRAWING_USERFIELD_4

DRAWING           =         USERDEFINED.DRAWING_USERFIELD_5
ASSEMBLY          = DRAWING.USERDEFINED.DRAWING_USERFIELD_5
CAST_UNIT         = DRAWING.USERDEFINED.DRAWING_USERFIELD_5
FOOTER            = DRAWING.USERDEFINED.DRAWING_USERFIELD_5
HEADER            = DRAWING.USERDEFINED.DRAWING_USERFIELD_5
PAGEFOOTER        = DRAWING.USERDEFINED.DRAWING_USERFIELD_5
PAGEHEADER        = DRAWING.USERDEFINED.DRAWING_USERFIELD_5
PART              = DRAWING.USERDEFINED.DRAWING_USERFIELD_5
SIMILAR_ASSEMBLY  = DRAWING.USERDEFINED.DRAWING_USERFIELD_5
SIMILAR_CAST_UNIT = DRAWING.USERDEFINED.DRAWING_USERFIELD_5
SIMILAR_PART      = DRAWING.USERDEFINED.DRAWING_USERFIELD_5

DRAWING           =         USERDEFINED.DRAWING_USERFIELD_6
ASSEMBLY          = DRAWING.USERDEFINED.DRAWING_USERFIELD_6
CAST_UNIT         = DRAWING.USERDEFINED.DRAWING_USERFIELD_6
FOOTER            = DRAWING.USERDEFINED.DRAWING_USERFIELD_6
HEADER            = DRAWING.USERDEFINED.DRAWING_USERFIELD_6
PAGEFOOTER        = DRAWING.USERDEFINED.DRAWING_USERFIELD_6
PAGEHEADER        = DRAWING.USERDEFINED.DRAWING_USERFIELD_6
PART              = DRAWING.USERDEFINED.DRAWING_USERFIELD_6
SIMILAR_ASSEMBLY  = DRAWING.USERDEFINED.DRAWING_USERFIELD_6
SIMILAR_CAST_UNIT = DRAWING.USERDEFINED.DRAWING_USERFIELD_6
SIMILAR_PART      = DRAWING.USERDEFINED.DRAWING_USERFIELD_6

DRAWING           =         USERDEFINED.DRAWING_USERFIELD_7
ASSEMBLY          = DRAWING.USERDEFINED.DRAWING_USERFIELD_7
CAST_UNIT         = DRAWING.USERDEFINED.DRAWING_USERFIELD_7
FOOTER            = DRAWING.USERDEFINED.DRAWING_USERFIELD_7
HEADER            = DRAWING.USERDEFINED.DRAWING_USERFIELD_7
PAGEFOOTER        = DRAWING.USERDEFINED.DRAWING_USERFIELD_7
PAGEHEADER        = DRAWING.USERDEFINED.DRAWING_USERFIELD_7
PART              = DRAWING.USERDEFINED.DRAWING_USERFIELD_7
SIMILAR_ASSEMBLY  = DRAWING.USERDEFINED.DRAWING_USERFIELD_7
SIMILAR_CAST_UNIT = DRAWING.USERDEFINED.DRAWING_USERFIELD_7
SIMILAR_PART      = DRAWING.USERDEFINED.DRAWING_USERFIELD_7

DRAWING           =         USERDEFINED.DRAWING_USERFIELD_8
ASSEMBLY          = DRAWING.USERDEFINED.DRAWING_USERFIELD_8
CAST_UNIT         = DRAWING.USERDEFINED.DRAWING_USERFIELD_8
FOOTER            = DRAWING.USERDEFINED.DRAWING_USERFIELD_8
HEADER            = DRAWING.USERDEFINED.DRAWING_USERFIELD_8
PAGEFOOTER        = DRAWING.USERDEFINED.DRAWING_USERFIELD_8
PAGEHEADER        = DRAWING.USERDEFINED.DRAWING_USERFIELD_8
PART              = DRAWING.USERDEFINED.DRAWING_USERFIELD_8
SIMILAR_ASSEMBLY  = DRAWING.USERDEFINED.DRAWING_USERFIELD_8
SIMILAR_CAST_UNIT = DRAWING.USERDEFINED.DRAWING_USERFIELD_8
SIMILAR_PART      = DRAWING.USERDEFINED.DRAWING_USERFIELD_8

// ================================================
//   Part attributes
//   ---------------
//   tab_page("Parameters")
//   tab_page("STATUS")
//   tab_page("Endcodes")
//   tab_page("AnalysisBeamAndColumn")   ->Analysis
//   tab_page("AnalysisBeamAndColumn2")  ->Analysis
//   tab_page("AnalysisPlates")          ->Analysis
//   tab_page("AnalysisWalls")           ->Analysis
//   tab_page("IFCparameters")
//   tab_page("TAB_WORKFLOW")
// ================================================
PART              =                    USERDEFINED.[Parameters].OBJECT_LOCKED
PART              =  ASSEMBLY.MAINPART.USERDEFINED.[Parameters].OBJECT_LOCKED
PART              = CAST_UNIT.MAINPART.USERDEFINED.[Parameters].OBJECT_LOCKED
ASSEMBLY          =           MAINPART.USERDEFINED.[Parameters].OBJECT_LOCKED
CAST_UNIT         =           MAINPART.USERDEFINED.[Parameters].OBJECT_LOCKED
CONNECTION        =            PRIMARY.USERDEFINED.[Parameters].OBJECT_LOCKED
CONNECTION        =        SECONDARY_1.USERDEFINED.[Parameters].OBJECT_LOCKED
CONNECTION        =        SECONDARY_2.USERDEFINED.[Parameters].OBJECT_LOCKED
CONNECTION        =        SECONDARY_3.USERDEFINED.[Parameters].OBJECT_LOCKED
CONNECTION        =        SECONDARY_4.USERDEFINED.[Parameters].OBJECT_LOCKED
CONNECTION        =        SECONDARY_5.USERDEFINED.[Parameters].OBJECT_LOCKED
CONNECTION        =        SECONDARY_6.USERDEFINED.[Parameters].OBJECT_LOCKED
CONNECTION        =        SECONDARY_7.USERDEFINED.[Parameters].OBJECT_LOCKED
CONNECTION        =        SECONDARY_8.USERDEFINED.[Parameters].OBJECT_LOCKED
CONNECTION        =        SECONDARY_9.USERDEFINED.[Parameters].OBJECT_LOCKED
CONNECTION        =       SECONDARY_10.USERDEFINED.[Parameters].OBJECT_LOCKED
SIMILAR_PART      =                    USERDEFINED.[Parameters].OBJECT_LOCKED
SIMILAR_PART      =  ASSEMBLY.MAINPART.USERDEFINED.[Parameters].OBJECT_LOCKED
SIMILAR_PART      = CAST_UNIT.MAINPART.USERDEFINED.[Parameters].OBJECT_LOCKED
SIMILAR_ASSEMBLY  =           MAINPART.USERDEFINED.[Parameters].OBJECT_LOCKED
SIMILAR_CAST_UNIT =           MAINPART.USERDEFINED.[Parameters].OBJECT_LOCKED
DRAWING           =           MAINPART.USERDEFINED.[Parameters].OBJECT_LOCKED

PART              =                    USERDEFINED.[Parameters].comment
PART              =  ASSEMBLY.MAINPART.USERDEFINED.[Parameters].comment
PART              = CAST_UNIT.MAINPART.USERDEFINED.[Parameters].comment
ASSEMBLY          =		       USERDEFINED.[Parameters].comment
ASSEMBLY          =           MAINPART.USERDEFINED.[Parameters].comment
CAST_UNIT         =		       USERDEFINED.[Parameters].comment
CAST_UNIT         =           MAINPART.USERDEFINED.[Parameters].comment
POUR_OBJECT	  =                    USERDEFINED.[Parameters].comment
POUR_BREAK        =                    USERDEFINED.[Parameters].comment
CONNECTION        =            PRIMARY.USERDEFINED.[Parameters].comment
CONNECTION        =        SECONDARY_1.USERDEFINED.[Parameters].comment
CONNECTION        =        SECONDARY_2.USERDEFINED.[Parameters].comment
CONNECTION        =        SECONDARY_3.USERDEFINED.[Parameters].comment
CONNECTION        =        SECONDARY_4.USERDEFINED.[Parameters].comment
CONNECTION        =        SECONDARY_5.USERDEFINED.[Parameters].comment
CONNECTION        =        SECONDARY_6.USERDEFINED.[Parameters].comment
CONNECTION        =        SECONDARY_7.USERDEFINED.[Parameters].comment
CONNECTION        =        SECONDARY_8.USERDEFINED.[Parameters].comment
CONNECTION        =        SECONDARY_9.USERDEFINED.[Parameters].comment
CONNECTION        =       SECONDARY_10.USERDEFINED.[Parameters].comment
SIMILAR_PART      =                    USERDEFINED.[Parameters].comment
SIMILAR_PART      =  ASSEMBLY.MAINPART.USERDEFINED.[Parameters].comment
SIMILAR_PART      = CAST_UNIT.MAINPART.USERDEFINED.[Parameters].comment
SIMILAR_ASSEMBLY  =		       USERDEFINED.[Parameters].comment
SIMILAR_ASSEMBLY  =           MAINPART.USERDEFINED.[Parameters].comment
SIMILAR_CAST_UNIT =		       USERDEFINED.[Parameters].comment
SIMILAR_CAST_UNIT =           MAINPART.USERDEFINED.[Parameters].comment
DRAWING		  =           MAINPART.USERDEFINED.[Parameters].comment

PART              =                    USERDEFINED.[Parameters].xs_shorten	"Shorten"
PART              =  ASSEMBLY.MAINPART.USERDEFINED.[Parameters].xs_shorten	"Shorten"
PART              = CAST_UNIT.MAINPART.USERDEFINED.[Parameters].xs_shorten	"Shorten"
ASSEMBLY          =           MAINPART.USERDEFINED.[Parameters].xs_shorten	"Shorten"
CAST_UNIT         =           MAINPART.USERDEFINED.[Parameters].xs_shorten	"Shorten"
CONNECTION        =            PRIMARY.USERDEFINED.[Parameters].xs_shorten	"Shorten"
CONNECTION        =        SECONDARY_1.USERDEFINED.[Parameters].xs_shorten	"Shorten"
CONNECTION        =        SECONDARY_2.USERDEFINED.[Parameters].xs_shorten	"Shorten"
CONNECTION        =        SECONDARY_3.USERDEFINED.[Parameters].xs_shorten	"Shorten"
CONNECTION        =        SECONDARY_4.USERDEFINED.[Parameters].xs_shorten	"Shorten"
CONNECTION        =        SECONDARY_5.USERDEFINED.[Parameters].xs_shorten	"Shorten"
CONNECTION        =        SECONDARY_6.USERDEFINED.[Parameters].xs_shorten	"Shorten"
CONNECTION        =        SECONDARY_7.USERDEFINED.[Parameters].xs_shorten	"Shorten"
CONNECTION        =        SECONDARY_8.USERDEFINED.[Parameters].xs_shorten	"Shorten"
CONNECTION        =        SECONDARY_9.USERDEFINED.[Parameters].xs_shorten	"Shorten"
CONNECTION        =       SECONDARY_10.USERDEFINED.[Parameters].xs_shorten	"Shorten"
SIMILAR_PART      =                    USERDEFINED.[Parameters].xs_shorten	"Shorten"
SIMILAR_PART      =  ASSEMBLY.MAINPART.USERDEFINED.[Parameters].xs_shorten	"Shorten"
SIMILAR_PART      = CAST_UNIT.MAINPART.USERDEFINED.[Parameters].xs_shorten	"Shorten"
SIMILAR_ASSEMBLY  =           MAINPART.USERDEFINED.[Parameters].xs_shorten	"Shorten"
SIMILAR_CAST_UNIT =           MAINPART.USERDEFINED.[Parameters].xs_shorten	"Shorten"
DRAWING 	  =           MAINPART.USERDEFINED.[Parameters].xs_shorten	"Shorten"

PART              =                    USERDEFINED.[Parameters].cambering	"Camber"
PART              =  ASSEMBLY.MAINPART.USERDEFINED.[Parameters].cambering	"Camber"
PART              = CAST_UNIT.MAINPART.USERDEFINED.[Parameters].cambering	"Camber"
ASSEMBLY          =           MAINPART.USERDEFINED.[Parameters].cambering	"Camber"
CAST_UNIT         =           MAINPART.USERDEFINED.[Parameters].cambering	"Camber"
CONNECTION        =            PRIMARY.USERDEFINED.[Parameters].cambering	"Camber"
CONNECTION        =        SECONDARY_1.USERDEFINED.[Parameters].cambering	"Camber"
CONNECTION        =        SECONDARY_2.USERDEFINED.[Parameters].cambering	"Camber"
CONNECTION        =        SECONDARY_3.USERDEFINED.[Parameters].cambering	"Camber"
CONNECTION        =        SECONDARY_4.USERDEFINED.[Parameters].cambering	"Camber"
CONNECTION        =        SECONDARY_5.USERDEFINED.[Parameters].cambering	"Camber"
CONNECTION        =        SECONDARY_6.USERDEFINED.[Parameters].cambering	"Camber"
CONNECTION        =        SECONDARY_7.USERDEFINED.[Parameters].cambering	"Camber"
CONNECTION        =        SECONDARY_8.USERDEFINED.[Parameters].cambering	"Camber"
CONNECTION        =        SECONDARY_9.USERDEFINED.[Parameters].cambering	"Camber"
CONNECTION        =       SECONDARY_10.USERDEFINED.[Parameters].cambering	"Camber"
SIMILAR_PART      =                    USERDEFINED.[Parameters].cambering	"Camber"
SIMILAR_PART      =  ASSEMBLY.MAINPART.USERDEFINED.[Parameters].cambering	"Camber"
SIMILAR_PART      = CAST_UNIT.MAINPART.USERDEFINED.[Parameters].cambering	"Camber"
SIMILAR_ASSEMBLY  =           MAINPART.USERDEFINED.[Parameters].cambering	"Camber"
SIMILAR_CAST_UNIT =           MAINPART.USERDEFINED.[Parameters].cambering	"Camber"
DRAWING  	  =           MAINPART.USERDEFINED.[Parameters].cambering	"Camber"

PART              =                    USERDEFINED.[Parameters].PRELIM_MARK	"Preliminary Mark"
PART              =  ASSEMBLY.MAINPART.USERDEFINED.[Parameters].PRELIM_MARK	"Preliminary Mark"
PART              = CAST_UNIT.MAINPART.USERDEFINED.[Parameters].PRELIM_MARK	"Preliminary Mark"
ASSEMBLY          =           MAINPART.USERDEFINED.[Parameters].PRELIM_MARK	"Preliminary Mark"
CAST_UNIT         =           MAINPART.USERDEFINED.[Parameters].PRELIM_MARK	"Preliminary Mark"
CONNECTION        =            PRIMARY.USERDEFINED.[Parameters].PRELIM_MARK	"Preliminary Mark"
CONNECTION        =        SECONDARY_1.USERDEFINED.[Parameters].PRELIM_MARK	"Preliminary Mark"
CONNECTION        =        SECONDARY_2.USERDEFINED.[Parameters].PRELIM_MARK	"Preliminary Mark"
CONNECTION        =        SECONDARY_3.USERDEFINED.[Parameters].PRELIM_MARK	"Preliminary Mark"
CONNECTION        =        SECONDARY_4.USERDEFINED.[Parameters].PRELIM_MARK	"Preliminary Mark"
CONNECTION        =        SECONDARY_5.USERDEFINED.[Parameters].PRELIM_MARK	"Preliminary Mark"
CONNECTION        =        SECONDARY_6.USERDEFINED.[Parameters].PRELIM_MARK	"Preliminary Mark"
CONNECTION        =        SECONDARY_7.USERDEFINED.[Parameters].PRELIM_MARK	"Preliminary Mark"
CONNECTION        =        SECONDARY_8.USERDEFINED.[Parameters].PRELIM_MARK	"Preliminary Mark"
CONNECTION        =        SECONDARY_9.USERDEFINED.[Parameters].PRELIM_MARK	"Preliminary Mark"
CONNECTION        =       SECONDARY_10.USERDEFINED.[Parameters].PRELIM_MARK	"Preliminary Mark"
SIMILAR_PART      =                    USERDEFINED.[Parameters].PRELIM_MARK	"Preliminary Mark"
SIMILAR_PART      =  ASSEMBLY.MAINPART.USERDEFINED.[Parameters].PRELIM_MARK	"Preliminary Mark"
SIMILAR_PART      = CAST_UNIT.MAINPART.USERDEFINED.[Parameters].PRELIM_MARK	"Preliminary Mark"
SIMILAR_ASSEMBLY  =           MAINPART.USERDEFINED.[Parameters].PRELIM_MARK	"Preliminary Mark"
SIMILAR_CAST_UNIT =           MAINPART.USERDEFINED.[Parameters].PRELIM_MARK	"Preliminary Mark"
DRAWING   	  =           MAINPART.USERDEFINED.[Parameters].PRELIM_MARK	"Preliminary Mark"

PART              =                    USERDEFINED.[Parameters].fabricator
PART              =  ASSEMBLY.MAINPART.USERDEFINED.[Parameters].fabricator
PART              = CAST_UNIT.MAINPART.USERDEFINED.[Parameters].fabricator
ASSEMBLY          =           MAINPART.USERDEFINED.[Parameters].fabricator
CAST_UNIT         =           MAINPART.USERDEFINED.[Parameters].fabricator
SIMILAR_PART      =                    USERDEFINED.[Parameters].fabricator
SIMILAR_PART      =  ASSEMBLY.MAINPART.USERDEFINED.[Parameters].fabricator
SIMILAR_PART      = CAST_UNIT.MAINPART.USERDEFINED.[Parameters].fabricator
SIMILAR_ASSEMBLY  =           MAINPART.USERDEFINED.[Parameters].fabricator
SIMILAR_CAST_UNIT =           MAINPART.USERDEFINED.[Parameters].fabricator


PART              =                    USERDEFINED.[Parameters].USER_FIELD_1	"User field 1"
PART              =  ASSEMBLY.MAINPART.USERDEFINED.[Parameters].USER_FIELD_1	"User field 1"
PART              = CAST_UNIT.MAINPART.USERDEFINED.[Parameters].USER_FIELD_1	"User field 1"
ASSEMBLY          =		       USERDEFINED.[Parameters].USER_FIELD_1	"User field 1"
ASSEMBLY          =           MAINPART.USERDEFINED.[Parameters].USER_FIELD_1	"User field 1"
CAST_UNIT         =		       USERDEFINED.[Parameters].USER_FIELD_1	"User field 1"
CAST_UNIT         =           MAINPART.USERDEFINED.[Parameters].USER_FIELD_1	"User field 1"
POUR_OBJECT       =                    USERDEFINED.[Parameters].USER_FIELD_1	"User field 1"
POUR_BREAK        =                    USERDEFINED.[Parameters].USER_FIELD_1	"User field 1"
CONNECTION        =            PRIMARY.USERDEFINED.[Parameters].USER_FIELD_1	"User field 1"
CONNECTION        =        SECONDARY_1.USERDEFINED.[Parameters].USER_FIELD_1	"User field 1"
CONNECTION        =        SECONDARY_2.USERDEFINED.[Parameters].USER_FIELD_1	"User field 1"
CONNECTION        =        SECONDARY_3.USERDEFINED.[Parameters].USER_FIELD_1	"User field 1"
CONNECTION        =        SECONDARY_4.USERDEFINED.[Parameters].USER_FIELD_1	"User field 1"
CONNECTION        =        SECONDARY_5.USERDEFINED.[Parameters].USER_FIELD_1	"User field 1"
CONNECTION        =        SECONDARY_6.USERDEFINED.[Parameters].USER_FIELD_1	"User field 1"
CONNECTION        =        SECONDARY_7.USERDEFINED.[Parameters].USER_FIELD_1	"User field 1"
CONNECTION        =        SECONDARY_8.USERDEFINED.[Parameters].USER_FIELD_1	"User field 1"
CONNECTION        =        SECONDARY_9.USERDEFINED.[Parameters].USER_FIELD_1	"User field 1"
CONNECTION        =       SECONDARY_10.USERDEFINED.[Parameters].USER_FIELD_1	"User field 1"
SIMILAR_PART      =                    USERDEFINED.[Parameters].USER_FIELD_1	"User field 1"
SIMILAR_PART      =  ASSEMBLY.MAINPART.USERDEFINED.[Parameters].USER_FIELD_1	"User field 1"
SIMILAR_PART      = CAST_UNIT.MAINPART.USERDEFINED.[Parameters].USER_FIELD_1	"User field 1"
SIMILAR_ASSEMBLY  =		       USERDEFINED.[Parameters].USER_FIELD_1	"User field 1"
SIMILAR_ASSEMBLY  =           MAINPART.USERDEFINED.[Parameters].USER_FIELD_1	"User field 1"
SIMILAR_CAST_UNIT =		       USERDEFINED.[Parameters].USER_FIELD_1	"User field 1"
SIMILAR_CAST_UNIT =           MAINPART.USERDEFINED.[Parameters].USER_FIELD_1	"User field 1"
DRAWING		  =           MAINPART.USERDEFINED.[Parameters].USER_FIELD_1	"User field 1"

PART              =                    USERDEFINED.[Parameters].USER_FIELD_2	"User field 2"
PART              =  ASSEMBLY.MAINPART.USERDEFINED.[Parameters].USER_FIELD_2	"User field 2"
PART              = CAST_UNIT.MAINPART.USERDEFINED.[Parameters].USER_FIELD_2	"User field 2"
ASSEMBLY          =		       USERDEFINED.[Parameters].USER_FIELD_2	"User field 2"
ASSEMBLY          =           MAINPART.USERDEFINED.[Parameters].USER_FIELD_2	"User field 2"
CAST_UNIT         =		       USERDEFINED.[Parameters].USER_FIELD_2	"User field 2"
CAST_UNIT         =           MAINPART.USERDEFINED.[Parameters].USER_FIELD_2	"User field 2"
POUR_OBJECT       =                    USERDEFINED.[Parameters].USER_FIELD_2	"User field 2"
POUR_BREAK        =                    USERDEFINED.[Parameters].USER_FIELD_2	"User field 2"
CONNECTION        =            PRIMARY.USERDEFINED.[Parameters].USER_FIELD_2	"User field 2"
CONNECTION        =        SECONDARY_1.USERDEFINED.[Parameters].USER_FIELD_2	"User field 2"
CONNECTION        =        SECONDARY_2.USERDEFINED.[Parameters].USER_FIELD_2	"User field 2"
CONNECTION        =        SECONDARY_3.USERDEFINED.[Parameters].USER_FIELD_2	"User field 2"
CONNECTION        =        SECONDARY_4.USERDEFINED.[Parameters].USER_FIELD_2	"User field 2"
CONNECTION        =        SECONDARY_5.USERDEFINED.[Parameters].USER_FIELD_2	"User field 2"
CONNECTION        =        SECONDARY_6.USERDEFINED.[Parameters].USER_FIELD_2	"User field 2"
CONNECTION        =        SECONDARY_7.USERDEFINED.[Parameters].USER_FIELD_2	"User field 2"
CONNECTION        =        SECONDARY_8.USERDEFINED.[Parameters].USER_FIELD_2	"User field 2"
CONNECTION        =        SECONDARY_9.USERDEFINED.[Parameters].USER_FIELD_2	"User field 2"
CONNECTION        =       SECONDARY_10.USERDEFINED.[Parameters].USER_FIELD_2	"User field 2"
SIMILAR_PART      =                    USERDEFINED.[Parameters].USER_FIELD_2	"User field 2"
SIMILAR_PART      =  ASSEMBLY.MAINPART.USERDEFINED.[Parameters].USER_FIELD_2	"User field 2"
SIMILAR_PART      = CAST_UNIT.MAINPART.USERDEFINED.[Parameters].USER_FIELD_2	"User field 2"
SIMILAR_ASSEMBLY  =		       USERDEFINED.[Parameters].USER_FIELD_2	"User field 2"
SIMILAR_ASSEMBLY  =           MAINPART.USERDEFINED.[Parameters].USER_FIELD_2	"User field 2"
SIMILAR_CAST_UNIT =		       USERDEFINED.[Parameters].USER_FIELD_2	"User field 2"
SIMILAR_CAST_UNIT =           MAINPART.USERDEFINED.[Parameters].USER_FIELD_2	"User field 2"
DRAWING		  =           MAINPART.USERDEFINED.[Parameters].USER_FIELD_2	"User field 2"

PART              =                    USERDEFINED.[Parameters].USER_FIELD_3	"User field 3"
PART              =  ASSEMBLY.MAINPART.USERDEFINED.[Parameters].USER_FIELD_3	"User field 3"
PART              = CAST_UNIT.MAINPART.USERDEFINED.[Parameters].USER_FIELD_3	"User field 3"
ASSEMBLY          =		       USERDEFINED.[Parameters].USER_FIELD_3	"User field 3"
ASSEMBLY          =           MAINPART.USERDEFINED.[Parameters].USER_FIELD_3	"User field 3"
CAST_UNIT         =		       USERDEFINED.[Parameters].USER_FIELD_3	"User field 3"
CAST_UNIT         =           MAINPART.USERDEFINED.[Parameters].USER_FIELD_3	"User field 3"
POUR_OBJECT       =                    USERDEFINED.[Parameters].USER_FIELD_3	"User field 3"
POUR_BREAK        =                    USERDEFINED.[Parameters].USER_FIELD_3	"User field 3"
CONNECTION        =            PRIMARY.USERDEFINED.[Parameters].USER_FIELD_3	"User field 3"
CONNECTION        =        SECONDARY_1.USERDEFINED.[Parameters].USER_FIELD_3	"User field 3"
CONNECTION        =        SECONDARY_2.USERDEFINED.[Parameters].USER_FIELD_3	"User field 3"
CONNECTION        =        SECONDARY_3.USERDEFINED.[Parameters].USER_FIELD_3	"User field 3"
CONNECTION        =        SECONDARY_4.USERDEFINED.[Parameters].USER_FIELD_3	"User field 3"
CONNECTION        =        SECONDARY_5.USERDEFINED.[Parameters].USER_FIELD_3	"User field 3"
CONNECTION        =        SECONDARY_6.USERDEFINED.[Parameters].USER_FIELD_3	"User field 3"
CONNECTION        =        SECONDARY_7.USERDEFINED.[Parameters].USER_FIELD_3	"User field 3"
CONNECTION        =        SECONDARY_8.USERDEFINED.[Parameters].USER_FIELD_3	"User field 3"
CONNECTION        =        SECONDARY_9.USERDEFINED.[Parameters].USER_FIELD_3	"User field 3"
CONNECTION        =       SECONDARY_10.USERDEFINED.[Parameters].USER_FIELD_3	"User field 3"
SIMILAR_PART      =                    USERDEFINED.[Parameters].USER_FIELD_3	"User field 3"
SIMILAR_PART      =  ASSEMBLY.MAINPART.USERDEFINED.[Parameters].USER_FIELD_3	"User field 3"
SIMILAR_PART      = CAST_UNIT.MAINPART.USERDEFINED.[Parameters].USER_FIELD_3	"User field 3"
SIMILAR_ASSEMBLY  =		       USERDEFINED.[Parameters].USER_FIELD_3	"User field 3"
SIMILAR_ASSEMBLY  =           MAINPART.USERDEFINED.[Parameters].USER_FIELD_3	"User field 3"
SIMILAR_CAST_UNIT =		       USERDEFINED.[Parameters].USER_FIELD_3	"User field 3"
SIMILAR_CAST_UNIT =           MAINPART.USERDEFINED.[Parameters].USER_FIELD_3	"User field 3"
DRAWING		  =           MAINPART.USERDEFINED.[Parameters].USER_FIELD_3	"User field 3"

PART              =                    USERDEFINED.[Parameters].USER_FIELD_4	"User field 4"
PART              =  ASSEMBLY.MAINPART.USERDEFINED.[Parameters].USER_FIELD_4	"User field 4"
PART              = CAST_UNIT.MAINPART.USERDEFINED.[Parameters].USER_FIELD_4	"User field 4"
ASSEMBLY          =		       USERDEFINED.[Parameters].USER_FIELD_4	"User field 4"
ASSEMBLY          =           MAINPART.USERDEFINED.[Parameters].USER_FIELD_4	"User field 4"
CAST_UNIT         =		       USERDEFINED.[Parameters].USER_FIELD_4	"User field 4"
CAST_UNIT         =           MAINPART.USERDEFINED.[Parameters].USER_FIELD_4	"User field 4"
POUR_OBJECT       =                    USERDEFINED.[Parameters].USER_FIELD_4	"User field 4"
POUR_BREAK        =                    USERDEFINED.[Parameters].USER_FIELD_4	"User field 4"
CONNECTION        =            PRIMARY.USERDEFINED.[Parameters].USER_FIELD_4	"User field 4"
CONNECTION        =        SECONDARY_1.USERDEFINED.[Parameters].USER_FIELD_4	"User field 4"
CONNECTION        =        SECONDARY_2.USERDEFINED.[Parameters].USER_FIELD_4	"User field 4"
CONNECTION        =        SECONDARY_3.USERDEFINED.[Parameters].USER_FIELD_4	"User field 4"
CONNECTION        =        SECONDARY_4.USERDEFINED.[Parameters].USER_FIELD_4	"User field 4"
CONNECTION        =        SECONDARY_5.USERDEFINED.[Parameters].USER_FIELD_4	"User field 4"
CONNECTION        =        SECONDARY_6.USERDEFINED.[Parameters].USER_FIELD_4	"User field 4"
CONNECTION        =        SECONDARY_7.USERDEFINED.[Parameters].USER_FIELD_4	"User field 4"
CONNECTION        =        SECONDARY_8.USERDEFINED.[Parameters].USER_FIELD_4	"User field 4"
CONNECTION        =        SECONDARY_9.USERDEFINED.[Parameters].USER_FIELD_4	"User field 4"
CONNECTION        =       SECONDARY_10.USERDEFINED.[Parameters].USER_FIELD_4	"User field 4"
SIMILAR_PART      =                    USERDEFINED.[Parameters].USER_FIELD_4	"User field 4"
SIMILAR_PART      =  ASSEMBLY.MAINPART.USERDEFINED.[Parameters].USER_FIELD_4	"User field 4"
SIMILAR_PART      = CAST_UNIT.MAINPART.USERDEFINED.[Parameters].USER_FIELD_4	"User field 4"
SIMILAR_ASSEMBLY  =		       USERDEFINED.[Parameters].USER_FIELD_4	"User field 4"
SIMILAR_ASSEMBLY  =           MAINPART.USERDEFINED.[Parameters].USER_FIELD_4	"User field 4"
SIMILAR_CAST_UNIT =		       USERDEFINED.[Parameters].USER_FIELD_4	"User field 4"
SIMILAR_CAST_UNIT =           MAINPART.USERDEFINED.[Parameters].USER_FIELD_4	"User field 4"
DRAWING		  =           MAINPART.USERDEFINED.[Parameters].USER_FIELD_4	"User field 4"

PART              =                    USERDEFINED.[Parameters].USER_PHASE
PART              =  ASSEMBLY.MAINPART.USERDEFINED.[Parameters].USER_PHASE
PART              = CAST_UNIT.MAINPART.USERDEFINED.[Parameters].USER_PHASE
ASSEMBLY          =           MAINPART.USERDEFINED.[Parameters].USER_PHASE
CAST_UNIT         =           MAINPART.USERDEFINED.[Parameters].USER_PHASE
SIMILAR_PART      =                    USERDEFINED.[Parameters].USER_PHASE
SIMILAR_PART      =  ASSEMBLY.MAINPART.USERDEFINED.[Parameters].USER_PHASE
SIMILAR_PART      = CAST_UNIT.MAINPART.USERDEFINED.[Parameters].USER_PHASE
SIMILAR_ASSEMBLY  =           MAINPART.USERDEFINED.[Parameters].USER_PHASE
SIMILAR_CAST_UNIT =           MAINPART.USERDEFINED.[Parameters].USER_PHASE

PART              =                    USERDEFINED.[Status].CHECKED_BY
PART              =  ASSEMBLY.MAINPART.USERDEFINED.[Status].CHECKED_BY
PART              = CAST_UNIT.MAINPART.USERDEFINED.[Status].CHECKED_BY
ASSEMBLY          =           MAINPART.USERDEFINED.[Status].CHECKED_BY
CAST_UNIT         =           MAINPART.USERDEFINED.[Status].CHECKED_BY
SIMILAR_PART      =                    USERDEFINED.[Status].CHECKED_BY
SIMILAR_PART      =  ASSEMBLY.MAINPART.USERDEFINED.[Status].CHECKED_BY
SIMILAR_PART      = CAST_UNIT.MAINPART.USERDEFINED.[Status].CHECKED_BY
SIMILAR_ASSEMBLY  =           MAINPART.USERDEFINED.[Status].CHECKED_BY
SIMILAR_CAST_UNIT =           MAINPART.USERDEFINED.[Status].CHECKED_BY

PART              =                    USERDEFINED.[Status].CHECKED_DATE
PART              =  ASSEMBLY.MAINPART.USERDEFINED.[Status].CHECKED_DATE
PART              = CAST_UNIT.MAINPART.USERDEFINED.[Status].CHECKED_DATE
ASSEMBLY          =           MAINPART.USERDEFINED.[Status].CHECKED_DATE
CAST_UNIT         =           MAINPART.USERDEFINED.[Status].CHECKED_DATE
SIMILAR_PART      =                    USERDEFINED.[Status].CHECKED_DATE
SIMILAR_PART      =  ASSEMBLY.MAINPART.USERDEFINED.[Status].CHECKED_DATE
SIMILAR_PART      = CAST_UNIT.MAINPART.USERDEFINED.[Status].CHECKED_DATE
SIMILAR_ASSEMBLY  =           MAINPART.USERDEFINED.[Status].CHECKED_DATE
SIMILAR_CAST_UNIT =           MAINPART.USERDEFINED.[Status].CHECKED_DATE

PART              =                    USERDEFINED.[Status].SCHED_FAB_DATE
PART              =  ASSEMBLY.MAINPART.USERDEFINED.[Status].SCHED_FAB_DATE
PART              = CAST_UNIT.MAINPART.USERDEFINED.[Status].SCHED_FAB_DATE
ASSEMBLY          =           MAINPART.USERDEFINED.[Status].SCHED_FAB_DATE
CAST_UNIT         =           MAINPART.USERDEFINED.[Status].SCHED_FAB_DATE
SIMILAR_PART      =                    USERDEFINED.[Status].SCHED_FAB_DATE
SIMILAR_PART      =  ASSEMBLY.MAINPART.USERDEFINED.[Status].SCHED_FAB_DATE
SIMILAR_PART      = CAST_UNIT.MAINPART.USERDEFINED.[Status].SCHED_FAB_DATE
SIMILAR_ASSEMBLY  =           MAINPART.USERDEFINED.[Status].SCHED_FAB_DATE
SIMILAR_CAST_UNIT =           MAINPART.USERDEFINED.[Status].SCHED_FAB_DATE

PART              =                    USERDEFINED.[Status].SHOP_ISSUE
PART              =  ASSEMBLY.MAINPART.USERDEFINED.[Status].SHOP_ISSUE
PART              = CAST_UNIT.MAINPART.USERDEFINED.[Status].SHOP_ISSUE
ASSEMBLY          =           MAINPART.USERDEFINED.[Status].SHOP_ISSUE
CAST_UNIT         =           MAINPART.USERDEFINED.[Status].SHOP_ISSUE
SIMILAR_PART      =                    USERDEFINED.[Status].SHOP_ISSUE
SIMILAR_PART      =  ASSEMBLY.MAINPART.USERDEFINED.[Status].SHOP_ISSUE
SIMILAR_PART      = CAST_UNIT.MAINPART.USERDEFINED.[Status].SHOP_ISSUE
SIMILAR_ASSEMBLY  =           MAINPART.USERDEFINED.[Status].SHOP_ISSUE
SIMILAR_CAST_UNIT =           MAINPART.USERDEFINED.[Status].SHOP_ISSUE

PART              =                    USERDEFINED.[Status].SHOPSTATUS
PART              =  ASSEMBLY.MAINPART.USERDEFINED.[Status].SHOPSTATUS
PART              = CAST_UNIT.MAINPART.USERDEFINED.[Status].SHOPSTATUS
ASSEMBLY          =           MAINPART.USERDEFINED.[Status].SHOPSTATUS
CAST_UNIT         =           MAINPART.USERDEFINED.[Status].SHOPSTATUS
SIMILAR_PART      =                    USERDEFINED.[Status].SHOPSTATUS
SIMILAR_PART      =  ASSEMBLY.MAINPART.USERDEFINED.[Status].SHOPSTATUS
SIMILAR_PART      = CAST_UNIT.MAINPART.USERDEFINED.[Status].SHOPSTATUS
SIMILAR_ASSEMBLY  =           MAINPART.USERDEFINED.[Status].SHOPSTATUS
SIMILAR_CAST_UNIT =           MAINPART.USERDEFINED.[Status].SHOPSTATUS

PART              =                    USERDEFINED.[Status].INSTALL_PLAN
PART              =  ASSEMBLY.MAINPART.USERDEFINED.[Status].INSTALL_PLAN
PART              = CAST_UNIT.MAINPART.USERDEFINED.[Status].INSTALL_PLAN
ASSEMBLY          =           MAINPART.USERDEFINED.[Status].INSTALL_PLAN
CAST_UNIT         =           MAINPART.USERDEFINED.[Status].INSTALL_PLAN
SIMILAR_PART      =                    USERDEFINED.[Status].INSTALL_PLAN
SIMILAR_PART      =  ASSEMBLY.MAINPART.USERDEFINED.[Status].INSTALL_PLAN
SIMILAR_PART      = CAST_UNIT.MAINPART.USERDEFINED.[Status].INSTALL_PLAN
SIMILAR_ASSEMBLY  =           MAINPART.USERDEFINED.[Status].INSTALL_PLAN
SIMILAR_CAST_UNIT =           MAINPART.USERDEFINED.[Status].INSTALL_PLAN

PART              =                    USERDEFINED.[Status].ERECTIONSTATUS
PART              =  ASSEMBLY.MAINPART.USERDEFINED.[Status].ERECTIONSTATUS
PART              = CAST_UNIT.MAINPART.USERDEFINED.[Status].ERECTIONSTATUS
ASSEMBLY          =           MAINPART.USERDEFINED.[Status].ERECTIONSTATUS
CAST_UNIT         =           MAINPART.USERDEFINED.[Status].ERECTIONSTATUS
SIMILAR_PART      =                    USERDEFINED.[Status].ERECTIONSTATUS
SIMILAR_PART      =  ASSEMBLY.MAINPART.USERDEFINED.[Status].ERECTIONSTATUS
SIMILAR_PART      = CAST_UNIT.MAINPART.USERDEFINED.[Status].ERECTIONSTATUS
SIMILAR_ASSEMBLY  =           MAINPART.USERDEFINED.[Status].ERECTIONSTATUS
SIMILAR_CAST_UNIT =           MAINPART.USERDEFINED.[Status].ERECTIONSTATUS

PART              =                    USERDEFINED.[Status].INSTALL_ACTUAL
PART              =  ASSEMBLY.MAINPART.USERDEFINED.[Status].INSTALL_ACTUAL
PART              = CAST_UNIT.MAINPART.USERDEFINED.[Status].INSTALL_ACTUAL
ASSEMBLY          =           MAINPART.USERDEFINED.[Status].INSTALL_ACTUAL
CAST_UNIT         =           MAINPART.USERDEFINED.[Status].INSTALL_ACTUAL
SIMILAR_PART      =                    USERDEFINED.[Status].INSTALL_ACTUAL
SIMILAR_PART      =  ASSEMBLY.MAINPART.USERDEFINED.[Status].INSTALL_ACTUAL
SIMILAR_PART      = CAST_UNIT.MAINPART.USERDEFINED.[Status].INSTALL_ACTUAL
SIMILAR_ASSEMBLY  =           MAINPART.USERDEFINED.[Status].INSTALL_ACTUAL
SIMILAR_CAST_UNIT =           MAINPART.USERDEFINED.[Status].INSTALL_ACTUAL

PART              =                    USERDEFINED.[Endcodes].shear1
PART              =  ASSEMBLY.MAINPART.USERDEFINED.[Endcodes].shear1
PART              = CAST_UNIT.MAINPART.USERDEFINED.[Endcodes].shear1
ASSEMBLY          =           MAINPART.USERDEFINED.[Endcodes].shear1
CAST_UNIT         =           MAINPART.USERDEFINED.[Endcodes].shear1
SIMILAR_PART      =                    USERDEFINED.[Endcodes].shear1
SIMILAR_PART      =  ASSEMBLY.MAINPART.USERDEFINED.[Endcodes].shear1
SIMILAR_PART      = CAST_UNIT.MAINPART.USERDEFINED.[Endcodes].shear1
SIMILAR_ASSEMBLY  =           MAINPART.USERDEFINED.[Endcodes].shear1
SIMILAR_CAST_UNIT =           MAINPART.USERDEFINED.[Endcodes].shear1

PART              =                    USERDEFINED.[Endcodes].axial1
PART              =  ASSEMBLY.MAINPART.USERDEFINED.[Endcodes].axial1
PART              = CAST_UNIT.MAINPART.USERDEFINED.[Endcodes].axial1
ASSEMBLY          =           MAINPART.USERDEFINED.[Endcodes].axial1
CAST_UNIT         =           MAINPART.USERDEFINED.[Endcodes].axial1
SIMILAR_PART      =                    USERDEFINED.[Endcodes].axial1
SIMILAR_PART      =  ASSEMBLY.MAINPART.USERDEFINED.[Endcodes].axial1
SIMILAR_PART      = CAST_UNIT.MAINPART.USERDEFINED.[Endcodes].axial1
SIMILAR_ASSEMBLY  =           MAINPART.USERDEFINED.[Endcodes].axial1
SIMILAR_CAST_UNIT =           MAINPART.USERDEFINED.[Endcodes].axial1

PART              =                    USERDEFINED.[Endcodes].moment1
PART              =  ASSEMBLY.MAINPART.USERDEFINED.[Endcodes].moment1
PART              = CAST_UNIT.MAINPART.USERDEFINED.[Endcodes].moment1
ASSEMBLY          =           MAINPART.USERDEFINED.[Endcodes].moment1
CAST_UNIT         =           MAINPART.USERDEFINED.[Endcodes].moment1
SIMILAR_PART      =                    USERDEFINED.[Endcodes].moment1
SIMILAR_PART      =  ASSEMBLY.MAINPART.USERDEFINED.[Endcodes].moment1
SIMILAR_PART      = CAST_UNIT.MAINPART.USERDEFINED.[Endcodes].moment1
SIMILAR_ASSEMBLY  =           MAINPART.USERDEFINED.[Endcodes].moment1
SIMILAR_CAST_UNIT =           MAINPART.USERDEFINED.[Endcodes].moment1

PART              =                    USERDEFINED.[Endcodes].shear2
PART              =  ASSEMBLY.MAINPART.USERDEFINED.[Endcodes].shear2
PART              = CAST_UNIT.MAINPART.USERDEFINED.[Endcodes].shear2
ASSEMBLY          =           MAINPART.USERDEFINED.[Endcodes].shear2
CAST_UNIT         =           MAINPART.USERDEFINED.[Endcodes].shear2
SIMILAR_PART      =                    USERDEFINED.[Endcodes].shear2
SIMILAR_PART      =  ASSEMBLY.MAINPART.USERDEFINED.[Endcodes].shear2
SIMILAR_PART      = CAST_UNIT.MAINPART.USERDEFINED.[Endcodes].shear2
SIMILAR_ASSEMBLY  =           MAINPART.USERDEFINED.[Endcodes].shear2
SIMILAR_CAST_UNIT =           MAINPART.USERDEFINED.[Endcodes].shear2

PART              =                    USERDEFINED.[Endcodes].axial2
PART              =  ASSEMBLY.MAINPART.USERDEFINED.[Endcodes].axial2
PART              = CAST_UNIT.MAINPART.USERDEFINED.[Endcodes].axial2
ASSEMBLY          =           MAINPART.USERDEFINED.[Endcodes].axial2
CAST_UNIT         =           MAINPART.USERDEFINED.[Endcodes].axial2
SIMILAR_PART      =                    USERDEFINED.[Endcodes].axial2
SIMILAR_PART      =  ASSEMBLY.MAINPART.USERDEFINED.[Endcodes].axial2
SIMILAR_PART      = CAST_UNIT.MAINPART.USERDEFINED.[Endcodes].axial2
SIMILAR_ASSEMBLY  =           MAINPART.USERDEFINED.[Endcodes].axial2
SIMILAR_CAST_UNIT =           MAINPART.USERDEFINED.[Endcodes].axial2

PART              =                    USERDEFINED.[Endcodes].moment2
PART              =  ASSEMBLY.MAINPART.USERDEFINED.[Endcodes].moment2
PART              = CAST_UNIT.MAINPART.USERDEFINED.[Endcodes].moment2
ASSEMBLY          =           MAINPART.USERDEFINED.[Endcodes].moment2
CAST_UNIT         =           MAINPART.USERDEFINED.[Endcodes].moment2
SIMILAR_PART      =                    USERDEFINED.[Endcodes].moment2
SIMILAR_PART      =  ASSEMBLY.MAINPART.USERDEFINED.[Endcodes].moment2
SIMILAR_PART      = CAST_UNIT.MAINPART.USERDEFINED.[Endcodes].moment2
SIMILAR_ASSEMBLY  =           MAINPART.USERDEFINED.[Endcodes].moment2
SIMILAR_CAST_UNIT =           MAINPART.USERDEFINED.[Endcodes].moment2

PART              =                    USERDEFINED.[Endcodes].CONN_CODE_END1
PART              =  ASSEMBLY.MAINPART.USERDEFINED.[Endcodes].CONN_CODE_END1
PART              = CAST_UNIT.MAINPART.USERDEFINED.[Endcodes].CONN_CODE_END1
ASSEMBLY          =           MAINPART.USERDEFINED.[Endcodes].CONN_CODE_END1
CAST_UNIT         =           MAINPART.USERDEFINED.[Endcodes].CONN_CODE_END1
SIMILAR_PART      =                    USERDEFINED.[Endcodes].CONN_CODE_END1
SIMILAR_PART      =  ASSEMBLY.MAINPART.USERDEFINED.[Endcodes].CONN_CODE_END1
SIMILAR_PART      = CAST_UNIT.MAINPART.USERDEFINED.[Endcodes].CONN_CODE_END1
SIMILAR_ASSEMBLY  =           MAINPART.USERDEFINED.[Endcodes].CONN_CODE_END1
SIMILAR_CAST_UNIT =           MAINPART.USERDEFINED.[Endcodes].CONN_CODE_END1

PART              =                    USERDEFINED.[Endcodes].CONN_CODE_END2
PART              =  ASSEMBLY.MAINPART.USERDEFINED.[Endcodes].CONN_CODE_END2
PART              = CAST_UNIT.MAINPART.USERDEFINED.[Endcodes].CONN_CODE_END2
ASSEMBLY          =           MAINPART.USERDEFINED.[Endcodes].CONN_CODE_END2
CAST_UNIT         =           MAINPART.USERDEFINED.[Endcodes].CONN_CODE_END2
SIMILAR_PART      =                    USERDEFINED.[Endcodes].CONN_CODE_END2
SIMILAR_PART      =  ASSEMBLY.MAINPART.USERDEFINED.[Endcodes].CONN_CODE_END2
SIMILAR_PART      = CAST_UNIT.MAINPART.USERDEFINED.[Endcodes].CONN_CODE_END2
SIMILAR_ASSEMBLY  =           MAINPART.USERDEFINED.[Endcodes].CONN_CODE_END2
SIMILAR_CAST_UNIT =           MAINPART.USERDEFINED.[Endcodes].CONN_CODE_END2

PART              =                    USERDEFINED.[Analysis].x_offset
PART              =  ASSEMBLY.MAINPART.USERDEFINED.[Analysis].x_offset
PART              = CAST_UNIT.MAINPART.USERDEFINED.[Analysis].x_offset
ASSEMBLY          =           MAINPART.USERDEFINED.[Analysis].x_offset
CAST_UNIT         =           MAINPART.USERDEFINED.[Analysis].x_offset
SIMILAR_PART      =                    USERDEFINED.[Analysis].x_offset
SIMILAR_PART      =  ASSEMBLY.MAINPART.USERDEFINED.[Analysis].x_offset
SIMILAR_PART      = CAST_UNIT.MAINPART.USERDEFINED.[Analysis].x_offset
SIMILAR_ASSEMBLY  =           MAINPART.USERDEFINED.[Analysis].x_offset
SIMILAR_CAST_UNIT =           MAINPART.USERDEFINED.[Analysis].x_offset

PART              =                    USERDEFINED.[Analysis].y_offset
PART              =  ASSEMBLY.MAINPART.USERDEFINED.[Analysis].y_offset
PART              = CAST_UNIT.MAINPART.USERDEFINED.[Analysis].y_offset
ASSEMBLY          =           MAINPART.USERDEFINED.[Analysis].y_offset
CAST_UNIT         =           MAINPART.USERDEFINED.[Analysis].y_offset
SIMILAR_PART      =                    USERDEFINED.[Analysis].y_offset
SIMILAR_PART      =  ASSEMBLY.MAINPART.USERDEFINED.[Analysis].y_offset
SIMILAR_PART      = CAST_UNIT.MAINPART.USERDEFINED.[Analysis].y_offset
SIMILAR_ASSEMBLY  =           MAINPART.USERDEFINED.[Analysis].y_offset
SIMILAR_CAST_UNIT =           MAINPART.USERDEFINED.[Analysis].y_offset

PART              =                    USERDEFINED.[Analysis].z_offset
PART              =  ASSEMBLY.MAINPART.USERDEFINED.[Analysis].z_offset
PART              = CAST_UNIT.MAINPART.USERDEFINED.[Analysis].z_offset
ASSEMBLY          =           MAINPART.USERDEFINED.[Analysis].z_offset
CAST_UNIT         =           MAINPART.USERDEFINED.[Analysis].z_offset
SIMILAR_PART      =                    USERDEFINED.[Analysis].z_offset
SIMILAR_PART      =  ASSEMBLY.MAINPART.USERDEFINED.[Analysis].z_offset
SIMILAR_PART      = CAST_UNIT.MAINPART.USERDEFINED.[Analysis].z_offset
SIMILAR_ASSEMBLY  =           MAINPART.USERDEFINED.[Analysis].z_offset
SIMILAR_CAST_UNIT =           MAINPART.USERDEFINED.[Analysis].z_offset

PART              =                    USERDEFINED.[Analysis].DesignGroup
PART              =  ASSEMBLY.MAINPART.USERDEFINED.[Analysis].DesignGroup
PART              = CAST_UNIT.MAINPART.USERDEFINED.[Analysis].DesignGroup
ASSEMBLY          =           MAINPART.USERDEFINED.[Analysis].DesignGroup
CAST_UNIT         =           MAINPART.USERDEFINED.[Analysis].DesignGroup
SIMILAR_PART      =                    USERDEFINED.[Analysis].DesignGroup
SIMILAR_PART      =  ASSEMBLY.MAINPART.USERDEFINED.[Analysis].DesignGroup
SIMILAR_PART      = CAST_UNIT.MAINPART.USERDEFINED.[Analysis].DesignGroup
SIMILAR_ASSEMBLY  =           MAINPART.USERDEFINED.[Analysis].DesignGroup
SIMILAR_CAST_UNIT =           MAINPART.USERDEFINED.[Analysis].DesignGroup

PART              =                    USERDEFINED.[Analysis].AD_node1_offset_x
PART              =  ASSEMBLY.MAINPART.USERDEFINED.[Analysis].AD_node1_offset_x
PART              = CAST_UNIT.MAINPART.USERDEFINED.[Analysis].AD_node1_offset_x
ASSEMBLY          =           MAINPART.USERDEFINED.[Analysis].AD_node1_offset_x
CAST_UNIT         =           MAINPART.USERDEFINED.[Analysis].AD_node1_offset_x
SIMILAR_PART      =                    USERDEFINED.[Analysis].AD_node1_offset_x
SIMILAR_PART      =  ASSEMBLY.MAINPART.USERDEFINED.[Analysis].AD_node1_offset_x
SIMILAR_PART      = CAST_UNIT.MAINPART.USERDEFINED.[Analysis].AD_node1_offset_x
SIMILAR_ASSEMBLY  =           MAINPART.USERDEFINED.[Analysis].AD_node1_offset_x
SIMILAR_CAST_UNIT =           MAINPART.USERDEFINED.[Analysis].AD_node1_offset_x

PART              =                    USERDEFINED.[Analysis].AD_node1_offset_y
PART              =  ASSEMBLY.MAINPART.USERDEFINED.[Analysis].AD_node1_offset_y
PART              = CAST_UNIT.MAINPART.USERDEFINED.[Analysis].AD_node1_offset_y
ASSEMBLY          =           MAINPART.USERDEFINED.[Analysis].AD_node1_offset_y
CAST_UNIT         =           MAINPART.USERDEFINED.[Analysis].AD_node1_offset_y
SIMILAR_PART      =                    USERDEFINED.[Analysis].AD_node1_offset_y
SIMILAR_PART      =  ASSEMBLY.MAINPART.USERDEFINED.[Analysis].AD_node1_offset_y
SIMILAR_PART      = CAST_UNIT.MAINPART.USERDEFINED.[Analysis].AD_node1_offset_y
SIMILAR_ASSEMBLY  =           MAINPART.USERDEFINED.[Analysis].AD_node1_offset_y
SIMILAR_CAST_UNIT =           MAINPART.USERDEFINED.[Analysis].AD_node1_offset_y

PART              =                    USERDEFINED.[Analysis].AD_node1_offset_z
PART              =  ASSEMBLY.MAINPART.USERDEFINED.[Analysis].AD_node1_offset_z
PART              = CAST_UNIT.MAINPART.USERDEFINED.[Analysis].AD_node1_offset_z
ASSEMBLY          =           MAINPART.USERDEFINED.[Analysis].AD_node1_offset_z
CAST_UNIT         =           MAINPART.USERDEFINED.[Analysis].AD_node1_offset_z
SIMILAR_PART      =                    USERDEFINED.[Analysis].AD_node1_offset_z
SIMILAR_PART      =  ASSEMBLY.MAINPART.USERDEFINED.[Analysis].AD_node1_offset_z
SIMILAR_PART      = CAST_UNIT.MAINPART.USERDEFINED.[Analysis].AD_node1_offset_z
SIMILAR_ASSEMBLY  =           MAINPART.USERDEFINED.[Analysis].AD_node1_offset_z
SIMILAR_CAST_UNIT =           MAINPART.USERDEFINED.[Analysis].AD_node1_offset_z

PART              =                    USERDEFINED.[Analysis].AD_node2_offset_x
PART              =  ASSEMBLY.MAINPART.USERDEFINED.[Analysis].AD_node2_offset_x
PART              = CAST_UNIT.MAINPART.USERDEFINED.[Analysis].AD_node2_offset_x
ASSEMBLY          =           MAINPART.USERDEFINED.[Analysis].AD_node2_offset_x
CAST_UNIT         =           MAINPART.USERDEFINED.[Analysis].AD_node2_offset_x
SIMILAR_PART      =                    USERDEFINED.[Analysis].AD_node2_offset_x
SIMILAR_PART      =  ASSEMBLY.MAINPART.USERDEFINED.[Analysis].AD_node2_offset_x
SIMILAR_PART      = CAST_UNIT.MAINPART.USERDEFINED.[Analysis].AD_node2_offset_x
SIMILAR_ASSEMBLY  =           MAINPART.USERDEFINED.[Analysis].AD_node2_offset_x
SIMILAR_CAST_UNIT =           MAINPART.USERDEFINED.[Analysis].AD_node2_offset_x

PART              =                    USERDEFINED.[Analysis].AD_node2_offset_y
PART              =  ASSEMBLY.MAINPART.USERDEFINED.[Analysis].AD_node2_offset_y
PART              = CAST_UNIT.MAINPART.USERDEFINED.[Analysis].AD_node2_offset_y
ASSEMBLY          =           MAINPART.USERDEFINED.[Analysis].AD_node2_offset_y
CAST_UNIT         =           MAINPART.USERDEFINED.[Analysis].AD_node2_offset_y
SIMILAR_PART      =                    USERDEFINED.[Analysis].AD_node2_offset_y
SIMILAR_PART      =  ASSEMBLY.MAINPART.USERDEFINED.[Analysis].AD_node2_offset_y
SIMILAR_PART      = CAST_UNIT.MAINPART.USERDEFINED.[Analysis].AD_node2_offset_y
SIMILAR_ASSEMBLY  =           MAINPART.USERDEFINED.[Analysis].AD_node2_offset_y
SIMILAR_CAST_UNIT =           MAINPART.USERDEFINED.[Analysis].AD_node2_offset_y

PART              =                    USERDEFINED.[Analysis].AD_node2_offset_z
PART              =  ASSEMBLY.MAINPART.USERDEFINED.[Analysis].AD_node2_offset_z
PART              = CAST_UNIT.MAINPART.USERDEFINED.[Analysis].AD_node2_offset_z
ASSEMBLY          =           MAINPART.USERDEFINED.[Analysis].AD_node2_offset_z
CAST_UNIT         =           MAINPART.USERDEFINED.[Analysis].AD_node2_offset_z
SIMILAR_PART      =                    USERDEFINED.[Analysis].AD_node2_offset_z
SIMILAR_PART      =  ASSEMBLY.MAINPART.USERDEFINED.[Analysis].AD_node2_offset_z
SIMILAR_PART      = CAST_UNIT.MAINPART.USERDEFINED.[Analysis].AD_node2_offset_z
SIMILAR_ASSEMBLY  =           MAINPART.USERDEFINED.[Analysis].AD_node2_offset_z
SIMILAR_CAST_UNIT =           MAINPART.USERDEFINED.[Analysis].AD_node2_offset_z

PART              =                    USERDEFINED.[Analysis].AD_n_part_splits
PART              =  ASSEMBLY.MAINPART.USERDEFINED.[Analysis].AD_n_part_splits
PART              = CAST_UNIT.MAINPART.USERDEFINED.[Analysis].AD_n_part_splits
ASSEMBLY          =           MAINPART.USERDEFINED.[Analysis].AD_n_part_splits
CAST_UNIT         =           MAINPART.USERDEFINED.[Analysis].AD_n_part_splits
SIMILAR_PART      =                    USERDEFINED.[Analysis].AD_n_part_splits
SIMILAR_PART      =  ASSEMBLY.MAINPART.USERDEFINED.[Analysis].AD_n_part_splits
SIMILAR_PART      = CAST_UNIT.MAINPART.USERDEFINED.[Analysis].AD_n_part_splits
SIMILAR_ASSEMBLY  =           MAINPART.USERDEFINED.[Analysis].AD_n_part_splits
SIMILAR_CAST_UNIT =           MAINPART.USERDEFINED.[Analysis].AD_n_part_splits

PART              =                    USERDEFINED.[Analysis].AD_split_distances
PART              =  ASSEMBLY.MAINPART.USERDEFINED.[Analysis].AD_split_distances
PART              = CAST_UNIT.MAINPART.USERDEFINED.[Analysis].AD_split_distances
ASSEMBLY          =           MAINPART.USERDEFINED.[Analysis].AD_split_distances
CAST_UNIT         =           MAINPART.USERDEFINED.[Analysis].AD_split_distances
SIMILAR_PART      =                    USERDEFINED.[Analysis].AD_split_distances
SIMILAR_PART      =  ASSEMBLY.MAINPART.USERDEFINED.[Analysis].AD_split_distances
SIMILAR_PART      = CAST_UNIT.MAINPART.USERDEFINED.[Analysis].AD_split_distances
SIMILAR_ASSEMBLY  =           MAINPART.USERDEFINED.[Analysis].AD_split_distances
SIMILAR_CAST_UNIT =           MAINPART.USERDEFINED.[Analysis].AD_split_distances

PART              =                    USERDEFINED.[Analysis].AD_curved_straight
PART              =  ASSEMBLY.MAINPART.USERDEFINED.[Analysis].AD_curved_straight
PART              = CAST_UNIT.MAINPART.USERDEFINED.[Analysis].AD_curved_straight
ASSEMBLY          =           MAINPART.USERDEFINED.[Analysis].AD_curved_straight
CAST_UNIT         =           MAINPART.USERDEFINED.[Analysis].AD_curved_straight
SIMILAR_PART      =                    USERDEFINED.[Analysis].AD_curved_straight
SIMILAR_PART      =  ASSEMBLY.MAINPART.USERDEFINED.[Analysis].AD_curved_straight
SIMILAR_PART      = CAST_UNIT.MAINPART.USERDEFINED.[Analysis].AD_curved_straight
SIMILAR_ASSEMBLY  =           MAINPART.USERDEFINED.[Analysis].AD_curved_straight
SIMILAR_CAST_UNIT =           MAINPART.USERDEFINED.[Analysis].AD_curved_straight

PART              =                    USERDEFINED.[Analysis].AD_merge_distance
PART              =  ASSEMBLY.MAINPART.USERDEFINED.[Analysis].AD_merge_distance
PART              = CAST_UNIT.MAINPART.USERDEFINED.[Analysis].AD_merge_distance
ASSEMBLY          =           MAINPART.USERDEFINED.[Analysis].AD_merge_distance
CAST_UNIT         =           MAINPART.USERDEFINED.[Analysis].AD_merge_distance
SIMILAR_PART      =                    USERDEFINED.[Analysis].AD_merge_distance
SIMILAR_PART      =  ASSEMBLY.MAINPART.USERDEFINED.[Analysis].AD_merge_distance
SIMILAR_PART      = CAST_UNIT.MAINPART.USERDEFINED.[Analysis].AD_merge_distance
SIMILAR_ASSEMBLY  =           MAINPART.USERDEFINED.[Analysis].AD_merge_distance
SIMILAR_CAST_UNIT =           MAINPART.USERDEFINED.[Analysis].AD_merge_distance

PART              =                    USERDEFINED.[Analysis].AD_part_level
PART              =  ASSEMBLY.MAINPART.USERDEFINED.[Analysis].AD_part_level
PART              = CAST_UNIT.MAINPART.USERDEFINED.[Analysis].AD_part_level
ASSEMBLY          =           MAINPART.USERDEFINED.[Analysis].AD_part_level
CAST_UNIT         =           MAINPART.USERDEFINED.[Analysis].AD_part_level
SIMILAR_PART      =                    USERDEFINED.[Analysis].AD_part_level
SIMILAR_PART      =  ASSEMBLY.MAINPART.USERDEFINED.[Analysis].AD_part_level
SIMILAR_PART      = CAST_UNIT.MAINPART.USERDEFINED.[Analysis].AD_part_level
SIMILAR_ASSEMBLY  =           MAINPART.USERDEFINED.[Analysis].AD_part_level
SIMILAR_CAST_UNIT =           MAINPART.USERDEFINED.[Analysis].AD_part_level

PART              =                    USERDEFINED.[Analysis].AD_part_profile
PART              =  ASSEMBLY.MAINPART.USERDEFINED.[Analysis].AD_part_profile
PART              = CAST_UNIT.MAINPART.USERDEFINED.[Analysis].AD_part_profile
ASSEMBLY          =           MAINPART.USERDEFINED.[Analysis].AD_part_profile
CAST_UNIT         =           MAINPART.USERDEFINED.[Analysis].AD_part_profile
SIMILAR_PART      =                    USERDEFINED.[Analysis].AD_part_profile
SIMILAR_PART      =  ASSEMBLY.MAINPART.USERDEFINED.[Analysis].AD_part_profile
SIMILAR_PART      = CAST_UNIT.MAINPART.USERDEFINED.[Analysis].AD_part_profile
SIMILAR_ASSEMBLY  =           MAINPART.USERDEFINED.[Analysis].AD_part_profile
SIMILAR_CAST_UNIT =           MAINPART.USERDEFINED.[Analysis].AD_part_profile

PART              =                    USERDEFINED.[Analysis].AD_part_rigid_link
PART              =  ASSEMBLY.MAINPART.USERDEFINED.[Analysis].AD_part_rigid_link
PART              = CAST_UNIT.MAINPART.USERDEFINED.[Analysis].AD_part_rigid_link
ASSEMBLY          =           MAINPART.USERDEFINED.[Analysis].AD_part_rigid_link
CAST_UNIT         =           MAINPART.USERDEFINED.[Analysis].AD_part_rigid_link
SIMILAR_PART      =                    USERDEFINED.[Analysis].AD_part_rigid_link
SIMILAR_PART      =  ASSEMBLY.MAINPART.USERDEFINED.[Analysis].AD_part_rigid_link
SIMILAR_PART      = CAST_UNIT.MAINPART.USERDEFINED.[Analysis].AD_part_rigid_link
SIMILAR_ASSEMBLY  =           MAINPART.USERDEFINED.[Analysis].AD_part_rigid_link
SIMILAR_CAST_UNIT =           MAINPART.USERDEFINED.[Analysis].AD_part_rigid_link

PART              =                    USERDEFINED.[Analysis].AD_clash_with
PART              =  ASSEMBLY.MAINPART.USERDEFINED.[Analysis].AD_clash_with
PART              = CAST_UNIT.MAINPART.USERDEFINED.[Analysis].AD_clash_with
ASSEMBLY          =           MAINPART.USERDEFINED.[Analysis].AD_clash_with
CAST_UNIT         =           MAINPART.USERDEFINED.[Analysis].AD_clash_with
SIMILAR_PART      =                    USERDEFINED.[Analysis].AD_clash_with
SIMILAR_PART      =  ASSEMBLY.MAINPART.USERDEFINED.[Analysis].AD_clash_with
SIMILAR_PART      = CAST_UNIT.MAINPART.USERDEFINED.[Analysis].AD_clash_with
SIMILAR_ASSEMBLY  =           MAINPART.USERDEFINED.[Analysis].AD_clash_with
SIMILAR_CAST_UNIT =           MAINPART.USERDEFINED.[Analysis].AD_clash_with

PART              =                    USERDEFINED.[Analysis].AD_excl_clash_with
PART              =  ASSEMBLY.MAINPART.USERDEFINED.[Analysis].AD_excl_clash_with
PART              = CAST_UNIT.MAINPART.USERDEFINED.[Analysis].AD_excl_clash_with
ASSEMBLY          =           MAINPART.USERDEFINED.[Analysis].AD_excl_clash_with
CAST_UNIT         =           MAINPART.USERDEFINED.[Analysis].AD_excl_clash_with
SIMILAR_PART      =                    USERDEFINED.[Analysis].AD_excl_clash_with
SIMILAR_PART      =  ASSEMBLY.MAINPART.USERDEFINED.[Analysis].AD_excl_clash_with
SIMILAR_PART      = CAST_UNIT.MAINPART.USERDEFINED.[Analysis].AD_excl_clash_with
SIMILAR_ASSEMBLY  =           MAINPART.USERDEFINED.[Analysis].AD_excl_clash_with
SIMILAR_CAST_UNIT =           MAINPART.USERDEFINED.[Analysis].AD_excl_clash_with

PART              =                    USERDEFINED.[Analysis].AD_keep_axis
PART              =  ASSEMBLY.MAINPART.USERDEFINED.[Analysis].AD_keep_axis
PART              = CAST_UNIT.MAINPART.USERDEFINED.[Analysis].AD_keep_axis
ASSEMBLY          =           MAINPART.USERDEFINED.[Analysis].AD_keep_axis
CAST_UNIT         =           MAINPART.USERDEFINED.[Analysis].AD_keep_axis
SIMILAR_PART      =                    USERDEFINED.[Analysis].AD_keep_axis
SIMILAR_PART      =  ASSEMBLY.MAINPART.USERDEFINED.[Analysis].AD_keep_axis
SIMILAR_PART      = CAST_UNIT.MAINPART.USERDEFINED.[Analysis].AD_keep_axis
SIMILAR_ASSEMBLY  =           MAINPART.USERDEFINED.[Analysis].AD_keep_axis
SIMILAR_CAST_UNIT =           MAINPART.USERDEFINED.[Analysis].AD_keep_axis

PART              =                    USERDEFINED.[Analysis].AD_plate_min_hole
PART              =  ASSEMBLY.MAINPART.USERDEFINED.[Analysis].AD_plate_min_hole
PART              = CAST_UNIT.MAINPART.USERDEFINED.[Analysis].AD_plate_min_hole
ASSEMBLY          =           MAINPART.USERDEFINED.[Analysis].AD_plate_min_hole
CAST_UNIT         =           MAINPART.USERDEFINED.[Analysis].AD_plate_min_hole
SIMILAR_PART      =                    USERDEFINED.[Analysis].AD_plate_min_hole
SIMILAR_PART      =  ASSEMBLY.MAINPART.USERDEFINED.[Analysis].AD_plate_min_hole
SIMILAR_PART      = CAST_UNIT.MAINPART.USERDEFINED.[Analysis].AD_plate_min_hole
SIMILAR_ASSEMBLY  =           MAINPART.USERDEFINED.[Analysis].AD_plate_min_hole
SIMILAR_CAST_UNIT =           MAINPART.USERDEFINED.[Analysis].AD_plate_min_hole

PART              =                    USERDEFINED.[IFCparameters].IFC_ENTITY
PART              =  ASSEMBLY.MAINPART.USERDEFINED.[IFCparameters].IFC_ENTITY
PART              = CAST_UNIT.MAINPART.USERDEFINED.[IFCparameters].IFC_ENTITY
ASSEMBLY          =           MAINPART.USERDEFINED.[IFCparameters].IFC_ENTITY
CAST_UNIT         =           MAINPART.USERDEFINED.[IFCparameters].IFC_ENTITY
SIMILAR_PART      =                    USERDEFINED.[IFCparameters].IFC_ENTITY
SIMILAR_PART      =  ASSEMBLY.MAINPART.USERDEFINED.[IFCparameters].IFC_ENTITY
SIMILAR_PART      = CAST_UNIT.MAINPART.USERDEFINED.[IFCparameters].IFC_ENTITY
SIMILAR_ASSEMBLY  =           MAINPART.USERDEFINED.[IFCparameters].IFC_ENTITY
SIMILAR_CAST_UNIT =           MAINPART.USERDEFINED.[IFCparameters].IFC_ENTITY

PART              =                    USERDEFINED.[IFCparameters].IFC_SITE
PART              =  ASSEMBLY.MAINPART.USERDEFINED.[IFCparameters].IFC_SITE
PART              = CAST_UNIT.MAINPART.USERDEFINED.[IFCparameters].IFC_SITE
ASSEMBLY          =           MAINPART.USERDEFINED.[IFCparameters].IFC_SITE
CAST_UNIT         =           MAINPART.USERDEFINED.[IFCparameters].IFC_SITE
SIMILAR_PART      =                    USERDEFINED.[IFCparameters].IFC_SITE
SIMILAR_PART      =  ASSEMBLY.MAINPART.USERDEFINED.[IFCparameters].IFC_SITE
SIMILAR_PART      = CAST_UNIT.MAINPART.USERDEFINED.[IFCparameters].IFC_SITE
SIMILAR_ASSEMBLY  =           MAINPART.USERDEFINED.[IFCparameters].IFC_SITE
SIMILAR_CAST_UNIT =           MAINPART.USERDEFINED.[IFCparameters].IFC_SITE

PART              =                    USERDEFINED.[IFCparameters].IFC_BUILDING
PART              =  ASSEMBLY.MAINPART.USERDEFINED.[IFCparameters].IFC_BUILDING
PART              = CAST_UNIT.MAINPART.USERDEFINED.[IFCparameters].IFC_BUILDING
ASSEMBLY          =           MAINPART.USERDEFINED.[IFCparameters].IFC_BUILDING
CAST_UNIT         =           MAINPART.USERDEFINED.[IFCparameters].IFC_BUILDING
SIMILAR_PART      =                    USERDEFINED.[IFCparameters].IFC_BUILDING
SIMILAR_PART      =  ASSEMBLY.MAINPART.USERDEFINED.[IFCparameters].IFC_BUILDING
SIMILAR_PART      = CAST_UNIT.MAINPART.USERDEFINED.[IFCparameters].IFC_BUILDING
SIMILAR_ASSEMBLY  =           MAINPART.USERDEFINED.[IFCparameters].IFC_BUILDING
SIMILAR_CAST_UNIT =           MAINPART.USERDEFINED.[IFCparameters].IFC_BUILDING

PART              =                    USERDEFINED.[IFCparameters].IFC_BUILDING_STOREY
PART              =  ASSEMBLY.MAINPART.USERDEFINED.[IFCparameters].IFC_BUILDING_STOREY
PART              = CAST_UNIT.MAINPART.USERDEFINED.[IFCparameters].IFC_BUILDING_STOREY
ASSEMBLY          =           MAINPART.USERDEFINED.[IFCparameters].IFC_BUILDING_STOREY
CAST_UNIT         =           MAINPART.USERDEFINED.[IFCparameters].IFC_BUILDING_STOREY
SIMILAR_PART      =                    USERDEFINED.[IFCparameters].IFC_BUILDING_STOREY
SIMILAR_PART      =  ASSEMBLY.MAINPART.USERDEFINED.[IFCparameters].IFC_BUILDING_STOREY
SIMILAR_PART      = CAST_UNIT.MAINPART.USERDEFINED.[IFCparameters].IFC_BUILDING_STOREY
SIMILAR_ASSEMBLY  =           MAINPART.USERDEFINED.[IFCparameters].IFC_BUILDING_STOREY
SIMILAR_CAST_UNIT =           MAINPART.USERDEFINED.[IFCparameters].IFC_BUILDING_STOREY

PART              =                    USERDEFINED.[Workflow].DESIGN_CHECKED_BY     "Design checked by"
PART              =  ASSEMBLY.MAINPART.USERDEFINED.[Workflow].DESIGN_CHECKED_BY     "Design checked by"
PART              = CAST_UNIT.MAINPART.USERDEFINED.[Workflow].DESIGN_CHECKED_BY     "Design checked by"
ASSEMBLY          =                    USERDEFINED.[Workflow].DESIGN_CHECKED_BY     "Design checked by"
ASSEMBLY          =           MAINPART.USERDEFINED.[Workflow].DESIGN_CHECKED_BY     "Design checked by"
CAST_UNIT         =                    USERDEFINED.[Workflow].DESIGN_CHECKED_BY     "Design checked by"
CAST_UNIT         =           MAINPART.USERDEFINED.[Workflow].DESIGN_CHECKED_BY     "Design checked by"
SIMILAR_PART      =                    USERDEFINED.[Workflow].DESIGN_CHECKED_BY     "Design checked by"
SIMILAR_PART      =  ASSEMBLY.MAINPART.USERDEFINED.[Workflow].DESIGN_CHECKED_BY     "Design checked by"
SIMILAR_PART      = CAST_UNIT.MAINPART.USERDEFINED.[Workflow].DESIGN_CHECKED_BY     "Design checked by"
SIMILAR_ASSEMBLY  =                    USERDEFINED.[Workflow].DESIGN_CHECKED_BY     "Design checked by"
SIMILAR_ASSEMBLY  =           MAINPART.USERDEFINED.[Workflow].DESIGN_CHECKED_BY     "Design checked by"
SIMILAR_CAST_UNIT =                    USERDEFINED.[Workflow].DESIGN_CHECKED_BY     "Design checked by"
SIMILAR_CAST_UNIT =           MAINPART.USERDEFINED.[Workflow].DESIGN_CHECKED_BY     "Design checked by"

PART              =                    USERDEFINED.[Workflow].DESIGN_COMMENT     "Design comment"
PART              =  ASSEMBLY.MAINPART.USERDEFINED.[Workflow].DESIGN_COMMENT     "Design comment"
PART              = CAST_UNIT.MAINPART.USERDEFINED.[Workflow].DESIGN_COMMENT     "Design comment"
ASSEMBLY          =                    USERDEFINED.[Workflow].DESIGN_COMMENT     "Design comment"
ASSEMBLY          =           MAINPART.USERDEFINED.[Workflow].DESIGN_COMMENT     "Design comment"
CAST_UNIT         =                    USERDEFINED.[Workflow].DESIGN_COMMENT     "Design comment"
CAST_UNIT         =           MAINPART.USERDEFINED.[Workflow].DESIGN_COMMENT     "Design comment"
SIMILAR_PART      =                    USERDEFINED.[Workflow].DESIGN_COMMENT     "Design comment"
SIMILAR_PART      =  ASSEMBLY.MAINPART.USERDEFINED.[Workflow].DESIGN_COMMENT     "Design comment"
SIMILAR_PART      = CAST_UNIT.MAINPART.USERDEFINED.[Workflow].DESIGN_COMMENT     "Design comment"
SIMILAR_ASSEMBLY  =                    USERDEFINED.[Workflow].DESIGN_COMMENT     "Design comment"
SIMILAR_ASSEMBLY  =           MAINPART.USERDEFINED.[Workflow].DESIGN_COMMENT     "Design comment"
SIMILAR_CAST_UNIT =                    USERDEFINED.[Workflow].DESIGN_COMMENT     "Design comment"
SIMILAR_CAST_UNIT =           MAINPART.USERDEFINED.[Workflow].DESIGN_COMMENT     "Design comment"

PART              =                    USERDEFINED.[Workflow].DESIGN_ASSIGNED_TO     "Design assigned to"
PART              =  ASSEMBLY.MAINPART.USERDEFINED.[Workflow].DESIGN_ASSIGNED_TO     "Design assigned to"
PART              = CAST_UNIT.MAINPART.USERDEFINED.[Workflow].DESIGN_ASSIGNED_TO     "Design assigned to"
ASSEMBLY          =                    USERDEFINED.[Workflow].DESIGN_ASSIGNED_TO     "Design assigned to"
ASSEMBLY          =           MAINPART.USERDEFINED.[Workflow].DESIGN_ASSIGNED_TO     "Design assigned to"
CAST_UNIT         =                    USERDEFINED.[Workflow].DESIGN_ASSIGNED_TO     "Design assigned to"
CAST_UNIT         =           MAINPART.USERDEFINED.[Workflow].DESIGN_ASSIGNED_TO     "Design assigned to"
SIMILAR_PART      =                    USERDEFINED.[Workflow].DESIGN_ASSIGNED_TO     "Design assigned to"
SIMILAR_PART      =  ASSEMBLY.MAINPART.USERDEFINED.[Workflow].DESIGN_ASSIGNED_TO     "Design assigned to"
SIMILAR_PART      = CAST_UNIT.MAINPART.USERDEFINED.[Workflow].DESIGN_ASSIGNED_TO     "Design assigned to"
SIMILAR_ASSEMBLY  =                    USERDEFINED.[Workflow].DESIGN_ASSIGNED_TO     "Design assigned to"
SIMILAR_ASSEMBLY  =           MAINPART.USERDEFINED.[Workflow].DESIGN_ASSIGNED_TO     "Design assigned to"
SIMILAR_CAST_UNIT =                    USERDEFINED.[Workflow].DESIGN_ASSIGNED_TO     "Design assigned to"
SIMILAR_CAST_UNIT =           MAINPART.USERDEFINED.[Workflow].DESIGN_ASSIGNED_TO     "Design assigned to"

PART              =                    USERDEFINED.[Workflow].DESIGN_CODE     "Design code"
PART              =  ASSEMBLY.MAINPART.USERDEFINED.[Workflow].DESIGN_CODE     "Design code"
PART              = CAST_UNIT.MAINPART.USERDEFINED.[Workflow].DESIGN_CODE     "Design code"
ASSEMBLY          =                    USERDEFINED.[Workflow].DESIGN_CODE     "Design code"
ASSEMBLY          =           MAINPART.USERDEFINED.[Workflow].DESIGN_CODE     "Design code"
CAST_UNIT         =                    USERDEFINED.[Workflow].DESIGN_CODE     "Design code"
CAST_UNIT         =           MAINPART.USERDEFINED.[Workflow].DESIGN_CODE     "Design code"
SIMILAR_PART      =                    USERDEFINED.[Workflow].DESIGN_CODE     "Design code"
SIMILAR_PART      =  ASSEMBLY.MAINPART.USERDEFINED.[Workflow].DESIGN_CODE     "Design code"
SIMILAR_PART      = CAST_UNIT.MAINPART.USERDEFINED.[Workflow].DESIGN_CODE     "Design code"
SIMILAR_ASSEMBLY  =                    USERDEFINED.[Workflow].DESIGN_CODE     "Design code"
SIMILAR_ASSEMBLY  =           MAINPART.USERDEFINED.[Workflow].DESIGN_CODE     "Design code"
SIMILAR_CAST_UNIT =                    USERDEFINED.[Workflow].DESIGN_CODE     "Design code"
SIMILAR_CAST_UNIT =           MAINPART.USERDEFINED.[Workflow].DESIGN_CODE     "Design code"

PART              =                    USERDEFINED.[Workflow].PLANS_STATUS     "Status of the plan"
PART              =  ASSEMBLY.MAINPART.USERDEFINED.[Workflow].PLANS_STATUS     "Status of the plan"
PART              = CAST_UNIT.MAINPART.USERDEFINED.[Workflow].PLANS_STATUS     "Status of the plan"
ASSEMBLY          =                    USERDEFINED.[Workflow].PLANS_STATUS     "Status of the plan"
ASSEMBLY          =           MAINPART.USERDEFINED.[Workflow].PLANS_STATUS     "Status of the plan"
CAST_UNIT         =                    USERDEFINED.[Workflow].PLANS_STATUS     "Status of the plan"
CAST_UNIT         =           MAINPART.USERDEFINED.[Workflow].PLANS_STATUS     "Status of the plan"
SIMILAR_PART      =                    USERDEFINED.[Workflow].PLANS_STATUS     "Status of the plan"
SIMILAR_PART      =  ASSEMBLY.MAINPART.USERDEFINED.[Workflow].PLANS_STATUS     "Status of the plan"
SIMILAR_PART      = CAST_UNIT.MAINPART.USERDEFINED.[Workflow].PLANS_STATUS     "Status of the plan"
SIMILAR_ASSEMBLY  =                    USERDEFINED.[Workflow].PLANS_STATUS     "Status of the plan"
SIMILAR_ASSEMBLY  =           MAINPART.USERDEFINED.[Workflow].PLANS_STATUS     "Status of the plan"
SIMILAR_CAST_UNIT =                    USERDEFINED.[Workflow].PLANS_STATUS     "Status of the plan"
SIMILAR_CAST_UNIT =           MAINPART.USERDEFINED.[Workflow].PLANS_STATUS     "Status of the plan"

PART              =                    USERDEFINED.[Workflow].DESIGN_CHECK_DATE     "Check date of design"
PART              =  ASSEMBLY.MAINPART.USERDEFINED.[Workflow].DESIGN_CHECK_DATE     "Check date of design"
PART              = CAST_UNIT.MAINPART.USERDEFINED.[Workflow].DESIGN_CHECK_DATE     "Check date of design"
ASSEMBLY          =                    USERDEFINED.[Workflow].DESIGN_CHECK_DATE     "Check date of design"
ASSEMBLY          =           MAINPART.USERDEFINED.[Workflow].DESIGN_CHECK_DATE     "Check date of design"
CAST_UNIT         =                    USERDEFINED.[Workflow].DESIGN_CHECK_DATE     "Check date of design"
CAST_UNIT         =           MAINPART.USERDEFINED.[Workflow].DESIGN_CHECK_DATE     "Check date of design"
SIMILAR_PART      =                    USERDEFINED.[Workflow].DESIGN_CHECK_DATE     "Check date of design"
SIMILAR_PART      =  ASSEMBLY.MAINPART.USERDEFINED.[Workflow].DESIGN_CHECK_DATE     "Check date of design"
SIMILAR_PART      = CAST_UNIT.MAINPART.USERDEFINED.[Workflow].DESIGN_CHECK_DATE     "Check date of design"
SIMILAR_ASSEMBLY  =                    USERDEFINED.[Workflow].DESIGN_CHECK_DATE     "Check date of design"
SIMILAR_ASSEMBLY  =           MAINPART.USERDEFINED.[Workflow].DESIGN_CHECK_DATE     "Check date of design"
SIMILAR_CAST_UNIT =                    USERDEFINED.[Workflow].DESIGN_CHECK_DATE     "Check date of design"
SIMILAR_CAST_UNIT =           MAINPART.USERDEFINED.[Workflow].DESIGN_CHECK_DATE     "Check date of design"

PART              =                    USERDEFINED.[Workflow].PLANNED_START_D     "Planned start date of design"
PART              =  ASSEMBLY.MAINPART.USERDEFINED.[Workflow].PLANNED_START_D     "Planned start date of design"
PART              = CAST_UNIT.MAINPART.USERDEFINED.[Workflow].PLANNED_START_D     "Planned start date of design"
ASSEMBLY          =                    USERDEFINED.[Workflow].PLANNED_START_D     "Planned start date of design"
ASSEMBLY          =           MAINPART.USERDEFINED.[Workflow].PLANNED_START_D     "Planned start date of design"
CAST_UNIT         =                    USERDEFINED.[Workflow].PLANNED_START_D     "Planned start date of design"
CAST_UNIT         =           MAINPART.USERDEFINED.[Workflow].PLANNED_START_D     "Planned start date of design"
SIMILAR_PART      =                    USERDEFINED.[Workflow].PLANNED_START_D     "Planned start date of design"
SIMILAR_PART      =  ASSEMBLY.MAINPART.USERDEFINED.[Workflow].PLANNED_START_D     "Planned start date of design"
SIMILAR_PART      = CAST_UNIT.MAINPART.USERDEFINED.[Workflow].PLANNED_START_D     "Planned start date of design"
SIMILAR_ASSEMBLY  =                    USERDEFINED.[Workflow].PLANNED_START_D     "Planned start date of design"
SIMILAR_ASSEMBLY  =           MAINPART.USERDEFINED.[Workflow].PLANNED_START_D     "Planned start date of design"
SIMILAR_CAST_UNIT =                    USERDEFINED.[Workflow].PLANNED_START_D     "Planned start date of design"
SIMILAR_CAST_UNIT =           MAINPART.USERDEFINED.[Workflow].PLANNED_START_D     "Planned start date of design"

PART              =                    USERDEFINED.[Workflow].PLANNED_END_D     "Planned end date of design"
PART              =  ASSEMBLY.MAINPART.USERDEFINED.[Workflow].PLANNED_END_D     "Planned end date of design"
PART              = CAST_UNIT.MAINPART.USERDEFINED.[Workflow].PLANNED_END_D     "Planned end date of design"
ASSEMBLY          =                    USERDEFINED.[Workflow].PLANNED_END_D     "Planned end date of design"
ASSEMBLY          =           MAINPART.USERDEFINED.[Workflow].PLANNED_END_D     "Planned end date of design"
CAST_UNIT         =                    USERDEFINED.[Workflow].PLANNED_END_D     "Planned end date of design"
CAST_UNIT         =           MAINPART.USERDEFINED.[Workflow].PLANNED_END_D     "Planned end date of design"
SIMILAR_PART      =                    USERDEFINED.[Workflow].PLANNED_END_D     "Planned end date of design"
SIMILAR_PART      =  ASSEMBLY.MAINPART.USERDEFINED.[Workflow].PLANNED_END_D     "Planned end date of design"
SIMILAR_PART      = CAST_UNIT.MAINPART.USERDEFINED.[Workflow].PLANNED_END_D     "Planned end date of design"
SIMILAR_ASSEMBLY  =                    USERDEFINED.[Workflow].PLANNED_END_D     "Planned end date of design"
SIMILAR_ASSEMBLY  =           MAINPART.USERDEFINED.[Workflow].PLANNED_END_D     "Planned end date of design"
SIMILAR_CAST_UNIT =                    USERDEFINED.[Workflow].PLANNED_END_D     "Planned end date of design"
SIMILAR_CAST_UNIT =           MAINPART.USERDEFINED.[Workflow].PLANNED_END_D     "Planned end date of design"

PART              =                    USERDEFINED.[Workflow].ACTUAL_START_D     "Actual start date of design"
PART              =  ASSEMBLY.MAINPART.USERDEFINED.[Workflow].ACTUAL_START_D     "Actual start date of design"
PART              = CAST_UNIT.MAINPART.USERDEFINED.[Workflow].ACTUAL_START_D     "Actual start date of design"
ASSEMBLY          =                    USERDEFINED.[Workflow].ACTUAL_START_D     "Actual start date of design"
ASSEMBLY          =           MAINPART.USERDEFINED.[Workflow].ACTUAL_START_D     "Actual start date of design"
CAST_UNIT         =                    USERDEFINED.[Workflow].ACTUAL_START_D     "Actual start date of design"
CAST_UNIT         =           MAINPART.USERDEFINED.[Workflow].ACTUAL_START_D     "Actual start date of design"
SIMILAR_PART      =                    USERDEFINED.[Workflow].ACTUAL_START_D     "Actual start date of design"
SIMILAR_PART      =  ASSEMBLY.MAINPART.USERDEFINED.[Workflow].ACTUAL_START_D     "Actual start date of design"
SIMILAR_PART      = CAST_UNIT.MAINPART.USERDEFINED.[Workflow].ACTUAL_START_D     "Actual start date of design"
SIMILAR_ASSEMBLY  =                    USERDEFINED.[Workflow].ACTUAL_START_D     "Actual start date of design"
SIMILAR_ASSEMBLY  =           MAINPART.USERDEFINED.[Workflow].ACTUAL_START_D     "Actual start date of design"
SIMILAR_CAST_UNIT =                    USERDEFINED.[Workflow].ACTUAL_START_D     "Actual start date of design"
SIMILAR_CAST_UNIT =           MAINPART.USERDEFINED.[Workflow].ACTUAL_START_D     "Actual start date of design"

PART              =                    USERDEFINED.[Workflow].ACTUAL_END_D     "Actual end date of design"
PART              =  ASSEMBLY.MAINPART.USERDEFINED.[Workflow].ACTUAL_END_D     "Actual end date of design"
PART              = CAST_UNIT.MAINPART.USERDEFINED.[Workflow].ACTUAL_END_D     "Actual end date of design"
ASSEMBLY          =                    USERDEFINED.[Workflow].ACTUAL_END_D     "Actual end date of design"
ASSEMBLY          =           MAINPART.USERDEFINED.[Workflow].ACTUAL_END_D     "Actual end date of design"
CAST_UNIT         =                    USERDEFINED.[Workflow].ACTUAL_END_D     "Actual end date of design"
CAST_UNIT         =           MAINPART.USERDEFINED.[Workflow].ACTUAL_END_D     "Actual end date of design"
SIMILAR_PART      =                    USERDEFINED.[Workflow].ACTUAL_END_D     "Actual end date of design"
SIMILAR_PART      =  ASSEMBLY.MAINPART.USERDEFINED.[Workflow].ACTUAL_END_D     "Actual end date of design"
SIMILAR_PART      = CAST_UNIT.MAINPART.USERDEFINED.[Workflow].ACTUAL_END_D     "Actual end date of design"
SIMILAR_ASSEMBLY  =                    USERDEFINED.[Workflow].ACTUAL_END_D     "Actual end date of design"
SIMILAR_ASSEMBLY  =           MAINPART.USERDEFINED.[Workflow].ACTUAL_END_D     "Actual end date of design"
SIMILAR_CAST_UNIT =                    USERDEFINED.[Workflow].ACTUAL_END_D     "Actual end date of design"
SIMILAR_CAST_UNIT =           MAINPART.USERDEFINED.[Workflow].ACTUAL_END_D     "Actual end date of design"

PART              =                    USERDEFINED.[Workflow].FABRICATION_CODE     "Fabrication code"
PART              =  ASSEMBLY.MAINPART.USERDEFINED.[Workflow].FABRICATION_CODE     "Fabrication code"
PART              = CAST_UNIT.MAINPART.USERDEFINED.[Workflow].FABRICATION_CODE     "Fabrication code"
ASSEMBLY          =                    USERDEFINED.[Workflow].FABRICATION_CODE     "Fabrication code"
ASSEMBLY          =           MAINPART.USERDEFINED.[Workflow].FABRICATION_CODE     "Fabrication code"
CAST_UNIT         =                    USERDEFINED.[Workflow].FABRICATION_CODE     "Fabrication code"
CAST_UNIT         =           MAINPART.USERDEFINED.[Workflow].FABRICATION_CODE     "Fabrication code"
SIMILAR_PART      =                    USERDEFINED.[Workflow].FABRICATION_CODE     "Fabrication code"
SIMILAR_PART      =  ASSEMBLY.MAINPART.USERDEFINED.[Workflow].FABRICATION_CODE     "Fabrication code"
SIMILAR_PART      = CAST_UNIT.MAINPART.USERDEFINED.[Workflow].FABRICATION_CODE     "Fabrication code"
SIMILAR_ASSEMBLY  =                    USERDEFINED.[Workflow].FABRICATION_CODE     "Fabrication code"
SIMILAR_ASSEMBLY  =           MAINPART.USERDEFINED.[Workflow].FABRICATION_CODE     "Fabrication code"
SIMILAR_CAST_UNIT =                    USERDEFINED.[Workflow].FABRICATION_CODE     "Fabrication code"
SIMILAR_CAST_UNIT =           MAINPART.USERDEFINED.[Workflow].FABRICATION_CODE     "Fabrication code"

PART              =                    USERDEFINED.[Workflow].DELIVERY_NUMBER     "Delivery number"
PART              =  ASSEMBLY.MAINPART.USERDEFINED.[Workflow].DELIVERY_NUMBER     "Delivery number"
PART              = CAST_UNIT.MAINPART.USERDEFINED.[Workflow].DELIVERY_NUMBER     "Delivery number"
ASSEMBLY          =                    USERDEFINED.[Workflow].DELIVERY_NUMBER     "Delivery number"
ASSEMBLY          =           MAINPART.USERDEFINED.[Workflow].DELIVERY_NUMBER     "Delivery number"
CAST_UNIT         =                    USERDEFINED.[Workflow].DELIVERY_NUMBER     "Delivery number"
CAST_UNIT         =           MAINPART.USERDEFINED.[Workflow].DELIVERY_NUMBER     "Delivery number"
SIMILAR_PART      =                    USERDEFINED.[Workflow].DELIVERY_NUMBER     "Delivery number"
SIMILAR_PART      =  ASSEMBLY.MAINPART.USERDEFINED.[Workflow].DELIVERY_NUMBER     "Delivery number"
SIMILAR_PART      = CAST_UNIT.MAINPART.USERDEFINED.[Workflow].DELIVERY_NUMBER     "Delivery number"
SIMILAR_ASSEMBLY  =                    USERDEFINED.[Workflow].DELIVERY_NUMBER     "Delivery number"
SIMILAR_ASSEMBLY  =           MAINPART.USERDEFINED.[Workflow].DELIVERY_NUMBER     "Delivery number"
SIMILAR_CAST_UNIT =                    USERDEFINED.[Workflow].DELIVERY_NUMBER     "Delivery number"
SIMILAR_CAST_UNIT =           MAINPART.USERDEFINED.[Workflow].DELIVERY_NUMBER     "Delivery number"

PART              =                    USERDEFINED.[Workflow].PACKAGE_NUMBER     "Package number"
PART              =  ASSEMBLY.MAINPART.USERDEFINED.[Workflow].PACKAGE_NUMBER     "Package number"
PART              = CAST_UNIT.MAINPART.USERDEFINED.[Workflow].PACKAGE_NUMBER     "Package number"
ASSEMBLY          =                    USERDEFINED.[Workflow].PACKAGE_NUMBER     "Package number"
ASSEMBLY          =           MAINPART.USERDEFINED.[Workflow].PACKAGE_NUMBER     "Package number"
CAST_UNIT         =                    USERDEFINED.[Workflow].PACKAGE_NUMBER     "Package number"
CAST_UNIT         =           MAINPART.USERDEFINED.[Workflow].PACKAGE_NUMBER     "Package number"
SIMILAR_PART      =                    USERDEFINED.[Workflow].PACKAGE_NUMBER     "Package number"
SIMILAR_PART      =  ASSEMBLY.MAINPART.USERDEFINED.[Workflow].PACKAGE_NUMBER     "Package number"
SIMILAR_PART      = CAST_UNIT.MAINPART.USERDEFINED.[Workflow].PACKAGE_NUMBER     "Package number"
SIMILAR_ASSEMBLY  =                    USERDEFINED.[Workflow].PACKAGE_NUMBER     "Package number"
SIMILAR_ASSEMBLY  =           MAINPART.USERDEFINED.[Workflow].PACKAGE_NUMBER     "Package number"
SIMILAR_CAST_UNIT =                    USERDEFINED.[Workflow].PACKAGE_NUMBER     "Package number"
SIMILAR_CAST_UNIT =           MAINPART.USERDEFINED.[Workflow].PACKAGE_NUMBER     "Package number"

PART              =                    USERDEFINED.[Workflow].SHIPMENT_NUMBER     "Shipment number"
PART              =  ASSEMBLY.MAINPART.USERDEFINED.[Workflow].SHIPMENT_NUMBER     "Shipment number"
PART              = CAST_UNIT.MAINPART.USERDEFINED.[Workflow].SHIPMENT_NUMBER     "Shipment number"
ASSEMBLY          =                    USERDEFINED.[Workflow].SHIPMENT_NUMBER     "Shipment number"
ASSEMBLY          =           MAINPART.USERDEFINED.[Workflow].SHIPMENT_NUMBER     "Shipment number"
CAST_UNIT         =                    USERDEFINED.[Workflow].SHIPMENT_NUMBER     "Shipment number"
CAST_UNIT         =           MAINPART.USERDEFINED.[Workflow].SHIPMENT_NUMBER     "Shipment number"
SIMILAR_PART      =                    USERDEFINED.[Workflow].SHIPMENT_NUMBER     "Shipment number"
SIMILAR_PART      =  ASSEMBLY.MAINPART.USERDEFINED.[Workflow].SHIPMENT_NUMBER     "Shipment number"
SIMILAR_PART      = CAST_UNIT.MAINPART.USERDEFINED.[Workflow].SHIPMENT_NUMBER     "Shipment number"
SIMILAR_ASSEMBLY  =                    USERDEFINED.[Workflow].SHIPMENT_NUMBER     "Shipment number"
SIMILAR_ASSEMBLY  =           MAINPART.USERDEFINED.[Workflow].SHIPMENT_NUMBER     "Shipment number"
SIMILAR_CAST_UNIT =                    USERDEFINED.[Workflow].SHIPMENT_NUMBER     "Shipment number"
SIMILAR_CAST_UNIT =           MAINPART.USERDEFINED.[Workflow].SHIPMENT_NUMBER     "Shipment number"

PART              =                    USERDEFINED.[Workflow].FABRICATION_STATUS     "Status of fabrication"
PART              =  ASSEMBLY.MAINPART.USERDEFINED.[Workflow].FABRICATION_STATUS     "Status of fabrication"
PART              = CAST_UNIT.MAINPART.USERDEFINED.[Workflow].FABRICATION_STATUS     "Status of fabrication"
ASSEMBLY          =                    USERDEFINED.[Workflow].FABRICATION_STATUS     "Status of fabrication"
ASSEMBLY          =           MAINPART.USERDEFINED.[Workflow].FABRICATION_STATUS     "Status of fabrication"
CAST_UNIT         =                    USERDEFINED.[Workflow].FABRICATION_STATUS     "Status of fabrication"
CAST_UNIT         =           MAINPART.USERDEFINED.[Workflow].FABRICATION_STATUS     "Status of fabrication"
SIMILAR_PART      =                    USERDEFINED.[Workflow].FABRICATION_STATUS     "Status of fabrication"
SIMILAR_PART      =  ASSEMBLY.MAINPART.USERDEFINED.[Workflow].FABRICATION_STATUS     "Status of fabrication"
SIMILAR_PART      = CAST_UNIT.MAINPART.USERDEFINED.[Workflow].FABRICATION_STATUS     "Status of fabrication"
SIMILAR_ASSEMBLY  =                    USERDEFINED.[Workflow].FABRICATION_STATUS     "Status of fabrication"
SIMILAR_ASSEMBLY  =           MAINPART.USERDEFINED.[Workflow].FABRICATION_STATUS     "Status of fabrication"
SIMILAR_CAST_UNIT =                    USERDEFINED.[Workflow].FABRICATION_STATUS     "Status of fabrication"
SIMILAR_CAST_UNIT =           MAINPART.USERDEFINED.[Workflow].FABRICATION_STATUS     "Status of fabrication"

PART              =                    USERDEFINED.[Workflow].PLANNED_START_F     "Planned start date of fabrication"
PART              =  ASSEMBLY.MAINPART.USERDEFINED.[Workflow].PLANNED_START_F     "Planned start date of fabrication"
PART              = CAST_UNIT.MAINPART.USERDEFINED.[Workflow].PLANNED_START_F     "Planned start date of fabrication"
ASSEMBLY          =                    USERDEFINED.[Workflow].PLANNED_START_F     "Planned start date of fabrication"
ASSEMBLY          =           MAINPART.USERDEFINED.[Workflow].PLANNED_START_F     "Planned start date of fabrication"
CAST_UNIT         =                    USERDEFINED.[Workflow].PLANNED_START_F     "Planned start date of fabrication"
CAST_UNIT         =           MAINPART.USERDEFINED.[Workflow].PLANNED_START_F     "Planned start date of fabrication"
SIMILAR_PART      =                    USERDEFINED.[Workflow].PLANNED_START_F     "Planned start date of fabrication"
SIMILAR_PART      =  ASSEMBLY.MAINPART.USERDEFINED.[Workflow].PLANNED_START_F     "Planned start date of fabrication"
SIMILAR_PART      = CAST_UNIT.MAINPART.USERDEFINED.[Workflow].PLANNED_START_F     "Planned start date of fabrication"
SIMILAR_ASSEMBLY  =                    USERDEFINED.[Workflow].PLANNED_START_F     "Planned start date of fabrication"
SIMILAR_ASSEMBLY  =           MAINPART.USERDEFINED.[Workflow].PLANNED_START_F     "Planned start date of fabrication"
SIMILAR_CAST_UNIT =                    USERDEFINED.[Workflow].PLANNED_START_F     "Planned start date of fabrication"
SIMILAR_CAST_UNIT =           MAINPART.USERDEFINED.[Workflow].PLANNED_START_F     "Planned start date of fabrication"

PART              =                    USERDEFINED.[Workflow].PLANNED_END_F     "Planned end date of fabrication"
PART              =  ASSEMBLY.MAINPART.USERDEFINED.[Workflow].PLANNED_END_F     "Planned end date of fabrication"
PART              = CAST_UNIT.MAINPART.USERDEFINED.[Workflow].PLANNED_END_F     "Planned end date of fabrication"
ASSEMBLY          =                    USERDEFINED.[Workflow].PLANNED_END_F     "Planned end date of fabrication"
ASSEMBLY          =           MAINPART.USERDEFINED.[Workflow].PLANNED_END_F     "Planned end date of fabrication"
CAST_UNIT         =                    USERDEFINED.[Workflow].PLANNED_END_F     "Planned end date of fabrication"
CAST_UNIT         =           MAINPART.USERDEFINED.[Workflow].PLANNED_END_F     "Planned end date of fabrication"
SIMILAR_PART      =                    USERDEFINED.[Workflow].PLANNED_END_F     "Planned end date of fabrication"
SIMILAR_PART      =  ASSEMBLY.MAINPART.USERDEFINED.[Workflow].PLANNED_END_F     "Planned end date of fabrication"
SIMILAR_PART      = CAST_UNIT.MAINPART.USERDEFINED.[Workflow].PLANNED_END_F     "Planned end date of fabrication"
SIMILAR_ASSEMBLY  =                    USERDEFINED.[Workflow].PLANNED_END_F     "Planned end date of fabrication"
SIMILAR_ASSEMBLY  =           MAINPART.USERDEFINED.[Workflow].PLANNED_END_F     "Planned end date of fabrication"
SIMILAR_CAST_UNIT =                    USERDEFINED.[Workflow].PLANNED_END_F     "Planned end date of fabrication"
SIMILAR_CAST_UNIT =           MAINPART.USERDEFINED.[Workflow].PLANNED_END_F     "Planned end date of fabrication"

PART              =                    USERDEFINED.[Workflow].ACTUAL_START_F     "Actual start date of fabrication"
PART              =  ASSEMBLY.MAINPART.USERDEFINED.[Workflow].ACTUAL_START_F     "Actual start date of fabrication"
PART              = CAST_UNIT.MAINPART.USERDEFINED.[Workflow].ACTUAL_START_F     "Actual start date of fabrication"
ASSEMBLY          =                    USERDEFINED.[Workflow].ACTUAL_START_F     "Actual start date of fabrication"
ASSEMBLY          =           MAINPART.USERDEFINED.[Workflow].ACTUAL_START_F     "Actual start date of fabrication"
CAST_UNIT         =                    USERDEFINED.[Workflow].ACTUAL_START_F     "Actual start date of fabrication"
CAST_UNIT         =           MAINPART.USERDEFINED.[Workflow].ACTUAL_START_F     "Actual start date of fabrication"
SIMILAR_PART      =                    USERDEFINED.[Workflow].ACTUAL_START_F     "Actual start date of fabrication"
SIMILAR_PART      =  ASSEMBLY.MAINPART.USERDEFINED.[Workflow].ACTUAL_START_F     "Actual start date of fabrication"
SIMILAR_PART      = CAST_UNIT.MAINPART.USERDEFINED.[Workflow].ACTUAL_START_F     "Actual start date of fabrication"
SIMILAR_ASSEMBLY  =                    USERDEFINED.[Workflow].ACTUAL_START_F     "Actual start date of fabrication"
SIMILAR_ASSEMBLY  =           MAINPART.USERDEFINED.[Workflow].ACTUAL_START_F     "Actual start date of fabrication"
SIMILAR_CAST_UNIT =                    USERDEFINED.[Workflow].ACTUAL_START_F     "Actual start date of fabrication"
SIMILAR_CAST_UNIT =           MAINPART.USERDEFINED.[Workflow].ACTUAL_START_F     "Actual start date of fabrication"

PART              =                    USERDEFINED.[Workflow].ACTUAL_END_F     "Actual end date of fabrication"
PART              =  ASSEMBLY.MAINPART.USERDEFINED.[Workflow].ACTUAL_END_F     "Actual end date of fabrication"
PART              = CAST_UNIT.MAINPART.USERDEFINED.[Workflow].ACTUAL_END_F     "Actual end date of fabrication"
ASSEMBLY          =                    USERDEFINED.[Workflow].ACTUAL_END_F     "Actual end date of fabrication"
ASSEMBLY          =           MAINPART.USERDEFINED.[Workflow].ACTUAL_END_F     "Actual end date of fabrication"
CAST_UNIT         =                    USERDEFINED.[Workflow].ACTUAL_END_F     "Actual end date of fabrication"
CAST_UNIT         =           MAINPART.USERDEFINED.[Workflow].ACTUAL_END_F     "Actual end date of fabrication"
SIMILAR_PART      =                    USERDEFINED.[Workflow].ACTUAL_END_F     "Actual end date of fabrication"
SIMILAR_PART      =  ASSEMBLY.MAINPART.USERDEFINED.[Workflow].ACTUAL_END_F     "Actual end date of fabrication"
SIMILAR_PART      = CAST_UNIT.MAINPART.USERDEFINED.[Workflow].ACTUAL_END_F     "Actual end date of fabrication"
SIMILAR_ASSEMBLY  =                    USERDEFINED.[Workflow].ACTUAL_END_F     "Actual end date of fabrication"
SIMILAR_ASSEMBLY  =           MAINPART.USERDEFINED.[Workflow].ACTUAL_END_F     "Actual end date of fabrication"
SIMILAR_CAST_UNIT =                    USERDEFINED.[Workflow].ACTUAL_END_F     "Actual end date of fabrication"
SIMILAR_CAST_UNIT =           MAINPART.USERDEFINED.[Workflow].ACTUAL_END_F     "Actual end date of fabrication"

PART              =                    USERDEFINED.[Workflow].ERECTION_CODE     "Erection code"
PART              =  ASSEMBLY.MAINPART.USERDEFINED.[Workflow].ERECTION_CODE     "Erection code"
PART              = CAST_UNIT.MAINPART.USERDEFINED.[Workflow].ERECTION_CODE     "Erection code"
ASSEMBLY          =                    USERDEFINED.[Workflow].ERECTION_CODE     "Erection code"
ASSEMBLY          =           MAINPART.USERDEFINED.[Workflow].ERECTION_CODE     "Erection code"
CAST_UNIT         =                    USERDEFINED.[Workflow].ERECTION_CODE     "Erection code"
CAST_UNIT         =           MAINPART.USERDEFINED.[Workflow].ERECTION_CODE     "Erection code"
SIMILAR_PART      =                    USERDEFINED.[Workflow].ERECTION_CODE     "Erection code"
SIMILAR_PART      =  ASSEMBLY.MAINPART.USERDEFINED.[Workflow].ERECTION_CODE     "Erection code"
SIMILAR_PART      = CAST_UNIT.MAINPART.USERDEFINED.[Workflow].ERECTION_CODE     "Erection code"
SIMILAR_ASSEMBLY  =                    USERDEFINED.[Workflow].ERECTION_CODE     "Erection code"
SIMILAR_ASSEMBLY  =           MAINPART.USERDEFINED.[Workflow].ERECTION_CODE     "Erection code"
SIMILAR_CAST_UNIT =                    USERDEFINED.[Workflow].ERECTION_CODE     "Erection code"
SIMILAR_CAST_UNIT =           MAINPART.USERDEFINED.[Workflow].ERECTION_CODE     "Erection code"

PART              =                    USERDEFINED.[Workflow].ERECTION_COMMENT     "Erection comment"
PART              =  ASSEMBLY.MAINPART.USERDEFINED.[Workflow].ERECTION_COMMENT     "Erection comment"
PART              = CAST_UNIT.MAINPART.USERDEFINED.[Workflow].ERECTION_COMMENT     "Erection comment"
ASSEMBLY          =                    USERDEFINED.[Workflow].ERECTION_COMMENT     "Erection comment"
ASSEMBLY          =           MAINPART.USERDEFINED.[Workflow].ERECTION_COMMENT     "Erection comment"
CAST_UNIT         =                    USERDEFINED.[Workflow].ERECTION_COMMENT     "Erection comment"
CAST_UNIT         =           MAINPART.USERDEFINED.[Workflow].ERECTION_COMMENT     "Erection comment"
SIMILAR_PART      =                    USERDEFINED.[Workflow].ERECTION_COMMENT     "Erection comment"
SIMILAR_PART      =  ASSEMBLY.MAINPART.USERDEFINED.[Workflow].ERECTION_COMMENT     "Erection comment"
SIMILAR_PART      = CAST_UNIT.MAINPART.USERDEFINED.[Workflow].ERECTION_COMMENT     "Erection comment"
SIMILAR_ASSEMBLY  =                    USERDEFINED.[Workflow].ERECTION_COMMENT     "Erection comment"
SIMILAR_ASSEMBLY  =           MAINPART.USERDEFINED.[Workflow].ERECTION_COMMENT     "Erection comment"
SIMILAR_CAST_UNIT =                    USERDEFINED.[Workflow].ERECTION_COMMENT     "Erection comment"
SIMILAR_CAST_UNIT =           MAINPART.USERDEFINED.[Workflow].ERECTION_COMMENT     "Erection comment"

PART              =                    USERDEFINED.[Workflow].ERECTION_STATUS     "Status of erection"
PART              =  ASSEMBLY.MAINPART.USERDEFINED.[Workflow].ERECTION_STATUS     "Status of erection"
PART              = CAST_UNIT.MAINPART.USERDEFINED.[Workflow].ERECTION_STATUS     "Status of erection"
ASSEMBLY          =                    USERDEFINED.[Workflow].ERECTION_STATUS     "Status of erection"
ASSEMBLY          =           MAINPART.USERDEFINED.[Workflow].ERECTION_STATUS     "Status of erection"
CAST_UNIT         =                    USERDEFINED.[Workflow].ERECTION_STATUS     "Status of erection"
CAST_UNIT         =           MAINPART.USERDEFINED.[Workflow].ERECTION_STATUS     "Status of erection"
SIMILAR_PART      =                    USERDEFINED.[Workflow].ERECTION_STATUS     "Status of erection"
SIMILAR_PART      =  ASSEMBLY.MAINPART.USERDEFINED.[Workflow].ERECTION_STATUS     "Status of erection"
SIMILAR_PART      = CAST_UNIT.MAINPART.USERDEFINED.[Workflow].ERECTION_STATUS     "Status of erection"
SIMILAR_ASSEMBLY  =                    USERDEFINED.[Workflow].ERECTION_STATUS     "Status of erection"
SIMILAR_ASSEMBLY  =           MAINPART.USERDEFINED.[Workflow].ERECTION_STATUS     "Status of erection"
SIMILAR_CAST_UNIT =                    USERDEFINED.[Workflow].ERECTION_STATUS     "Status of erection"
SIMILAR_CAST_UNIT =           MAINPART.USERDEFINED.[Workflow].ERECTION_STATUS     "Status of erection"

PART              =                    USERDEFINED.[Workflow].CIP_STATUS     "Status of cast in place"
PART              =  ASSEMBLY.MAINPART.USERDEFINED.[Workflow].CIP_STATUS     "Status of cast in place"
PART              = CAST_UNIT.MAINPART.USERDEFINED.[Workflow].CIP_STATUS     "Status of cast in place"
ASSEMBLY          =                    USERDEFINED.[Workflow].CIP_STATUS     "Status of cast in place"
ASSEMBLY          =           MAINPART.USERDEFINED.[Workflow].CIP_STATUS     "Status of cast in place"
CAST_UNIT         =                    USERDEFINED.[Workflow].CIP_STATUS     "Status of cast in place"
CAST_UNIT         =           MAINPART.USERDEFINED.[Workflow].CIP_STATUS     "Status of cast in place"
SIMILAR_PART      =                    USERDEFINED.[Workflow].CIP_STATUS     "Status of cast in place"
SIMILAR_PART      =  ASSEMBLY.MAINPART.USERDEFINED.[Workflow].CIP_STATUS     "Status of cast in place"
SIMILAR_PART      = CAST_UNIT.MAINPART.USERDEFINED.[Workflow].CIP_STATUS     "Status of cast in place"
SIMILAR_ASSEMBLY  =                    USERDEFINED.[Workflow].CIP_STATUS     "Status of cast in place"
SIMILAR_ASSEMBLY  =           MAINPART.USERDEFINED.[Workflow].CIP_STATUS     "Status of cast in place"
SIMILAR_CAST_UNIT =                    USERDEFINED.[Workflow].CIP_STATUS     "Status of cast in place"
SIMILAR_CAST_UNIT =           MAINPART.USERDEFINED.[Workflow].CIP_STATUS     "Status of cast in place"

PART              =                    USERDEFINED.[Workflow].PLANNED_START_E     "Planned start date of erection"
PART              =  ASSEMBLY.MAINPART.USERDEFINED.[Workflow].PLANNED_START_E     "Planned start date of erection"
PART              = CAST_UNIT.MAINPART.USERDEFINED.[Workflow].PLANNED_START_E     "Planned start date of erection"
ASSEMBLY          =                    USERDEFINED.[Workflow].PLANNED_START_E     "Planned start date of erection"
ASSEMBLY          =           MAINPART.USERDEFINED.[Workflow].PLANNED_START_E     "Planned start date of erection"
CAST_UNIT         =                    USERDEFINED.[Workflow].PLANNED_START_E     "Planned start date of erection"
CAST_UNIT         =           MAINPART.USERDEFINED.[Workflow].PLANNED_START_E     "Planned start date of erection"
SIMILAR_PART      =                    USERDEFINED.[Workflow].PLANNED_START_E     "Planned start date of erection"
SIMILAR_PART      =  ASSEMBLY.MAINPART.USERDEFINED.[Workflow].PLANNED_START_E     "Planned start date of erection"
SIMILAR_PART      = CAST_UNIT.MAINPART.USERDEFINED.[Workflow].PLANNED_START_E     "Planned start date of erection"
SIMILAR_ASSEMBLY  =                    USERDEFINED.[Workflow].PLANNED_START_E     "Planned start date of erection"
SIMILAR_ASSEMBLY  =           MAINPART.USERDEFINED.[Workflow].PLANNED_START_E     "Planned start date of erection"
SIMILAR_CAST_UNIT =                    USERDEFINED.[Workflow].PLANNED_START_E     "Planned start date of erection"
SIMILAR_CAST_UNIT =           MAINPART.USERDEFINED.[Workflow].PLANNED_START_E     "Planned start date of erection"

PART              =                    USERDEFINED.[Workflow].PLANNED_END_E     "Planned end date of erection"
PART              =  ASSEMBLY.MAINPART.USERDEFINED.[Workflow].PLANNED_END_E     "Planned end date of erection"
PART              = CAST_UNIT.MAINPART.USERDEFINED.[Workflow].PLANNED_END_E     "Planned end date of erection"
ASSEMBLY          =                    USERDEFINED.[Workflow].PLANNED_END_E     "Planned end date of erection"
ASSEMBLY          =           MAINPART.USERDEFINED.[Workflow].PLANNED_END_E     "Planned end date of erection"
CAST_UNIT         =                    USERDEFINED.[Workflow].PLANNED_END_E     "Planned end date of erection"
CAST_UNIT         =           MAINPART.USERDEFINED.[Workflow].PLANNED_END_E     "Planned end date of erection"
SIMILAR_PART      =                    USERDEFINED.[Workflow].PLANNED_END_E     "Planned end date of erection"
SIMILAR_PART      =  ASSEMBLY.MAINPART.USERDEFINED.[Workflow].PLANNED_END_E     "Planned end date of erection"
SIMILAR_PART      = CAST_UNIT.MAINPART.USERDEFINED.[Workflow].PLANNED_END_E     "Planned end date of erection"
SIMILAR_ASSEMBLY  =                    USERDEFINED.[Workflow].PLANNED_END_E     "Planned end date of erection"
SIMILAR_ASSEMBLY  =           MAINPART.USERDEFINED.[Workflow].PLANNED_END_E     "Planned end date of erection"
SIMILAR_CAST_UNIT =                    USERDEFINED.[Workflow].PLANNED_END_E     "Planned end date of erection"
SIMILAR_CAST_UNIT =           MAINPART.USERDEFINED.[Workflow].PLANNED_END_E     "Planned end date of erection"

PART              =                    USERDEFINED.[Workflow].ACTUAL_START_E     "Actual start date of erection"
PART              =  ASSEMBLY.MAINPART.USERDEFINED.[Workflow].ACTUAL_START_E     "Actual start date of erection"
PART              = CAST_UNIT.MAINPART.USERDEFINED.[Workflow].ACTUAL_START_E     "Actual start date of erection"
ASSEMBLY          =                    USERDEFINED.[Workflow].ACTUAL_START_E     "Actual start date of erection"
ASSEMBLY          =           MAINPART.USERDEFINED.[Workflow].ACTUAL_START_E     "Actual start date of erection"
CAST_UNIT         =                    USERDEFINED.[Workflow].ACTUAL_START_E     "Actual start date of erection"
CAST_UNIT         =           MAINPART.USERDEFINED.[Workflow].ACTUAL_START_E     "Actual start date of erection"
SIMILAR_PART      =                    USERDEFINED.[Workflow].ACTUAL_START_E     "Actual start date of erection"
SIMILAR_PART      =  ASSEMBLY.MAINPART.USERDEFINED.[Workflow].ACTUAL_START_E     "Actual start date of erection"
SIMILAR_PART      = CAST_UNIT.MAINPART.USERDEFINED.[Workflow].ACTUAL_START_E     "Actual start date of erection"
SIMILAR_ASSEMBLY  =                    USERDEFINED.[Workflow].ACTUAL_START_E     "Actual start date of erection"
SIMILAR_ASSEMBLY  =           MAINPART.USERDEFINED.[Workflow].ACTUAL_START_E     "Actual start date of erection"
SIMILAR_CAST_UNIT =                    USERDEFINED.[Workflow].ACTUAL_START_E     "Actual start date of erection"
SIMILAR_CAST_UNIT =           MAINPART.USERDEFINED.[Workflow].ACTUAL_START_E     "Actual start date of erection"

PART              =                    USERDEFINED.[Workflow].ACTUAL_END_E     "Actual end date of erection"
PART              =  ASSEMBLY.MAINPART.USERDEFINED.[Workflow].ACTUAL_END_E     "Actual end date of erection"
PART              = CAST_UNIT.MAINPART.USERDEFINED.[Workflow].ACTUAL_END_E     "Actual end date of erection"
ASSEMBLY          =                    USERDEFINED.[Workflow].ACTUAL_END_E     "Actual end date of erection"
ASSEMBLY          =           MAINPART.USERDEFINED.[Workflow].ACTUAL_END_E     "Actual end date of erection"
CAST_UNIT         =                    USERDEFINED.[Workflow].ACTUAL_END_E     "Actual end date of erection"
CAST_UNIT         =           MAINPART.USERDEFINED.[Workflow].ACTUAL_END_E     "Actual end date of erection"
SIMILAR_PART      =                    USERDEFINED.[Workflow].ACTUAL_END_E     "Actual end date of erection"
SIMILAR_PART      =  ASSEMBLY.MAINPART.USERDEFINED.[Workflow].ACTUAL_END_E     "Actual end date of erection"
SIMILAR_PART      = CAST_UNIT.MAINPART.USERDEFINED.[Workflow].ACTUAL_END_E     "Actual end date of erection"
SIMILAR_ASSEMBLY  =                    USERDEFINED.[Workflow].ACTUAL_END_E     "Actual end date of erection"
SIMILAR_ASSEMBLY  =           MAINPART.USERDEFINED.[Workflow].ACTUAL_END_E     "Actual end date of erection"
SIMILAR_CAST_UNIT =                    USERDEFINED.[Workflow].ACTUAL_END_E     "Actual end date of erection"
SIMILAR_CAST_UNIT =           MAINPART.USERDEFINED.[Workflow].ACTUAL_END_E     "Actual end date of erection"


PART              =                    USERDEFINED.[FAB/SITE].D_DELIVERY     "CAST_UNIT.USERDEFINED.D_DELIVERY"
PART              =  ASSEMBLY.MAINPART.USERDEFINED.[FAB/SITE].D_DELIVERY     "CAST_UNIT.USERDEFINED.D_DELIVERY"
PART              = CAST_UNIT.MAINPART.USERDEFINED.[FAB/SITE].D_DELIVERY     "CAST_UNIT.USERDEFINED.D_DELIVERY"
ASSEMBLY          =           MAINPART.USERDEFINED.[FAB/SITE].D_DELIVERY     "CAST_UNIT.USERDEFINED.D_DELIVERY"
CAST_UNIT         =           MAINPART.USERDEFINED.[FAB/SITE].D_DELIVERY     "CAST_UNIT.USERDEFINED.D_DELIVERY"
SIMILAR_PART      =                    USERDEFINED.[FAB/SITE].D_DELIVERY     "CAST_UNIT.USERDEFINED.D_DELIVERY"
SIMILAR_PART      =  ASSEMBLY.MAINPART.USERDEFINED.[FAB/SITE].D_DELIVERY     "CAST_UNIT.USERDEFINED.D_DELIVERY"     
SIMILAR_PART      = CAST_UNIT.MAINPART.USERDEFINED.[FAB/SITE].D_DELIVERY     "CAST_UNIT.USERDEFINED.D_DELIVERY"
SIMILAR_ASSEMBLY  =           MAINPART.USERDEFINED.[FAB/SITE].D_DELIVERY     "CAST_UNIT.USERDEFINED.D_DELIVERY"
SIMILAR_CAST_UNIT =           MAINPART.USERDEFINED.[FAB/SITE].D_DELIVERY     "CAST_UNIT.USERDEFINED.D_DELIVERY"

// ================================
//   Bolt attributes
//   --------------------------
// ================================
BOLT		= USERDEFINED.BOLT_COMMENT
BOLT		= USERDEFINED.BOLT_USERFIELD_1
BOLT		= USERDEFINED.BOLT_USERFIELD_2
BOLT		= USERDEFINED.BOLT_USERFIELD_3
BOLT		= USERDEFINED.BOLT_USERFIELD_4
BOLT		= USERDEFINED.BOLT_USERFIELD_5
BOLT		= USERDEFINED.BOLT_USERFIELD_6
BOLT		= USERDEFINED.BOLT_USERFIELD_7
BOLT		= USERDEFINED.BOLT_USERFIELD_8

// ================================
//   Pour Break
//   --------------------------
//   tab_page("","jd_Parameters",3)
// ================================
POUR_BREAK      = USERDEFINED.COMMENT
POUR_BREAK      = USERDEFINED.BREAK_TYPE

// ================================
//   Pour Object
//   --------------------------
//   tab_page("","j_Pour_Object",3)
//   tab_page("","jd_Parameters",4)
//   tab_page("TAB_WORKFLOW_POUR","j_Workflow",4) 
// ================================
POUR_OBJECT      = USERDEFINED.[PourObject].POUR_NUMBER
POUR_OBJECT      = USERDEFINED.[PourObject].POUR_TYPE
POUR_OBJECT      = USERDEFINED.[PourObject].CONCRETE_MIXTURE
POUR_OBJECT      = USERDEFINED.[PourObject].COMMENT
POUR_OBJECT      = USERDEFINED.[Workflow].FORMWORK_CHECKED_BY
POUR_OBJECT      = USERDEFINED.[Workflow].FORMWORK_COMMENT
POUR_OBJECT      = USERDEFINED.[Workflow].FORMWORK_STATUS
POUR_OBJECT      = USERDEFINED.[Workflow].FORMWORK_CHECK_DATE
POUR_OBJECT      = USERDEFINED.[Workflow].PLANNED_START_FORM
POUR_OBJECT      = USERDEFINED.[Workflow].PLANNED_END_FORM
POUR_OBJECT      = USERDEFINED.[Workflow].ACTUAL_START_FORM
POUR_OBJECT      = USERDEFINED.[Workflow].ACTUAL_END_FORM
POUR_OBJECT      = USERDEFINED.[Workflow].REBAR_CHECKED_BY
POUR_OBJECT      = USERDEFINED.[Workflow].REBAR_COMMENT
POUR_OBJECT      = USERDEFINED.[Workflow].REBAR_RELEASE_NO
POUR_OBJECT      = USERDEFINED.[Workflow].REBAR_SHIPMENT_NO
POUR_OBJECT      = USERDEFINED.[Workflow].REBAR_STATUS
POUR_OBJECT      = USERDEFINED.[Workflow].REBAR_CHECK_DATE
POUR_OBJECT      = USERDEFINED.[Workflow].PLANNED_START_REBAR
POUR_OBJECT      = USERDEFINED.[Workflow].PLANNED_END_REBAR
POUR_OBJECT      = USERDEFINED.[Workflow].ACTUAL_START_REBAR
POUR_OBJECT      = USERDEFINED.[Workflow].ACTUAL_END_REBAR
POUR_OBJECT      = USERDEFINED.[Workflow].POUR_CHECKED_BY
POUR_OBJECT      = USERDEFINED.[Workflow].POUR_COMMENT
POUR_OBJECT      = USERDEFINED.[Workflow].POUR_STATUS
POUR_OBJECT      = USERDEFINED.[Workflow].POUR_CHECK_DATE
POUR_OBJECT      = USERDEFINED.[Workflow].PLANNED_START_POUR
POUR_OBJECT      = USERDEFINED.[Workflow].PLANNED_END_POUR
POUR_OBJECT      = USERDEFINED.[Workflow].ACTUAL_START_POUR
POUR_OBJECT      = USERDEFINED.[Workflow].ACTUAL_END_POUR
POUR_OBJECT      = USERDEFINED.[Parameters].USER_FIELD_1
POUR_OBJECT      = USERDEFINED.[Parameters].USER_FIELD_2
POUR_OBJECT      = USERDEFINED.[Parameters].USER_FIELD_3
POUR_OBJECT      = USERDEFINED.[Parameters].USER_FIELD_4

// ================================
//   Reference model, object and assembly attributes
//   --------------------------
//   tab_page("","jd_Parameters",3)
// ================================

REFERENCE_MODEL    = USERDEFINED.ref_description
REFERENCE_OBJECT   = USERDEFINED.subref_description
REFERENCE_ASSEMBLY = USERDEFINED.subref_description

REFERENCE_MODEL    = USERDEFINED.OBJECT_LOCKED
REFERENCE_OBJECT   = USERDEFINED.OBJECT_LOCKED
REFERENCE_ASSEMBLY = USERDEFINED.OBJECT_LOCKED

REFERENCE_MODEL    = USERDEFINED.ref_info_string
REFERENCE_OBJECT   = USERDEFINED.subref_info_string
REFERENCE_ASSEMBLY = USERDEFINED.subref_info_string

REFERENCE_MODEL    = USERDEFINED.ref_logical_name
REFERENCE_OBJECT   = USERDEFINED.subref_logical_name
REFERENCE_ASSEMBLY = USERDEFINED.subref_logical_name

REFERENCE_MODEL    = USERDEFINED.[Workflow].DESIGN_CHECKED_BY     "Design checked by"
REFERENCE_OBJECT   = USERDEFINED.[Workflow].DESIGN_CHECKED_BY     "Design checked by"
REFERENCE_ASSEMBLY = USERDEFINED.[Workflow].DESIGN_CHECKED_BY     "Design checked by"

REFERENCE_MODEL    = USERDEFINED.[Workflow].DESIGN_COMMENT     "Design comment"
REFERENCE_OBJECT   = USERDEFINED.[Workflow].DESIGN_COMMENT     "Design comment"
REFERENCE_ASSEMBLY = USERDEFINED.[Workflow].DESIGN_COMMENT     "Design comment"

REFERENCE_MODEL    = USERDEFINED.[Workflow].DESIGN_ASSIGNED_TO     "Design assigned to"
REFERENCE_OBJECT   = USERDEFINED.[Workflow].DESIGN_ASSIGNED_TO     "Design assigned to"
REFERENCE_ASSEMBLY = USERDEFINED.[Workflow].DESIGN_ASSIGNED_TO     "Design assigned to"

REFERENCE_MODEL    = USERDEFINED.[Workflow].DESIGN_CODE     "Design code"
REFERENCE_OBJECT   = USERDEFINED.[Workflow].DESIGN_CODE     "Design code"
REFERENCE_ASSEMBLY = USERDEFINED.[Workflow].DESIGN_CODE     "Design code"

REFERENCE_MODEL    = USERDEFINED.[Workflow].PLANS_STATUS     "Status of the plan"
REFERENCE_OBJECT   = USERDEFINED.[Workflow].PLANS_STATUS     "Status of the plan"
REFERENCE_ASSEMBLY = USERDEFINED.[Workflow].PLANS_STATUS     "Status of the plan"

REFERENCE_MODEL    = USERDEFINED.[Workflow].DESIGN_CHECK_DATE     "Check date of design"
REFERENCE_OBJECT   = USERDEFINED.[Workflow].DESIGN_CHECK_DATE     "Check date of design"
REFERENCE_ASSEMBLY = USERDEFINED.[Workflow].DESIGN_CHECK_DATE     "Check date of design"

REFERENCE_MODEL    = USERDEFINED.[Workflow].PLANNED_START_D     "Planned start date of design"
REFERENCE_OBJECT   = USERDEFINED.[Workflow].PLANNED_START_D     "Planned start date of design"
REFERENCE_ASSEMBLY = USERDEFINED.[Workflow].PLANNED_START_D     "Planned start date of design"

REFERENCE_MODEL    = USERDEFINED.[Workflow].PLANNED_END_D     "Planned end date of design"
REFERENCE_OBJECT   = USERDEFINED.[Workflow].PLANNED_END_D     "Planned end date of design"
REFERENCE_ASSEMBLY = USERDEFINED.[Workflow].PLANNED_END_D     "Planned end date of design"

REFERENCE_MODEL    = USERDEFINED.[Workflow].ACTUAL_START_D     "Actual start date of design"
REFERENCE_OBJECT   = USERDEFINED.[Workflow].ACTUAL_START_D     "Actual start date of design"
REFERENCE_ASSEMBLY = USERDEFINED.[Workflow].ACTUAL_START_D     "Actual start date of design"

REFERENCE_MODEL    = USERDEFINED.[Workflow].ACTUAL_END_D     "Actual end date of design"
REFERENCE_OBJECT   = USERDEFINED.[Workflow].ACTUAL_END_D     "Actual end date of design"
REFERENCE_ASSEMBLY = USERDEFINED.[Workflow].ACTUAL_END_D     "Actual end date of design"

REFERENCE_MODEL    = USERDEFINED.[Workflow].FABRICATION_CODE     "Fabrication code"
REFERENCE_OBJECT   = USERDEFINED.[Workflow].FABRICATION_CODE     "Fabrication code"
REFERENCE_ASSEMBLY = USERDEFINED.[Workflow].FABRICATION_CODE     "Fabrication code"

REFERENCE_MODEL    = USERDEFINED.[Workflow].DELIVERY_NUMBER     "Delivery number"
REFERENCE_OBJECT   = USERDEFINED.[Workflow].DELIVERY_NUMBER     "Delivery number"
REFERENCE_ASSEMBLY = USERDEFINED.[Workflow].DELIVERY_NUMBER     "Delivery number"

REFERENCE_MODEL    = USERDEFINED.[Workflow].PACKAGE_NUMBER     "Package number"
REFERENCE_OBJECT   = USERDEFINED.[Workflow].PACKAGE_NUMBER     "Package number"
REFERENCE_ASSEMBLY = USERDEFINED.[Workflow].PACKAGE_NUMBER     "Package number"

REFERENCE_MODEL    = USERDEFINED.[Workflow].SHIPMENT_NUMBER     "Shipment number"
REFERENCE_OBJECT   = USERDEFINED.[Workflow].SHIPMENT_NUMBER     "Shipment number"
REFERENCE_ASSEMBLY = USERDEFINED.[Workflow].SHIPMENT_NUMBER     "Shipment number"

REFERENCE_MODEL    = USERDEFINED.[Workflow].FABRICATION_STATUS     "Status of fabrication"
REFERENCE_OBJECT   = USERDEFINED.[Workflow].FABRICATION_STATUS     "Status of fabrication"
REFERENCE_ASSEMBLY = USERDEFINED.[Workflow].FABRICATION_STATUS     "Status of fabrication"

REFERENCE_MODEL    = USERDEFINED.[Workflow].PLANNED_START_F     "Planned start date of fabrication"
REFERENCE_OBJECT   = USERDEFINED.[Workflow].PLANNED_START_F     "Planned start date of fabrication"
REFERENCE_ASSEMBLY = USERDEFINED.[Workflow].PLANNED_START_F     "Planned start date of fabrication"

REFERENCE_MODEL    = USERDEFINED.[Workflow].PLANNED_END_F     "Planned end date of fabrication"
REFERENCE_OBJECT   = USERDEFINED.[Workflow].PLANNED_END_F     "Planned end date of fabrication"
REFERENCE_ASSEMBLY = USERDEFINED.[Workflow].PLANNED_END_F     "Planned end date of fabrication"

REFERENCE_MODEL    = USERDEFINED.[Workflow].ACTUAL_START_F     "Actual start date of fabrication"
REFERENCE_OBJECT   = USERDEFINED.[Workflow].ACTUAL_START_F     "Actual start date of fabrication"
REFERENCE_ASSEMBLY = USERDEFINED.[Workflow].ACTUAL_START_F     "Actual start date of fabrication"

REFERENCE_MODEL    = USERDEFINED.[Workflow].ACTUAL_END_F     "Actual end date of fabrication"
REFERENCE_OBJECT   = USERDEFINED.[Workflow].ACTUAL_END_F     "Actual end date of fabrication"
REFERENCE_ASSEMBLY = USERDEFINED.[Workflow].ACTUAL_END_F     "Actual end date of fabrication"

REFERENCE_MODEL    = USERDEFINED.[Workflow].ERECTION_CODE     "Erection code"
REFERENCE_OBJECT   = USERDEFINED.[Workflow].ERECTION_CODE     "Erection code"
REFERENCE_ASSEMBLY = USERDEFINED.[Workflow].ERECTION_CODE     "Erection code"

REFERENCE_MODEL    = USERDEFINED.[Workflow].ERECTION_COMMENT     "Erection comment"
REFERENCE_OBJECT   = USERDEFINED.[Workflow].ERECTION_COMMENT     "Erection comment"
REFERENCE_ASSEMBLY = USERDEFINED.[Workflow].ERECTION_COMMENT     "Erection comment"

REFERENCE_MODEL    = USERDEFINED.[Workflow].ERECTION_STATUS     "Status of erection"
REFERENCE_OBJECT   = USERDEFINED.[Workflow].ERECTION_STATUS     "Status of erection"
REFERENCE_ASSEMBLY = USERDEFINED.[Workflow].ERECTION_STATUS     "Status of erection"

REFERENCE_MODEL    = USERDEFINED.[Workflow].CIP_STATUS     "Status of cast in place"
REFERENCE_OBJECT   = USERDEFINED.[Workflow].CIP_STATUS     "Status of cast in place"
REFERENCE_ASSEMBLY = USERDEFINED.[Workflow].CIP_STATUS     "Status of cast in place"

REFERENCE_MODEL    = USERDEFINED.[Workflow].PLANNED_START_E     "Planned start date of erection"
REFERENCE_OBJECT   = USERDEFINED.[Workflow].PLANNED_START_E     "Planned start date of erection"
REFERENCE_ASSEMBLY = USERDEFINED.[Workflow].PLANNED_START_E     "Planned start date of erection"

REFERENCE_MODEL    = USERDEFINED.[Workflow].PLANNED_END_E     "Planned end date of erection"
REFERENCE_OBJECT   = USERDEFINED.[Workflow].PLANNED_END_E     "Planned end date of erection"
REFERENCE_ASSEMBLY = USERDEFINED.[Workflow].PLANNED_END_E     "Planned end date of erection"

REFERENCE_MODEL    = USERDEFINED.[Workflow].ACTUAL_START_E     "Actual start date of erection"
REFERENCE_OBJECT   = USERDEFINED.[Workflow].ACTUAL_START_E     "Actual start date of erection"
REFERENCE_ASSEMBLY = USERDEFINED.[Workflow].ACTUAL_START_E     "Actual start date of erection"

REFERENCE_MODEL    = USERDEFINED.[Workflow].ACTUAL_END_E     "Actual end date of erection"
REFERENCE_OBJECT   = USERDEFINED.[Workflow].ACTUAL_END_E     "Actual end date of erection"
REFERENCE_ASSEMBLY = USERDEFINED.[Workflow].ACTUAL_END_E     "Actual end date of erection"

// ================================
//   Reinforcing bar attributes
//   --------------------------
//   tab_page("","jd_Parameters",3)
// ================================
REBAR      = USERDEFINED.comment
REBAR      = USERDEFINED.BREAK_TYPE
REBAR      = USERDEFINED.USER_FIELD_1
REBAR      = USERDEFINED.USER_FIELD_2
REBAR      = USERDEFINED.USER_FIELD_3
REBAR      = USERDEFINED.USER_FIELD_4
REBAR      = USERDEFINED.USER_PHASE

// ================================
//   Strand attributes
//   --------------------------
//   tab_page("","jd_Parameters",3)
// ================================
STRAND     = USERDEFINED.comment
STRAND     = USERDEFINED.USER_FIELD_1
STRAND     = USERDEFINED.USER_FIELD_2
STRAND     = USERDEFINED.USER_FIELD_3
STRAND     = USERDEFINED.USER_FIELD_4
STRAND     = USERDEFINED.USER_PHASE

// ======================================
//   Surfacing attributes
//   --------------------
//   tab_page("","jd_Parameters",3)
//   tab_page("Tiles","j_Tile_pattern",4)
// ======================================
SURFACING  = USERDEFINED.[Parameters].comment
SURFACING  = USERDEFINED.[Parameters].USER_FIELD_1
SURFACING  = USERDEFINED.[Parameters].USER_FIELD_2
SURFACING  = USERDEFINED.[Parameters].USER_FIELD_3
SURFACING  = USERDEFINED.[Parameters].USER_FIELD_4
SURFACING  = USERDEFINED.[Tiles].BONDING
SURFACING  = USERDEFINED.[Tiles].TILE_WIDTH
SURFACING  = USERDEFINED.[Tiles].TILE_HEIGHT
SURFACING  = USERDEFINED.[Tiles].MORTAR_WIDTH
SURFACING  = USERDEFINED.[Tiles].MORTAR_HEIGHT
SURFACING  = USERDEFINED.[Tiles].TILE_COLOR_R
SURFACING  = USERDEFINED.[Tiles].TILE_COLOR_G
SURFACING  = USERDEFINED.[Tiles].TILE_COLOR_B
SURFACING  = USERDEFINED.[Tiles].MORTAR_COLOR_R
SURFACING  = USERDEFINED.[Tiles].MORTAR_COLOR_G
SURFACING  = USERDEFINED.[Tiles].MORTAR_COLOR_B

// ==================================
//   Welding attributes
//   ------------------
//   tab_page("","jd_Parameters",3)
// ==================================
WELD       = USERDEFINED.WELD_COMMENT
WELD       = USERDEFINED.WELD_USERFIELD_1
WELD       = USERDEFINED.WELD_USERFIELD_2
WELD       = USERDEFINED.WELD_USERFIELD_3
WELD       = USERDEFINED.WELD_USERFIELD_4
WELD       = USERDEFINED.WELD_USERFIELD_5
WELD       = USERDEFINED.WELD_USERFIELD_6
WELD       = USERDEFINED.WELD_USERFIELD_7
WELD       = USERDEFINED.WELD_USERFIELD_8

// Couplers
REBAR	   = USERDEFINED.[Couplers].THREAD_LENGTH_START
REBAR	   = USERDEFINED.[Couplers].THREAD_LENGTH_END
REBAR	   = USERDEFINED.[Couplers].EXTRA_LENGTH_START
REBAR	   = USERDEFINED.[Couplers].EXTRA_LENGTH_END
REBAR	   = USERDEFINED.[Couplers].METHOD_START
REBAR	   = USERDEFINED.[Couplers].METHOD_END
REBAR	   = USERDEFINED.[Couplers].TYPE_START
REBAR	   = USERDEFINED.[Couplers].TYPE_END
REBAR	   = USERDEFINED.[Couplers].PRODUCT_START
REBAR	   = USERDEFINED.[Couplers].PRODUCT_END
REBAR	   = USERDEFINED.[Couplers].CODE_START
REBAR	   = USERDEFINED.[Couplers].CODE_END
REBAR	   = USERDEFINED.[Couplers].FREE_1_START
REBAR	   = USERDEFINED.[Couplers].FREE_1_END
REBAR	   = USERDEFINED.[Couplers].FREE_2_START
REBAR	   = USERDEFINED.[Couplers].FREE_2_END

[ALL]
