
template _tmp_843
{
    name = "template1";
    type = TEXTUAL;
    width = 212;
    maxheight = 1e+016;
    columns = (1, 1);
    gap = 0;
    fillpolicy = EVEN;
    filldirection = HORIZONTAL;
    margins = (0, 0, 0, 0);
    gridxspacing = 1;
    gridyspacing = 1;
    version = 3.21;
    created = "27.11.2008 14:08";
    modified = "10.12.2015 16:28";
    notes = "";

    header _tmp_844
    {
        name = "Header";
        height = 5;

        text _tmp_845
        {
            name = "PROJECT NUMBER :";
            x1 = 0;
            y1 = 3;
            x2 = 0;
            y2 = 3;
            string = "PROJECT NUMBER :";
            fontname = "Arial";
            fontcolor = 153;
            fonttype = 2;
            fontsize = 1;
            fontratio = 1;
            fontslant = 0;
            fontstyle = 0;
            angle = 0;
            justify = LEFT;
            pen = -1;
        };

        text _tmp_847
        {
            name = "PROJECTNAME";
            x1 = 0;
            y1 = 1;
            x2 = 0;
            y2 = 1;
            string = "PROJECT NAME  :";
            fontname = "Arial";
            fontcolor = 153;
            fonttype = 2;
            fontsize = 1;
            fontratio = 1;
            fontslant = 0;
            fontstyle = 0;
            angle = 0;
            justify = LEFT;
            pen = -1;
        };

        valuefield _tmp_848
        {
            name = "PROJECT.NUMBER_field";
            location = (17, 3);
            formula = "GetValue(\"PROJECT.NUMBER\")";
            datatype = STRING;
            class = "";
            cacheable = TRUE;
            justify = LEFT;
            visibility = TRUE;
            angle = 0;
            length = 20;
            sortdirection = NONE;
            fontname = "Arial";
            fontcolor = 153;
            fonttype = 2;
            fontsize = 1;
            fontratio = 1;
            fontstyle = 0;
            fontslant = 0;
            pen = -1;
            oncombine = NONE;
        };

        valuefield _tmp_1015
        {
            name = "PROJECT.NAME_field";
            location = (17, 1);
            formula = "GetValue(\"PROJECT.NAME\")";
            datatype = STRING;
            class = "";
            cacheable = TRUE;
            justify = LEFT;
            visibility = TRUE;
            angle = 0;
            length = 30;
            decimals = 0;
            sortdirection = NONE;
            fontname = "Arial";
            fontcolor = 153;
            fonttype = 2;
            fontsize = 1;
            fontratio = 1;
            fontstyle = 0;
            fontslant = 0;
            pen = -1;
            oncombine = NONE;
        };

        text _tmp_1078
        {
            name = "PAGENUMBER";
            x1 = 139;
            y1 = 3;
            x2 = 139;
            y2 = 3;
            string = "PAGE NUMBER:";
            fontname = "Arial";
            fontcolor = 153;
            fonttype = 2;
            fontsize = 1;
            fontratio = 1;
            fontslant = 0;
            fontstyle = 0;
            angle = 0;
            justify = LEFT;
            pen = -1;
        };

        text _tmp_1079
        {
            name = "CREATDATE";
            x1 = 139;
            y1 = 1;
            x2 = 139;
            y2 = 1;
            string = "CREAT DATE:";
            fontname = "Arial";
            fontcolor = 153;
            fonttype = 2;
            fontsize = 1;
            fontratio = 1;
            fontslant = 0;
            fontstyle = 0;
            angle = 0;
            justify = LEFT;
            pen = -1;
        };

        valuefield _tmp_1080
        {
            name = "PAGE_field";
            location = (153, 3);
            formula = "GetValue(\"PAGE\")";
            datatype = INTEGER;
            class = "";
            cacheable = FALSE;
            justify = LEFT;
            visibility = TRUE;
            angle = 0;
            length = 2;
            sortdirection = NONE;
            fontname = "Arial";
            fontcolor = 153;
            fonttype = 2;
            fontsize = 1;
            fontratio = 1;
            fontstyle = 0;
            fontslant = 0;
            pen = -1;
            oncombine = NONE;
        };

        valuefield _tmp_1192
        {
            name = "DATE_field";
            location = (153, 1);
            formula = "GetValue(\"DATE\")";
            datatype = INTEGER;
            class = "Date";
            cacheable = TRUE;
            justify = LEFT;
            visibility = TRUE;
            angle = 0;
            length = 12;
            sortdirection = NONE;
            fontname = "Arial";
            fontcolor = 153;
            fonttype = 2;
            fontsize = 1;
            fontratio = 1;
            fontstyle = 0;
            fontslant = 0;
            pen = -1;
            oncombine = NONE;
            unit = "yyyy/mm/dd";
        };
    };

    pageheader _tmp_1290
    {
        name = "PageHeader";
        height = 1;
        outputpolicy = NONE;

        text _tmp_1291
        {
            name = "TYPE";
            x1 = 0;
            y1 = 0;
            x2 = 0;
            y2 = 0;
            string = "타입";
            fontname = "Arial";
            fontcolor = 153;
            fonttype = 2;
            fontsize = 1;
            fontratio = 1;
            fontslant = 0;
            fontstyle = 0;
            angle = 0;
            justify = LEFT;
            pen = -1;
        };

        text _tmp_1293
        {
            name = "위치번호";
            x1 = 7;
            y1 = 0;
            x2 = 7;
            y2 = 0;
            string = "위치번호";
            fontname = "Arial";
            fontcolor = 153;
            fonttype = 2;
            fontsize = 1;
            fontratio = 1;
            fontslant = 0;
            fontstyle = 0;
            angle = 0;
            justify = LEFT;
            pen = -1;
        };

        text _tmp_1295
        {
            name = "수량";
            x1 = 38;
            y1 = 0;
            x2 = 38;
            y2 = 0;
            string = "수량";
            fontname = "Arial";
            fontcolor = 153;
            fonttype = 2;
            fontsize = 1;
            fontratio = 1;
            fontslant = 0;
            fontstyle = 0;
            angle = 0;
            justify = LEFT;
            pen = -1;
        };

        text _tmp_1296
        {
            name = "재질";
            x1 = 19;
            y1 = 0;
            x2 = 19;
            y2 = 0;
            string = "재질";
            fontname = "Arial";
            fontcolor = 153;
            fonttype = 2;
            fontsize = 1;
            fontratio = 1;
            fontslant = 0;
            fontstyle = 0;
            angle = 0;
            justify = LEFT;
            pen = -1;
        };

        text _tmp_1298
        {
            name = "사이즈";
            x1 = 28;
            y1 = 0;
            x2 = 28;
            y2 = 0;
            string = "사이즈";
            fontname = "Arial";
            fontcolor = 153;
            fonttype = 2;
            fontsize = 1;
            fontratio = 1;
            fontslant = 0;
            fontstyle = 0;
            angle = 0;
            justify = LEFT;
            pen = -1;
        };

        text _tmp_1300
        {
            name = "길이";
            x1 = 56;
            y1 = 0;
            x2 = 56;
            y2 = 0;
            string = "길이(M)";
            fontname = "Arial";
            fontcolor = 153;
            fonttype = 2;
            fontsize = 1;
            fontratio = 1;
            fontslant = 0;
            fontstyle = 0;
            angle = 0;
            justify = LEFT;
            pen = -1;
        };

        text _tmp_1302
        {
            name = "a";
            x1 = 70;
            y1 = 0;
            x2 = 70;
            y2 = 0;
            string = "A";
            fontname = "Arial";
            fontcolor = 153;
            fonttype = 2;
            fontsize = 1;
            fontratio = 1;
            fontslant = 0;
            fontstyle = 0;
            angle = 0;
            justify = LEFT;
            pen = -1;
        };

        text _tmp_1304
        {
            name = "b";
            x1 = 79;
            y1 = 0;
            x2 = 79;
            y2 = 0;
            string = "B";
            fontname = "Arial";
            fontcolor = 153;
            fonttype = 2;
            fontsize = 1;
            fontratio = 1;
            fontslant = 0;
            fontstyle = 0;
            angle = 0;
            justify = LEFT;
            pen = -1;
        };

        text _tmp_1306
        {
            name = "c";
            x1 = 88;
            y1 = 0;
            x2 = 88;
            y2 = 0;
            string = "C";
            fontname = "Arial";
            fontcolor = 153;
            fonttype = 2;
            fontsize = 1;
            fontratio = 1;
            fontslant = 0;
            fontstyle = 0;
            angle = 0;
            justify = LEFT;
            pen = -1;
        };

        text _tmp_1318
        {
            name = "d";
            x1 = 97;
            y1 = 0;
            x2 = 97;
            y2 = 0;
            string = "D";
            fontname = "Arial";
            fontcolor = 153;
            fonttype = 2;
            fontsize = 1;
            fontratio = 1;
            fontslant = 0;
            fontstyle = 0;
            angle = 0;
            justify = LEFT;
            pen = -1;
        };

        text _tmp_1320
        {
            name = "e";
            x1 = 106;
            y1 = 0;
            x2 = 106;
            y2 = 0;
            string = "E";
            fontname = "Arial";
            fontcolor = 153;
            fonttype = 2;
            fontsize = 1;
            fontratio = 1;
            fontslant = 0;
            fontstyle = 0;
            angle = 0;
            justify = LEFT;
            pen = -1;
        };

        text _tmp_1321
        {
            name = "u";
            x1 = 115;
            y1 = 0;
            x2 = 115;
            y2 = 0;
            string = "F";
            fontname = "Arial";
            fontcolor = 153;
            fonttype = 2;
            fontsize = 1;
            fontratio = 1;
            fontslant = 0;
            fontstyle = 0;
            angle = 0;
            justify = LEFT;
            pen = -1;
        };

        text _tmp_1323
        {
            name = "v";
            x1 = 124;
            y1 = 0;
            x2 = 124;
            y2 = 0;
            string = "G";
            fontname = "Arial";
            fontcolor = 153;
            fonttype = 2;
            fontsize = 1;
            fontratio = 1;
            fontslant = 0;
            fontstyle = 0;
            angle = 0;
            justify = LEFT;
            pen = -1;
        };

        text _tmp_1325
        {
            name = "Text";
            x1 = 185;
            y1 = 0;
            x2 = 185;
            y2 = 0;
            string = "무게(KG)";
            fontname = "Arial";
            fontcolor = 153;
            fonttype = 2;
            fontsize = 1;
            fontratio = 1;
            fontslant = 0;
            fontstyle = 0;
            angle = 0;
            justify = LEFT;
            pen = -1;
        };

        text _tmp_1327
        {
            name = "Text_1";
            x1 = 197;
            y1 = 0;
            x2 = 197;
            y2 = 0;
            string = "합무게(KG)";
            fontname = "Arial";
            fontcolor = 153;
            fonttype = 2;
            fontsize = 1;
            fontratio = 1;
            fontslant = 0;
            fontstyle = 0;
            angle = 0;
            justify = LEFT;
            pen = -1;
        };

        text _tmp_2404
        {
            name = "\\t";
            x1 = 4;
            y1 = 0;
            x2 = 4;
            y2 = 0;
            string = "\\t";
            fontname = "fixfont";
            fontcolor = 160;
            fonttype = 4;
            fontsize = 5;
            fontratio = 1.5;
            fontslant = 0;
            fontstyle = 0;
            angle = 0;
            justify = LEFT;
            pen = -1;
        };

        text _tmp_2407
        {
            name = "Text_3";
            x1 = 15;
            y1 = 0;
            x2 = 15;
            y2 = 0;
            string = "\\t";
            fontname = "fixfont";
            fontcolor = 160;
            fonttype = 4;
            fontsize = 5;
            fontratio = 1.5;
            fontslant = 0;
            fontstyle = 0;
            angle = 0;
            justify = LEFT;
            pen = -1;
        };

        text _tmp_2410
        {
            name = "Text_5";
            x1 = 24;
            y1 = 0;
            x2 = 24;
            y2 = 0;
            string = "\\t";
            fontname = "fixfont";
            fontcolor = 160;
            fonttype = 4;
            fontsize = 5;
            fontratio = 1.5;
            fontslant = 0;
            fontstyle = 0;
            angle = 0;
            justify = LEFT;
            pen = -1;
        };

        text _tmp_2784
        {
            name = "Text_7";
            x1 = 34;
            y1 = 0;
            x2 = 34;
            y2 = 0;
            string = "\\t";
            fontname = "fixfont";
            fontcolor = 160;
            fonttype = 4;
            fontsize = 5;
            fontratio = 1.5;
            fontslant = 0;
            fontstyle = 0;
            angle = 0;
            justify = LEFT;
            pen = -1;
        };

        text _tmp_1057
        {
            name = "Text_9";
            x1 = 43;
            y1 = 0;
            x2 = 43;
            y2 = 0;
            string = "\\t";
            fontname = "fixfont";
            fontcolor = 160;
            fonttype = 4;
            fontsize = 5;
            fontratio = 1.5;
            fontslant = 0;
            fontstyle = 0;
            angle = 0;
            justify = LEFT;
            pen = -1;
        };

        text _tmp_1824
        {
            name = "Text_11";
            x1 = 63;
            y1 = 0;
            x2 = 63;
            y2 = 0;
            string = "\\t";
            fontname = "fixfont";
            fontcolor = 160;
            fonttype = 4;
            fontsize = 5;
            fontratio = 1.5;
            fontslant = 0;
            fontstyle = 0;
            angle = 0;
            justify = LEFT;
            pen = -1;
        };

        text _tmp_2206
        {
            name = "Text_13";
            x1 = 72;
            y1 = 0;
            x2 = 72;
            y2 = 0;
            string = "\\t";
            fontname = "fixfont";
            fontcolor = 160;
            fonttype = 4;
            fontsize = 5;
            fontratio = 1.5;
            fontslant = 0;
            fontstyle = 0;
            angle = 0;
            justify = LEFT;
            pen = -1;
        };

        text _tmp_2541
        {
            name = "Text_15";
            x1 = 81;
            y1 = 0;
            x2 = 81;
            y2 = 0;
            string = "\\t";
            fontname = "fixfont";
            fontcolor = 160;
            fonttype = 4;
            fontsize = 5;
            fontratio = 1.5;
            fontslant = 0;
            fontstyle = 0;
            angle = 0;
            justify = LEFT;
            pen = -1;
        };

        text _tmp_3115
        {
            name = "Text_17";
            x1 = 90;
            y1 = 0;
            x2 = 90;
            y2 = 0;
            string = "\\t";
            fontname = "fixfont";
            fontcolor = 160;
            fonttype = 4;
            fontsize = 5;
            fontratio = 1.5;
            fontslant = 0;
            fontstyle = 0;
            angle = 0;
            justify = LEFT;
            pen = -1;
        };

        text _tmp_3205
        {
            name = "Text_19";
            x1 = 99;
            y1 = 0;
            x2 = 99;
            y2 = 0;
            string = "\\t";
            fontname = "fixfont";
            fontcolor = 160;
            fonttype = 4;
            fontsize = 5;
            fontratio = 1.5;
            fontslant = 0;
            fontstyle = 0;
            angle = 0;
            justify = LEFT;
            pen = -1;
        };

        text _tmp_3445
        {
            name = "Text_21";
            x1 = 108;
            y1 = 0;
            x2 = 108;
            y2 = 0;
            string = "\\t";
            fontname = "fixfont";
            fontcolor = 160;
            fonttype = 4;
            fontsize = 5;
            fontratio = 1.5;
            fontslant = 0;
            fontstyle = 0;
            angle = 0;
            justify = LEFT;
            pen = -1;
        };

        text _tmp_4341
        {
            name = "Text_23";
            x1 = 117;
            y1 = 0;
            x2 = 117;
            y2 = 0;
            string = "\\t";
            fontname = "fixfont";
            fontcolor = 160;
            fonttype = 4;
            fontsize = 5;
            fontratio = 1.5;
            fontslant = 0;
            fontstyle = 0;
            angle = 0;
            justify = LEFT;
            pen = -1;
        };

        text _tmp_4712
        {
            name = "Text_25";
            x1 = 126;
            y1 = 0;
            x2 = 126;
            y2 = 0;
            string = "\\t";
            fontname = "fixfont";
            fontcolor = 160;
            fonttype = 4;
            fontsize = 5;
            fontratio = 1.5;
            fontslant = 0;
            fontstyle = 0;
            angle = 0;
            justify = LEFT;
            pen = -1;
        };

        text _tmp_4784
        {
            name = "Text_28";
            x1 = 133;
            y1 = 0;
            x2 = 133;
            y2 = 0;
            string = "H";
            fontname = "Arial";
            fontcolor = 153;
            fonttype = 2;
            fontsize = 1;
            fontratio = 1;
            fontslant = 0;
            fontstyle = 0;
            angle = 0;
            justify = LEFT;
            pen = -1;
        };

        text _tmp_5248
        {
            name = "Text_30";
            x1 = 180;
            y1 = 0;
            x2 = 180;
            y2 = 0;
            string = "\\t";
            fontname = "fixfont";
            fontcolor = 160;
            fonttype = 4;
            fontsize = 5;
            fontratio = 1.5;
            fontslant = 0;
            fontstyle = 0;
            angle = 0;
            justify = LEFT;
            pen = -1;
        };

        text _tmp_6387
        {
            name = "Text_32";
            x1 = 193;
            y1 = 0;
            x2 = 193;
            y2 = 0;
            string = "\\t";
            fontname = "fixfont";
            fontcolor = 160;
            fonttype = 4;
            fontsize = 5;
            fontratio = 1.5;
            fontslant = 0;
            fontstyle = 0;
            angle = 0;
            justify = LEFT;
            pen = -1;
        };

        text _tmp_11
        {
            name = "Text_236";
            x1 = 174;
            y1 = 0;
            x2 = 174;
            y2 = 0;
            string = "Radius";
            fontname = "Arial";
            fontcolor = 153;
            fonttype = 2;
            fontsize = 1;
            fontratio = 1;
            fontslant = 0;
            fontstyle = 0;
            angle = 0;
            justify = LEFT;
            pen = -1;
        };

        text _tmp_58578
        {
            name = "Text_237";
            x1 = 142;
            y1 = 0;
            x2 = 142;
            y2 = 0;
            string = "J";
            fontname = "Arial";
            fontcolor = 153;
            fonttype = 2;
            fontsize = 1;
            fontratio = 1;
            fontslant = 0;
            fontstyle = 0;
            angle = 0;
            justify = LEFT;
            pen = -1;
        };

        text _tmp_58580
        {
            name = "Text_238";
            x1 = 135;
            y1 = 0;
            x2 = 135;
            y2 = 0;
            string = "\\t";
            fontname = "fixfont";
            fontcolor = 160;
            fonttype = 4;
            fontsize = 5;
            fontratio = 1.5;
            fontslant = 0;
            fontstyle = 0;
            angle = 0;
            justify = LEFT;
            pen = -1;
        };

        text _tmp_60276
        {
            name = "Text_239";
            x1 = 151;
            y1 = 0;
            x2 = 151;
            y2 = 0;
            string = "K";
            fontname = "Arial";
            fontcolor = 153;
            fonttype = 2;
            fontsize = 1;
            fontratio = 1;
            fontslant = 0;
            fontstyle = 0;
            angle = 0;
            justify = LEFT;
            pen = -1;
        };

        text _tmp_60278
        {
            name = "Text_240";
            x1 = 160;
            y1 = 0;
            x2 = 160;
            y2 = 0;
            string = "O";
            fontname = "Arial";
            fontcolor = 153;
            fonttype = 2;
            fontsize = 1;
            fontratio = 1;
            fontslant = 0;
            fontstyle = 0;
            angle = 0;
            justify = LEFT;
            pen = -1;
        };

        text _tmp_60280
        {
            name = "Text_241";
            x1 = 169;
            y1 = 0;
            x2 = 169;
            y2 = 0;
            string = "R";
            fontname = "Arial";
            fontcolor = 153;
            fonttype = 2;
            fontsize = 1;
            fontratio = 1;
            fontslant = 0;
            fontstyle = 0;
            angle = 0;
            justify = LEFT;
            pen = -1;
        };

        text _tmp_60282
        {
            name = "Text_242";
            x1 = 144;
            y1 = 0;
            x2 = 144;
            y2 = 0;
            string = "\\t";
            fontname = "fixfont";
            fontcolor = 160;
            fonttype = 4;
            fontsize = 5;
            fontratio = 1.5;
            fontslant = 0;
            fontstyle = 0;
            angle = 0;
            justify = LEFT;
            pen = -1;
        };

        text _tmp_60284
        {
            name = "Text_243";
            x1 = 153;
            y1 = 0;
            x2 = 153;
            y2 = 0;
            string = "\\t";
            fontname = "fixfont";
            fontcolor = 160;
            fonttype = 4;
            fontsize = 5;
            fontratio = 1.5;
            fontslant = 0;
            fontstyle = 0;
            angle = 0;
            justify = LEFT;
            pen = -1;
        };

        text _tmp_60286
        {
            name = "Text_244";
            x1 = 162;
            y1 = 0;
            x2 = 162;
            y2 = 0;
            string = "\\t";
            fontname = "fixfont";
            fontcolor = 160;
            fonttype = 4;
            fontsize = 5;
            fontratio = 1.5;
            fontslant = 0;
            fontstyle = 0;
            angle = 0;
            justify = LEFT;
            pen = -1;
        };

        text _tmp_65273
        {
            name = "Text_29";
            x1 = 171;
            y1 = 0;
            x2 = 171;
            y2 = 0;
            string = "\\t";
            fontname = "fixfont";
            fontcolor = 160;
            fonttype = 4;
            fontsize = 5;
            fontratio = 1.5;
            fontslant = 0;
            fontstyle = 0;
            angle = 0;
            justify = LEFT;
            pen = -1;
        };

        text _tmp_14970
        {
            name = "Text_293";
            x1 = 46;
            y1 = 0;
            x2 = 46;
            y2 = 0;
            string = "합길이(M)";
            fontname = "Arial";
            fontcolor = 153;
            fonttype = 2;
            fontsize = 1;
            fontratio = 1;
            fontslant = 0;
            fontstyle = 0;
            angle = 0;
            justify = LEFT;
            pen = -1;
        };
    };

    row _tmp_7521
    {
        name = "COMMENT";
        height = 1;
        visibility = TRUE;
        usecolumns = FALSE;
        rule = "";
        contenttype = "COMMENT";
        sorttype = COMBINE;

        text _tmp_7523
        {
            name = "Text_34";
            x1 = 0;
            y1 = 0;
            x2 = 0;
            y2 = 0;
            string = "------------------------------------------------------------------------------------------------------------------------------------------------------------------------";
            fontname = "Arial";
            fontcolor = 153;
            fonttype = 2;
            fontsize = 1;
            fontratio = 1;
            fontslant = 0;
            fontstyle = 0;
            angle = 0;
            justify = LEFT;
            pen = -1;
        };
    };

    row _tmp_1544
    {
        name = "D10";
        height = 1;
        visibility = TRUE;
        usecolumns = FALSE;
        rule = "if (GetValue(\"SIZE\") == \"10\") then\r\n  Output()\r\nelse\r\n  StepOver()\r\nendif\r\n";
        contenttype = "REBAR";
        sorttype = COMBINE;

        valuefield _tmp_1545
        {
            name = "모양종류";
            location = (0, 0);
            formula = "GetValue(\"SHAPE\")";
            datatype = STRING;
            class = "";
            cacheable = TRUE;
            justify = RIGHT;
            visibility = TRUE;
            angle = 0;
            length = 3;
            decimals = 0;
            sortdirection = ASCENDING;
            fontname = "Arial";
            fontcolor = 153;
            fonttype = 2;
            fontsize = 1;
            fontratio = 1;
            fontstyle = 0;
            fontslant = 0;
            pen = -1;
            oncombine = NONE;
        };

        valuefield _tmp_2903
        {
            name = "위치";
            location = (7, 0);
            formula = "GetValue(\"REBAR_POS\")";
            datatype = STRING;
            class = "";
            cacheable = TRUE;
            justify = RIGHT;
            visibility = TRUE;
            angle = 0;
            length = 6;
            sortdirection = ASCENDING;
            fontname = "Arial";
            fontcolor = 153;
            fonttype = 2;
            fontsize = 1;
            fontratio = 1;
            fontstyle = 0;
            fontslant = 0;
            pen = -1;
            oncombine = NONE;
        };

        valuefield _tmp_2578
        {
            name = "크기10";
            location = (28, 0);
            formula = "GetValue(\"SIZE\")";
            datatype = STRING;
            class = "";
            cacheable = TRUE;
            justify = RIGHT;
            visibility = TRUE;
            angle = 0;
            length = 5;
            decimals = 0;
            sortdirection = ASCENDING;
            fontname = "Arial";
            fontcolor = 153;
            fonttype = 2;
            fontsize = 1;
            fontratio = 1;
            fontstyle = 0;
            fontslant = 0;
            pen = -1;
            oncombine = NONE;
        };

        valuefield _tmp_2145
        {
            name = "등급";
            location = (18, 0);
            formula = "GetValue(\"GRADE\")";
            datatype = STRING;
            class = "";
            cacheable = TRUE;
            justify = RIGHT;
            visibility = TRUE;
            angle = 0;
            length = 5;
            sortdirection = ASCENDING;
            fontname = "Arial";
            fontcolor = 153;
            fonttype = 2;
            fontsize = 1;
            fontratio = 1;
            fontstyle = 0;
            fontslant = 0;
            pen = -1;
            oncombine = NONE;
        };

        text _tmp_2406
        {
            name = "Text_2";
            x1 = 4;
            y1 = 0;
            x2 = 4;
            y2 = 0;
            string = "\\t";
            fontname = "fixfont";
            fontcolor = 160;
            fonttype = 4;
            fontsize = 5;
            fontratio = 1.5;
            fontslant = 0;
            fontstyle = 0;
            angle = 0;
            justify = LEFT;
            pen = -1;
        };

        text _tmp_2408
        {
            name = "Text_4";
            x1 = 15;
            y1 = 0;
            x2 = 15;
            y2 = 0;
            string = "\\t";
            fontname = "fixfont";
            fontcolor = 160;
            fonttype = 4;
            fontsize = 5;
            fontratio = 1.5;
            fontslant = 0;
            fontstyle = 0;
            angle = 0;
            justify = LEFT;
            pen = -1;
        };

        text _tmp_2411
        {
            name = "Text_6";
            x1 = 24;
            y1 = 0;
            x2 = 24;
            y2 = 0;
            string = "\\t";
            fontname = "fixfont";
            fontcolor = 160;
            fonttype = 4;
            fontsize = 5;
            fontratio = 1.5;
            fontslant = 0;
            fontstyle = 0;
            angle = 0;
            justify = LEFT;
            pen = -1;
        };

        text _tmp_2785
        {
            name = "Text_8";
            x1 = 34;
            y1 = 0;
            x2 = 34;
            y2 = 0;
            string = "\\t";
            fontname = "fixfont";
            fontcolor = 160;
            fonttype = 4;
            fontsize = 5;
            fontratio = 1.5;
            fontslant = 0;
            fontstyle = 0;
            angle = 0;
            justify = LEFT;
            pen = -1;
        };

        valuefield _tmp_2787
        {
            name = "몇개1";
            location = (37, 0);
            formula = "GetValue(\"NUMBER\")";
            datatype = INTEGER;
            class = "";
            cacheable = TRUE;
            justify = RIGHT;
            visibility = TRUE;
            angle = 0;
            length = 5;
            decimals = 0;
            sortdirection = ASCENDING;
            fontname = "Arial";
            fontcolor = 153;
            fonttype = 2;
            fontsize = 1;
            fontratio = 1;
            fontstyle = 0;
            fontslant = 0;
            pen = -1;
            oncombine = SUM;
        };

        text _tmp_1058
        {
            name = "Text_10";
            x1 = 43;
            y1 = 0;
            x2 = 43;
            y2 = 0;
            string = "\\t";
            fontname = "fixfont";
            fontcolor = 160;
            fonttype = 4;
            fontsize = 5;
            fontratio = 1.5;
            fontslant = 0;
            fontstyle = 0;
            angle = 0;
            justify = LEFT;
            pen = -1;
        };

        valuefield _tmp_1061
        {
            name = "길이1";
            location = (57, 0);
            formula = "GetValue(\"DIM_A\")+GetValue(\"DIM_B\")+GetValue(\"DIM_C\")+GetValue(\"DIM_D\")+GetValue(\"DIM_E\")+GetValue(\"DIM_F\")+GetValue(\"DIM_G\")";
            datatype = DOUBLE;
            class = "Length";
            cacheable = TRUE;
            justify = RIGHT;
            visibility = TRUE;
            angle = 0;
            length = 5;
            decimals = 2;
            sortdirection = ASCENDING;
            fontname = "Arial";
            fontcolor = 153;
            fonttype = 2;
            fontsize = 1;
            fontratio = 1;
            fontstyle = 0;
            fontslant = 0;
            pen = -1;
            oncombine = NONE;
            unit = "m";
        };

        text _tmp_1825
        {
            name = "Text_12";
            x1 = 63;
            y1 = 0;
            x2 = 63;
            y2 = 0;
            string = "\\t";
            fontname = "fixfont";
            fontcolor = 160;
            fonttype = 4;
            fontsize = 5;
            fontratio = 1.5;
            fontslant = 0;
            fontstyle = 0;
            angle = 0;
            justify = LEFT;
            pen = -1;
        };

        valuefield _tmp_1826
        {
            name = "A";
            location = (65, 0);
            formula = "GetValue(\"DIM_A\")";
            datatype = DOUBLE;
            class = "Length";
            cacheable = TRUE;
            justify = RIGHT;
            visibility = TRUE;
            angle = 0;
            length = 7;
            decimals = 0;
            sortdirection = NONE;
            fontname = "Arial";
            fontcolor = 153;
            fonttype = 2;
            fontsize = 1;
            fontratio = 1;
            fontstyle = 0;
            fontslant = 0;
            pen = -1;
            oncombine = NONE;
            unit = "mm";
        };

        valuefield _tmp_2204
        {
            name = "B";
            location = (74, 0);
            formula = "GetValue(\"DIM_B\")";
            datatype = DOUBLE;
            class = "Length";
            cacheable = TRUE;
            justify = RIGHT;
            visibility = TRUE;
            angle = 0;
            length = 7;
            decimals = 0;
            sortdirection = NONE;
            fontname = "Arial";
            fontcolor = 153;
            fonttype = 2;
            fontsize = 1;
            fontratio = 1;
            fontstyle = 0;
            fontslant = 0;
            pen = -1;
            oncombine = NONE;
            unit = "mm";
        };

        text _tmp_2207
        {
            name = "Text_14";
            x1 = 72;
            y1 = 0;
            x2 = 72;
            y2 = 0;
            string = "\\t";
            fontname = "fixfont";
            fontcolor = 160;
            fonttype = 4;
            fontsize = 5;
            fontratio = 1.5;
            fontslant = 0;
            fontstyle = 0;
            angle = 0;
            justify = LEFT;
            pen = -1;
        };

        text _tmp_2542
        {
            name = "Text_16";
            x1 = 81;
            y1 = 0;
            x2 = 81;
            y2 = 0;
            string = "\\t";
            fontname = "fixfont";
            fontcolor = 160;
            fonttype = 4;
            fontsize = 5;
            fontratio = 1.5;
            fontslant = 0;
            fontstyle = 0;
            angle = 0;
            justify = LEFT;
            pen = -1;
        };

        valuefield _tmp_2544
        {
            name = "C";
            location = (83, 0);
            formula = "GetValue(\"DIM_C\")";
            datatype = DOUBLE;
            class = "Length";
            cacheable = TRUE;
            justify = RIGHT;
            visibility = TRUE;
            angle = 0;
            length = 7;
            decimals = 0;
            sortdirection = NONE;
            fontname = "Courier New";
            fontcolor = 153;
            fonttype = 2;
            fontsize = 1;
            fontratio = 1;
            fontstyle = 0;
            fontslant = 0;
            pen = -1;
            oncombine = NONE;
            unit = "mm";
        };

        text _tmp_3116
        {
            name = "Text_18";
            x1 = 90;
            y1 = 0;
            x2 = 90;
            y2 = 0;
            string = "\\t";
            fontname = "fixfont";
            fontcolor = 160;
            fonttype = 4;
            fontsize = 5;
            fontratio = 1.5;
            fontslant = 0;
            fontstyle = 0;
            angle = 0;
            justify = LEFT;
            pen = -1;
        };

        valuefield _tmp_3118
        {
            name = "D";
            location = (92, 0);
            formula = "GetValue(\"DIM_D\")";
            datatype = DOUBLE;
            class = "Length";
            cacheable = TRUE;
            justify = RIGHT;
            visibility = TRUE;
            angle = 0;
            length = 7;
            decimals = 0;
            sortdirection = NONE;
            fontname = "Courier New";
            fontcolor = 153;
            fonttype = 2;
            fontsize = 1;
            fontratio = 1;
            fontstyle = 0;
            fontslant = 0;
            pen = -1;
            oncombine = NONE;
            unit = "mm";
        };

        text _tmp_3206
        {
            name = "Text_20";
            x1 = 99;
            y1 = 0;
            x2 = 99;
            y2 = 0;
            string = "\\t";
            fontname = "fixfont";
            fontcolor = 160;
            fonttype = 4;
            fontsize = 5;
            fontratio = 1.5;
            fontslant = 0;
            fontstyle = 0;
            angle = 0;
            justify = LEFT;
            pen = -1;
        };

        valuefield _tmp_3208
        {
            name = "E";
            location = (101, 0);
            formula = "GetValue(\"DIM_E\")";
            datatype = DOUBLE;
            class = "Length";
            cacheable = TRUE;
            justify = RIGHT;
            visibility = TRUE;
            angle = 0;
            length = 7;
            decimals = 0;
            sortdirection = NONE;
            fontname = "Courier New";
            fontcolor = 153;
            fonttype = 2;
            fontsize = 1;
            fontratio = 1;
            fontstyle = 0;
            fontslant = 0;
            pen = -1;
            oncombine = NONE;
            unit = "mm";
        };

        text _tmp_3446
        {
            name = "Text_22";
            x1 = 108;
            y1 = 0;
            x2 = 108;
            y2 = 0;
            string = "\\t";
            fontname = "fixfont";
            fontcolor = 160;
            fonttype = 4;
            fontsize = 5;
            fontratio = 1.5;
            fontslant = 0;
            fontstyle = 0;
            angle = 0;
            justify = LEFT;
            pen = -1;
        };

        valuefield _tmp_3448
        {
            name = "G";
            location = (119, 0);
            formula = "GetValue(\"DIM_G\")";
            datatype = DOUBLE;
            class = "Length";
            cacheable = TRUE;
            justify = RIGHT;
            visibility = TRUE;
            angle = 0;
            length = 7;
            decimals = 0;
            sortdirection = NONE;
            fontname = "Courier New";
            fontcolor = 153;
            fonttype = 2;
            fontsize = 1;
            fontratio = 1;
            fontstyle = 0;
            fontslant = 0;
            pen = -1;
            oncombine = NONE;
            unit = "mm";
        };

        text _tmp_4342
        {
            name = "Text_24";
            x1 = 117;
            y1 = 0;
            x2 = 117;
            y2 = 0;
            string = "\\t";
            fontname = "fixfont";
            fontcolor = 160;
            fonttype = 4;
            fontsize = 5;
            fontratio = 1.5;
            fontslant = 0;
            fontstyle = 0;
            angle = 0;
            justify = LEFT;
            pen = -1;
        };

        valuefield _tmp_4344
        {
            name = "H1";
            location = (128, 0);
            formula = "GetValue(\"DIM_H1\")";
            datatype = DOUBLE;
            class = "Length";
            cacheable = TRUE;
            justify = RIGHT;
            visibility = TRUE;
            angle = 0;
            length = 7;
            decimals = 0;
            sortdirection = NONE;
            fontname = "Courier New";
            fontcolor = 153;
            fonttype = 2;
            fontsize = 1;
            fontratio = 1;
            fontstyle = 0;
            fontslant = 0;
            pen = -1;
            oncombine = NONE;
            unit = "mm";
        };

        text _tmp_4713
        {
            name = "Text_26";
            x1 = 126;
            y1 = 0;
            x2 = 126;
            y2 = 0;
            string = "\\t";
            fontname = "fixfont";
            fontcolor = 160;
            fonttype = 4;
            fontsize = 5;
            fontratio = 1.5;
            fontslant = 0;
            fontstyle = 0;
            angle = 0;
            justify = LEFT;
            pen = -1;
        };

        valuefield _tmp_4786
        {
            name = "TD";
            location = (173, 0);
            formula = "GetValue(\"DIM_TD\")";
            datatype = DOUBLE;
            class = "Length";
            cacheable = TRUE;
            justify = RIGHT;
            visibility = TRUE;
            angle = 0;
            length = 7;
            decimals = 0;
            sortdirection = NONE;
            fontname = "Courier New";
            fontcolor = 153;
            fonttype = 2;
            fontsize = 1;
            fontratio = 1;
            fontstyle = 0;
            fontslant = 0;
            pen = -1;
            oncombine = NONE;
            unit = "mm";
        };

        valuefield _tmp_4982
        {
            name = "무게110";
            location = (185, 0);
            formula = "(GetFieldFormula(\"길이1\")*0.560)/1000 ";
            datatype = DOUBLE;
            class = "Weight";
            cacheable = TRUE;
            justify = RIGHT;
            visibility = TRUE;
            angle = 0;
            length = 7;
            decimals = 2;
            sortdirection = ASCENDING;
            fontname = "Courier New";
            fontcolor = 153;
            fonttype = 2;
            fontsize = 1;
            fontratio = 1;
            fontstyle = 0;
            fontslant = 0;
            pen = -1;
            oncombine = NONE;
            unit = "kg";
        };

        text _tmp_5249
        {
            name = "Text_31";
            x1 = 180;
            y1 = 0;
            x2 = 180;
            y2 = 0;
            string = "\\t";
            fontname = "fixfont";
            fontcolor = 160;
            fonttype = 4;
            fontsize = 5;
            fontratio = 1.5;
            fontslant = 0;
            fontstyle = 0;
            angle = 0;
            justify = LEFT;
            pen = -1;
        };

        valuefield _tmp_6113
        {
            name = "무게10";
            location = (198, 0);
            formula = "GetFieldFormula(\"무게110\")*GetFieldFormula(\"몇개1\")";
            datatype = DOUBLE;
            class = "Weight";
            cacheable = TRUE;
            justify = RIGHT;
            visibility = TRUE;
            angle = 0;
            length = 7;
            decimals = 2;
            sortdirection = ASCENDING;
            fontname = "Courier New";
            fontcolor = 153;
            fonttype = 2;
            fontsize = 1;
            fontratio = 1;
            fontstyle = 0;
            fontslant = 0;
            pen = -1;
            oncombine = SUM;
            unit = "kg";
        };

        text _tmp_6388
        {
            name = "Text_33";
            x1 = 193;
            y1 = 0;
            x2 = 193;
            y2 = 0;
            string = "\\t";
            fontname = "fixfont";
            fontcolor = 160;
            fonttype = 4;
            fontsize = 5;
            fontratio = 1.5;
            fontslant = 0;
            fontstyle = 0;
            angle = 0;
            justify = LEFT;
            pen = -1;
        };

        valuefield _tmp_1260
        {
            name = "지름10";
            location = (207, 0);
            formula = "GetFieldFormula(\"길이1\")*GetFieldFormula(\"몇개\")";
            datatype = DOUBLE;
            class = "Length";
            cacheable = TRUE;
            justify = RIGHT;
            visibility = FALSE;
            angle = 0;
            length = 4;
            decimals = 2;
            sortdirection = ASCENDING;
            fontname = "Courier New";
            fontcolor = 153;
            fonttype = 2;
            fontsize = 1;
            fontratio = 1;
            fontstyle = 0;
            fontslant = 0;
            pen = -1;
            oncombine = SUM;
            unit = "m";
        };

        valuefield _tmp_13
        {
            name = "F";
            location = (110, 0);
            formula = "GetValue(\"DIM_F\")";
            datatype = DOUBLE;
            class = "Length";
            cacheable = TRUE;
            justify = RIGHT;
            visibility = TRUE;
            angle = 0;
            length = 7;
            decimals = 0;
            sortdirection = NONE;
            fontname = "Courier New";
            fontcolor = 153;
            fonttype = 2;
            fontsize = 1;
            fontratio = 1;
            fontstyle = 0;
            fontslant = 0;
            pen = -1;
            oncombine = NONE;
            unit = "mm";
        };

        text _tmp_60290
        {
            name = "Text_245";
            x1 = 135;
            y1 = 0;
            x2 = 135;
            y2 = 0;
            string = "\\t";
            fontname = "fixfont";
            fontcolor = 160;
            fonttype = 4;
            fontsize = 5;
            fontratio = 1.5;
            fontslant = 0;
            fontstyle = 0;
            angle = 0;
            justify = LEFT;
            pen = -1;
        };

        valuefield _tmp_60301
        {
            name = "J";
            location = (137, 0);
            formula = "GetValue(\"DIM_J\")";
            datatype = DOUBLE;
            class = "Length";
            cacheable = TRUE;
            justify = RIGHT;
            visibility = TRUE;
            angle = 0;
            length = 7;
            decimals = 0;
            sortdirection = NONE;
            fontname = "Courier New";
            fontcolor = 153;
            fonttype = 2;
            fontsize = 1;
            fontratio = 1;
            fontstyle = 0;
            fontslant = 0;
            pen = -1;
            oncombine = NONE;
            unit = "mm";
        };

        text _tmp_61402
        {
            name = "Text_255";
            x1 = 144;
            y1 = 0;
            x2 = 144;
            y2 = 0;
            string = "\\t";
            fontname = "fixfont";
            fontcolor = 160;
            fonttype = 4;
            fontsize = 5;
            fontratio = 1.5;
            fontslant = 0;
            fontstyle = 0;
            angle = 0;
            justify = LEFT;
            pen = -1;
        };

        valuefield _tmp_63936
        {
            name = "K";
            location = (146, 0);
            formula = "GetValue(\"DIM_K1\")";
            datatype = DOUBLE;
            class = "Length";
            cacheable = TRUE;
            justify = RIGHT;
            visibility = TRUE;
            angle = 0;
            length = 7;
            decimals = 0;
            sortdirection = NONE;
            fontname = "Courier New";
            fontcolor = 153;
            fonttype = 2;
            fontsize = 1;
            fontratio = 1;
            fontstyle = 0;
            fontslant = 0;
            pen = -1;
            oncombine = NONE;
            unit = "mm";
        };

        text _tmp_63937
        {
            name = "Text_269";
            x1 = 153;
            y1 = 0;
            x2 = 153;
            y2 = 0;
            string = "\\t";
            fontname = "fixfont";
            fontcolor = 160;
            fonttype = 4;
            fontsize = 5;
            fontratio = 1.5;
            fontslant = 0;
            fontstyle = 0;
            angle = 0;
            justify = LEFT;
            pen = -1;
        };

        valuefield _tmp_64390
        {
            name = "O";
            location = (155, 0);
            formula = "GetValue(\"DIM_O\")";
            datatype = DOUBLE;
            class = "Length";
            cacheable = TRUE;
            justify = RIGHT;
            visibility = TRUE;
            angle = 0;
            length = 7;
            decimals = 0;
            sortdirection = NONE;
            fontname = "Courier New";
            fontcolor = 153;
            fonttype = 2;
            fontsize = 1;
            fontratio = 1;
            fontstyle = 0;
            fontslant = 0;
            pen = -1;
            oncombine = NONE;
            unit = "mm";
        };

        text _tmp_64391
        {
            name = "Text_281";
            x1 = 162;
            y1 = 0;
            x2 = 162;
            y2 = 0;
            string = "\\t";
            fontname = "fixfont";
            fontcolor = 160;
            fonttype = 4;
            fontsize = 5;
            fontratio = 1.5;
            fontslant = 0;
            fontstyle = 0;
            angle = 0;
            justify = LEFT;
            pen = -1;
        };

        valuefield _tmp_64844
        {
            name = "R";
            location = (164, 0);
            formula = "GetValue(\"DIM_R\")";
            datatype = DOUBLE;
            class = "Length";
            cacheable = TRUE;
            justify = RIGHT;
            visibility = TRUE;
            angle = 0;
            length = 7;
            decimals = 0;
            sortdirection = NONE;
            fontname = "Courier New";
            fontcolor = 153;
            fonttype = 2;
            fontsize = 1;
            fontratio = 1;
            fontstyle = 0;
            fontslant = 0;
            pen = -1;
            oncombine = NONE;
            unit = "mm";
        };

        text _tmp_64845
        {
            name = "Text_27";
            x1 = 171;
            y1 = 0;
            x2 = 171;
            y2 = 0;
            string = "\\t";
            fontname = "fixfont";
            fontcolor = 160;
            fonttype = 4;
            fontsize = 5;
            fontratio = 1.5;
            fontslant = 0;
            fontstyle = 0;
            angle = 0;
            justify = LEFT;
            pen = -1;
        };

        valuefield _tmp_14972
        {
            name = "합길이1";
            location = (47, 0);
            formula = "GetFieldFormula(\"길이1\")*GetFieldFormula(\"몇개1\")";
            datatype = DOUBLE;
            class = "Length";
            cacheable = TRUE;
            justify = RIGHT;
            visibility = TRUE;
            angle = 0;
            length = 5;
            decimals = 2;
            sortdirection = ASCENDING;
            fontname = "Arial";
            fontcolor = 153;
            fonttype = 2;
            fontsize = 1;
            fontratio = 1;
            fontstyle = 0;
            fontslant = 0;
            pen = -1;
            oncombine = SUM;
            unit = "m";
        };
    };

    row _tmp_1235
    {
        name = "D10합";
        height = 1;
        visibility = TRUE;
        usecolumns = FALSE;
        rule = "if (GetValue(\"SIZE\") == \"10\") then\r\n  Output()\r\nelse\r\n  StepOver()\r\nendif";
        contenttype = "REBAR";
        sorttype = COMBINE;

        valuefield _tmp_1272
        {
            name = "110";
            location = (40, 0);
            formula = "Sum(\"합길이1\")";
            datatype = DOUBLE;
            class = "Length";
            cacheable = TRUE;
            justify = RIGHT;
            visibility = TRUE;
            angle = 0;
            length = 10;
            decimals = 2;
            sortdirection = NONE;
            fontname = "Arial";
            fontcolor = 153;
            fonttype = 2;
            fontsize = 1;
            fontratio = 1;
            fontstyle = 0;
            fontslant = 0;
            pen = -1;
            oncombine = SUM;
            unit = "m";
        };

        text _tmp_1273
        {
            name = "Text_52";
            x1 = 29;
            y1 = 0;
            x2 = 29;
            y2 = 0;
            string = "중간길이합:";
            fontname = "Arial";
            fontcolor = 153;
            fonttype = 2;
            fontsize = 1;
            fontratio = 1;
            fontslant = 0;
            fontstyle = 0;
            angle = 0;
            justify = LEFT;
            pen = -1;
        };

        text _tmp_2241
        {
            name = "Text_53";
            x1 = 144;
            y1 = 0;
            x2 = 144;
            y2 = 0;
            string = "중간무게합:";
            fontname = "Arial";
            fontcolor = 153;
            fonttype = 2;
            fontsize = 1;
            fontratio = 1;
            fontslant = 0;
            fontstyle = 0;
            angle = 0;
            justify = LEFT;
            pen = -1;
        };

        valuefield _tmp_2242
        {
            name = "1";
            location = (155, 0);
            formula = "Sum(\"무게10\")";
            datatype = DOUBLE;
            class = "Weight";
            cacheable = TRUE;
            justify = RIGHT;
            visibility = TRUE;
            angle = 0;
            length = 10;
            decimals = 2;
            sortdirection = NONE;
            fontname = "Arial";
            fontcolor = 153;
            fonttype = 2;
            fontsize = 1;
            fontratio = 1;
            fontstyle = 0;
            fontslant = 0;
            pen = -1;
            oncombine = NONE;
            unit = "kg";
        };
    };

    row _tmp_1031
    {
        name = "D13";
        height = 1;
        visibility = TRUE;
        usecolumns = FALSE;
        rule = "if (GetValue(\"SIZE\") == \"13\") then\r\n  Output()\r\nelse\r\n  StepOver()\r\nendif\r\n";
        contenttype = "REBAR";
        sorttype = COMBINE;

        valuefield _tmp_1032
        {
            name = "ValueField";
            location = (0, 0);
            formula = "GetValue(\"SHAPE\")";
            datatype = STRING;
            class = "";
            cacheable = TRUE;
            justify = RIGHT;
            visibility = TRUE;
            angle = 0;
            length = 3;
            decimals = 0;
            sortdirection = ASCENDING;
            fontname = "Arial";
            fontcolor = 153;
            fonttype = 2;
            fontsize = 1;
            fontratio = 1;
            fontstyle = 0;
            fontslant = 0;
            pen = -1;
            oncombine = NONE;
        };

        valuefield _tmp_1048
        {
            name = "ValueField_8";
            location = (7, 0);
            formula = "GetValue(\"REBAR_POS\")";
            datatype = STRING;
            class = "";
            cacheable = TRUE;
            justify = RIGHT;
            visibility = TRUE;
            angle = 0;
            length = 6;
            sortdirection = ASCENDING;
            fontname = "Arial";
            fontcolor = 153;
            fonttype = 2;
            fontsize = 1;
            fontratio = 1;
            fontstyle = 0;
            fontslant = 0;
            pen = -1;
            oncombine = NONE;
        };

        valuefield _tmp_1033
        {
            name = "크기13";
            location = (28, 0);
            formula = "GetValue(\"SIZE\")";
            datatype = STRING;
            class = "";
            cacheable = TRUE;
            justify = RIGHT;
            visibility = TRUE;
            angle = 0;
            length = 5;
            decimals = 0;
            sortdirection = ASCENDING;
            fontname = "Arial";
            fontcolor = 153;
            fonttype = 2;
            fontsize = 1;
            fontratio = 1;
            fontstyle = 0;
            fontslant = 0;
            pen = -1;
            oncombine = NONE;
        };

        valuefield _tmp_1034
        {
            name = "ValueField_2";
            location = (18, 0);
            formula = "GetValue(\"GRADE\")";
            datatype = STRING;
            class = "";
            cacheable = TRUE;
            justify = RIGHT;
            visibility = TRUE;
            angle = 0;
            length = 5;
            sortdirection = ASCENDING;
            fontname = "Arial";
            fontcolor = 153;
            fonttype = 2;
            fontsize = 1;
            fontratio = 1;
            fontstyle = 0;
            fontslant = 0;
            pen = -1;
            oncombine = NONE;
        };

        text _tmp_1035
        {
            name = "Text_36";
            x1 = 4;
            y1 = 0;
            x2 = 4;
            y2 = 0;
            string = "\\t";
            fontname = "fixfont";
            fontcolor = 160;
            fonttype = 4;
            fontsize = 5;
            fontratio = 1.5;
            fontslant = 0;
            fontstyle = 0;
            angle = 0;
            justify = LEFT;
            pen = -1;
        };

        text _tmp_1036
        {
            name = "Text_37";
            x1 = 15;
            y1 = 0;
            x2 = 15;
            y2 = 0;
            string = "\\t";
            fontname = "fixfont";
            fontcolor = 160;
            fonttype = 4;
            fontsize = 5;
            fontratio = 1.5;
            fontslant = 0;
            fontstyle = 0;
            angle = 0;
            justify = LEFT;
            pen = -1;
        };

        text _tmp_1037
        {
            name = "Text_38";
            x1 = 24;
            y1 = 0;
            x2 = 24;
            y2 = 0;
            string = "\\t";
            fontname = "fixfont";
            fontcolor = 160;
            fonttype = 4;
            fontsize = 5;
            fontratio = 1.5;
            fontslant = 0;
            fontstyle = 0;
            angle = 0;
            justify = LEFT;
            pen = -1;
        };

        text _tmp_1038
        {
            name = "Text_39";
            x1 = 34;
            y1 = 0;
            x2 = 34;
            y2 = 0;
            string = "\\t";
            fontname = "fixfont";
            fontcolor = 160;
            fonttype = 4;
            fontsize = 5;
            fontratio = 1.5;
            fontslant = 0;
            fontstyle = 0;
            angle = 0;
            justify = LEFT;
            pen = -1;
        };

        valuefield _tmp_1039
        {
            name = "몇개2";
            location = (37, 0);
            formula = "GetValue(\"NUMBER\")";
            datatype = INTEGER;
            class = "";
            cacheable = TRUE;
            justify = RIGHT;
            visibility = TRUE;
            angle = 0;
            length = 5;
            decimals = 0;
            sortdirection = ASCENDING;
            fontname = "Arial";
            fontcolor = 153;
            fonttype = 2;
            fontsize = 1;
            fontratio = 1;
            fontstyle = 0;
            fontslant = 0;
            pen = -1;
            oncombine = SUM;
        };

        text _tmp_1040
        {
            name = "Text_40";
            x1 = 43;
            y1 = 0;
            x2 = 43;
            y2 = 0;
            string = "\\t";
            fontname = "fixfont";
            fontcolor = 160;
            fonttype = 4;
            fontsize = 5;
            fontratio = 1.5;
            fontslant = 0;
            fontstyle = 0;
            angle = 0;
            justify = LEFT;
            pen = -1;
        };

        valuefield _tmp_1041
        {
            name = "길이2";
            location = (57, 0);
            formula = "GetValue(\"DIM_A\")+GetValue(\"DIM_B\")+GetValue(\"DIM_C\")+GetValue(\"DIM_D\")+GetValue(\"DIM_E\")+GetValue(\"DIM_F\")+GetValue(\"DIM_G\")";
            datatype = DOUBLE;
            class = "Length";
            cacheable = TRUE;
            justify = RIGHT;
            visibility = TRUE;
            angle = 0;
            length = 5;
            decimals = 2;
            sortdirection = ASCENDING;
            fontname = "Arial";
            fontcolor = 153;
            fonttype = 2;
            fontsize = 1;
            fontratio = 1;
            fontstyle = 0;
            fontslant = 0;
            pen = -1;
            oncombine = NONE;
            unit = "m";
        };

        text _tmp_1042
        {
            name = "Text_41";
            x1 = 63;
            y1 = 0;
            x2 = 63;
            y2 = 0;
            string = "\\t";
            fontname = "fixfont";
            fontcolor = 160;
            fonttype = 4;
            fontsize = 5;
            fontratio = 1.5;
            fontslant = 0;
            fontstyle = 0;
            angle = 0;
            justify = LEFT;
            pen = -1;
        };

        valuefield _tmp_1043
        {
            name = "ValueField_5";
            location = (65, 0);
            formula = "GetValue(\"DIM_A\")";
            datatype = DOUBLE;
            class = "Length";
            cacheable = TRUE;
            justify = RIGHT;
            visibility = TRUE;
            angle = 0;
            length = 7;
            decimals = 0;
            sortdirection = NONE;
            fontname = "Arial";
            fontcolor = 153;
            fonttype = 2;
            fontsize = 1;
            fontratio = 1;
            fontstyle = 0;
            fontslant = 0;
            pen = -1;
            oncombine = NONE;
            unit = "mm";
        };

        valuefield _tmp_1044
        {
            name = "ValueField_6";
            location = (74, 0);
            formula = "GetValue(\"DIM_B\")";
            datatype = DOUBLE;
            class = "Length";
            cacheable = TRUE;
            justify = RIGHT;
            visibility = TRUE;
            angle = 0;
            length = 7;
            decimals = 0;
            sortdirection = NONE;
            fontname = "Arial";
            fontcolor = 153;
            fonttype = 2;
            fontsize = 1;
            fontratio = 1;
            fontstyle = 0;
            fontslant = 0;
            pen = -1;
            oncombine = NONE;
            unit = "mm";
        };

        text _tmp_1045
        {
            name = "Text_42";
            x1 = 72;
            y1 = 0;
            x2 = 72;
            y2 = 0;
            string = "\\t";
            fontname = "fixfont";
            fontcolor = 160;
            fonttype = 4;
            fontsize = 5;
            fontratio = 1.5;
            fontslant = 0;
            fontstyle = 0;
            angle = 0;
            justify = LEFT;
            pen = -1;
        };

        text _tmp_1046
        {
            name = "Text_43";
            x1 = 81;
            y1 = 0;
            x2 = 81;
            y2 = 0;
            string = "\\t";
            fontname = "fixfont";
            fontcolor = 160;
            fonttype = 4;
            fontsize = 5;
            fontratio = 1.5;
            fontslant = 0;
            fontstyle = 0;
            angle = 0;
            justify = LEFT;
            pen = -1;
        };

        valuefield _tmp_1047
        {
            name = "ValueField_7";
            location = (83, 0);
            formula = "GetValue(\"DIM_C\")";
            datatype = DOUBLE;
            class = "Length";
            cacheable = TRUE;
            justify = RIGHT;
            visibility = TRUE;
            angle = 0;
            length = 7;
            decimals = 0;
            sortdirection = NONE;
            fontname = "Courier New";
            fontcolor = 153;
            fonttype = 2;
            fontsize = 1;
            fontratio = 1;
            fontstyle = 0;
            fontslant = 0;
            pen = -1;
            oncombine = NONE;
            unit = "mm";
        };

        text _tmp_1049
        {
            name = "Text_44";
            x1 = 90;
            y1 = 0;
            x2 = 90;
            y2 = 0;
            string = "\\t";
            fontname = "fixfont";
            fontcolor = 160;
            fonttype = 4;
            fontsize = 5;
            fontratio = 1.5;
            fontslant = 0;
            fontstyle = 0;
            angle = 0;
            justify = LEFT;
            pen = -1;
        };

        valuefield _tmp_1050
        {
            name = "ValueField_9";
            location = (92, 0);
            formula = "GetValue(\"DIM_D\")";
            datatype = DOUBLE;
            class = "Length";
            cacheable = TRUE;
            justify = RIGHT;
            visibility = TRUE;
            angle = 0;
            length = 7;
            decimals = 0;
            sortdirection = NONE;
            fontname = "Courier New";
            fontcolor = 153;
            fonttype = 2;
            fontsize = 1;
            fontratio = 1;
            fontstyle = 0;
            fontslant = 0;
            pen = -1;
            oncombine = NONE;
            unit = "mm";
        };

        text _tmp_1051
        {
            name = "Text_45";
            x1 = 99;
            y1 = 0;
            x2 = 99;
            y2 = 0;
            string = "\\t";
            fontname = "fixfont";
            fontcolor = 160;
            fonttype = 4;
            fontsize = 5;
            fontratio = 1.5;
            fontslant = 0;
            fontstyle = 0;
            angle = 0;
            justify = LEFT;
            pen = -1;
        };

        valuefield _tmp_1052
        {
            name = "ValueField_10";
            location = (101, 0);
            formula = "GetValue(\"DIM_E\")";
            datatype = DOUBLE;
            class = "Length";
            cacheable = TRUE;
            justify = RIGHT;
            visibility = TRUE;
            angle = 0;
            length = 7;
            decimals = 0;
            sortdirection = NONE;
            fontname = "Courier New";
            fontcolor = 153;
            fonttype = 2;
            fontsize = 1;
            fontratio = 1;
            fontstyle = 0;
            fontslant = 0;
            pen = -1;
            oncombine = NONE;
            unit = "mm";
        };

        text _tmp_1053
        {
            name = "Text_46";
            x1 = 108;
            y1 = 0;
            x2 = 108;
            y2 = 0;
            string = "\\t";
            fontname = "fixfont";
            fontcolor = 160;
            fonttype = 4;
            fontsize = 5;
            fontratio = 1.5;
            fontslant = 0;
            fontstyle = 0;
            angle = 0;
            justify = LEFT;
            pen = -1;
        };

        valuefield _tmp_1054
        {
            name = "ValueField_11";
            location = (119, 0);
            formula = "GetValue(\"DIM_G\")";
            datatype = DOUBLE;
            class = "Length";
            cacheable = TRUE;
            justify = RIGHT;
            visibility = TRUE;
            angle = 0;
            length = 7;
            decimals = 0;
            sortdirection = NONE;
            fontname = "Courier New";
            fontcolor = 153;
            fonttype = 2;
            fontsize = 1;
            fontratio = 1;
            fontstyle = 0;
            fontslant = 0;
            pen = -1;
            oncombine = NONE;
            unit = "mm";
        };

        text _tmp_1055
        {
            name = "Text_47";
            x1 = 117;
            y1 = 0;
            x2 = 117;
            y2 = 0;
            string = "\\t";
            fontname = "fixfont";
            fontcolor = 160;
            fonttype = 4;
            fontsize = 5;
            fontratio = 1.5;
            fontslant = 0;
            fontstyle = 0;
            angle = 0;
            justify = LEFT;
            pen = -1;
        };

        valuefield _tmp_1056
        {
            name = "ValueField_12";
            location = (128, 0);
            formula = "GetValue(\"DIM_H1\")";
            datatype = DOUBLE;
            class = "Length";
            cacheable = TRUE;
            justify = RIGHT;
            visibility = TRUE;
            angle = 0;
            length = 7;
            decimals = 0;
            sortdirection = NONE;
            fontname = "Courier New";
            fontcolor = 153;
            fonttype = 2;
            fontsize = 1;
            fontratio = 1;
            fontstyle = 0;
            fontslant = 0;
            pen = -1;
            oncombine = NONE;
            unit = "mm";
        };

        text _tmp_1057
        {
            name = "Text_48";
            x1 = 126;
            y1 = 0;
            x2 = 126;
            y2 = 0;
            string = "\\t";
            fontname = "fixfont";
            fontcolor = 160;
            fonttype = 4;
            fontsize = 5;
            fontratio = 1.5;
            fontslant = 0;
            fontstyle = 0;
            angle = 0;
            justify = LEFT;
            pen = -1;
        };

        valuefield _tmp_1058
        {
            name = "ValueField_13";
            location = (173, 0);
            formula = "GetValue(\"DIM_TD\")";
            datatype = DOUBLE;
            class = "Length";
            cacheable = TRUE;
            justify = RIGHT;
            visibility = TRUE;
            angle = 0;
            length = 7;
            decimals = 0;
            sortdirection = NONE;
            fontname = "Courier New";
            fontcolor = 153;
            fonttype = 2;
            fontsize = 1;
            fontratio = 1;
            fontstyle = 0;
            fontslant = 0;
            pen = -1;
            oncombine = NONE;
            unit = "mm";
        };

        text _tmp_1061
        {
            name = "Text_50";
            x1 = 180;
            y1 = 0;
            x2 = 180;
            y2 = 0;
            string = "\\t";
            fontname = "fixfont";
            fontcolor = 160;
            fonttype = 4;
            fontsize = 5;
            fontratio = 1.5;
            fontslant = 0;
            fontstyle = 0;
            angle = 0;
            justify = LEFT;
            pen = -1;
        };

        valuefield _tmp_1062
        {
            name = "무게13";
            location = (198, 0);
            formula = "GetFieldFormula(\"무게113\")*GetFieldFormula(\"몇개2\")";
            datatype = DOUBLE;
            class = "Weight";
            cacheable = TRUE;
            justify = RIGHT;
            visibility = TRUE;
            angle = 0;
            length = 7;
            decimals = 2;
            sortdirection = ASCENDING;
            fontname = "Courier New";
            fontcolor = 153;
            fonttype = 2;
            fontsize = 1;
            fontratio = 1;
            fontstyle = 0;
            fontslant = 0;
            pen = -1;
            oncombine = SUM;
            unit = "kg";
        };

        text _tmp_1063
        {
            name = "Text_51";
            x1 = 193;
            y1 = 0;
            x2 = 193;
            y2 = 0;
            string = "\\t";
            fontname = "fixfont";
            fontcolor = 160;
            fonttype = 4;
            fontsize = 5;
            fontratio = 1.5;
            fontslant = 0;
            fontstyle = 0;
            angle = 0;
            justify = LEFT;
            pen = -1;
        };

        valuefield _tmp_1064
        {
            name = "지름13";
            location = (207, 0);
            formula = "GetFieldFormula(\"길이1\")*GetFieldFormula(\"몇개\")";
            datatype = DOUBLE;
            class = "Length";
            cacheable = TRUE;
            justify = RIGHT;
            visibility = FALSE;
            angle = 0;
            length = 4;
            decimals = 2;
            sortdirection = ASCENDING;
            fontname = "Courier New";
            fontcolor = 153;
            fonttype = 2;
            fontsize = 1;
            fontratio = 1;
            fontstyle = 0;
            fontslant = 0;
            pen = -1;
            oncombine = SUM;
            unit = "m";
        };

        valuefield _tmp_2593
        {
            name = "무게113";
            location = (185, 0);
            formula = "(GetFieldFormula(\"길이2\")*0.995)/1000 ";
            datatype = DOUBLE;
            class = "Weight";
            cacheable = TRUE;
            justify = RIGHT;
            visibility = TRUE;
            angle = 0;
            length = 7;
            decimals = 2;
            sortdirection = ASCENDING;
            fontname = "Courier New";
            fontcolor = 153;
            fonttype = 2;
            fontsize = 1;
            fontratio = 1;
            fontstyle = 0;
            fontslant = 0;
            pen = -1;
            oncombine = NONE;
            unit = "kg";
        };

        valuefield _tmp_15
        {
            name = "ValueField_73";
            location = (110, 0);
            formula = "GetValue(\"DIM_F\")";
            datatype = DOUBLE;
            class = "Length";
            cacheable = TRUE;
            justify = RIGHT;
            visibility = TRUE;
            angle = 0;
            length = 7;
            decimals = 0;
            sortdirection = NONE;
            fontname = "Courier New";
            fontcolor = 153;
            fonttype = 2;
            fontsize = 1;
            fontratio = 1;
            fontstyle = 0;
            fontslant = 0;
            pen = -1;
            oncombine = NONE;
            unit = "mm";
        };

        text _tmp_60291
        {
            name = "Text_246";
            x1 = 135;
            y1 = 0;
            x2 = 135;
            y2 = 0;
            string = "\\t";
            fontname = "fixfont";
            fontcolor = 160;
            fonttype = 4;
            fontsize = 5;
            fontratio = 1.5;
            fontslant = 0;
            fontstyle = 0;
            angle = 0;
            justify = LEFT;
            pen = -1;
        };

        valuefield _tmp_61404
        {
            name = "ValueField_135";
            location = (137, 0);
            formula = "GetValue(\"DIM_J\")";
            datatype = DOUBLE;
            class = "Length";
            cacheable = TRUE;
            justify = RIGHT;
            visibility = TRUE;
            angle = 0;
            length = 7;
            decimals = 0;
            sortdirection = NONE;
            fontname = "Courier New";
            fontcolor = 153;
            fonttype = 2;
            fontsize = 1;
            fontratio = 1;
            fontstyle = 0;
            fontslant = 0;
            pen = -1;
            oncombine = NONE;
            unit = "mm";
        };

        text _tmp_61406
        {
            name = "Text_256";
            x1 = 144;
            y1 = 0;
            x2 = 144;
            y2 = 0;
            string = "\\t";
            fontname = "fixfont";
            fontcolor = 160;
            fonttype = 4;
            fontsize = 5;
            fontratio = 1.5;
            fontslant = 0;
            fontstyle = 0;
            angle = 0;
            justify = LEFT;
            pen = -1;
        };

        valuefield _tmp_64366
        {
            name = "ValueField_120";
            location = (146, 0);
            formula = "GetValue(\"DIM_K1\")";
            datatype = DOUBLE;
            class = "Length";
            cacheable = TRUE;
            justify = RIGHT;
            visibility = TRUE;
            angle = 0;
            length = 7;
            decimals = 0;
            sortdirection = NONE;
            fontname = "Courier New";
            fontcolor = 153;
            fonttype = 2;
            fontsize = 1;
            fontratio = 1;
            fontstyle = 0;
            fontslant = 0;
            pen = -1;
            oncombine = NONE;
            unit = "mm";
        };

        text _tmp_64367
        {
            name = "Text_270";
            x1 = 153;
            y1 = 0;
            x2 = 153;
            y2 = 0;
            string = "\\t";
            fontname = "fixfont";
            fontcolor = 160;
            fonttype = 4;
            fontsize = 5;
            fontratio = 1.5;
            fontslant = 0;
            fontstyle = 0;
            angle = 0;
            justify = LEFT;
            pen = -1;
        };

        valuefield _tmp_64820
        {
            name = "ValueField_198";
            location = (155, 0);
            formula = "GetValue(\"DIM_O\")";
            datatype = DOUBLE;
            class = "Length";
            cacheable = TRUE;
            justify = RIGHT;
            visibility = TRUE;
            angle = 0;
            length = 7;
            decimals = 0;
            sortdirection = NONE;
            fontname = "Courier New";
            fontcolor = 153;
            fonttype = 2;
            fontsize = 1;
            fontratio = 1;
            fontstyle = 0;
            fontslant = 0;
            pen = -1;
            oncombine = NONE;
            unit = "mm";
        };

        text _tmp_64821
        {
            name = "Text_282";
            x1 = 162;
            y1 = 0;
            x2 = 162;
            y2 = 0;
            string = "\\t";
            fontname = "fixfont";
            fontcolor = 160;
            fonttype = 4;
            fontsize = 5;
            fontratio = 1.5;
            fontslant = 0;
            fontstyle = 0;
            angle = 0;
            justify = LEFT;
            pen = -1;
        };

        valuefield _tmp_65276
        {
            name = "ValueField_209";
            location = (164, 0);
            formula = "GetValue(\"DIM_R\")";
            datatype = DOUBLE;
            class = "Length";
            cacheable = TRUE;
            justify = RIGHT;
            visibility = TRUE;
            angle = 0;
            length = 7;
            decimals = 0;
            sortdirection = NONE;
            fontname = "Courier New";
            fontcolor = 153;
            fonttype = 2;
            fontsize = 1;
            fontratio = 1;
            fontstyle = 0;
            fontslant = 0;
            pen = -1;
            oncombine = NONE;
            unit = "mm";
        };

        text _tmp_65277
        {
            name = "Text_49";
            x1 = 171;
            y1 = 0;
            x2 = 171;
            y2 = 0;
            string = "\\t";
            fontname = "fixfont";
            fontcolor = 160;
            fonttype = 4;
            fontsize = 5;
            fontratio = 1.5;
            fontslant = 0;
            fontstyle = 0;
            angle = 0;
            justify = LEFT;
            pen = -1;
        };

        valuefield _tmp_31229
        {
            name = "합길이2";
            location = (47, 0);
            formula = "GetFieldFormula(\"길이2\")*GetFieldFormula(\"몇개2\")";
            datatype = DOUBLE;
            class = "Length";
            cacheable = TRUE;
            justify = RIGHT;
            visibility = TRUE;
            angle = 0;
            length = 5;
            decimals = 2;
            sortdirection = ASCENDING;
            fontname = "Arial";
            fontcolor = 153;
            fonttype = 2;
            fontsize = 1;
            fontratio = 1;
            fontstyle = 0;
            fontslant = 0;
            pen = -1;
            oncombine = SUM;
            unit = "m";
        };
    };

    row _tmp_3254
    {
        name = "D13합";
        height = 1;
        visibility = TRUE;
        usecolumns = FALSE;
        rule = "if (GetValue(\"SIZE\") == \"13\") then\r\n  Output()\r\nelse\r\n  StepOver()\r\nendif\r\n";
        contenttype = "REBAR";
        sorttype = COMBINE;

        valuefield _tmp_3255
        {
            name = "113";
            location = (40, 0);
            formula = "Sum(\"합길이2\")";
            datatype = DOUBLE;
            class = "Length";
            cacheable = TRUE;
            justify = RIGHT;
            visibility = TRUE;
            angle = 0;
            length = 10;
            decimals = 2;
            sortdirection = NONE;
            fontname = "Arial";
            fontcolor = 153;
            fonttype = 2;
            fontsize = 1;
            fontratio = 1;
            fontstyle = 0;
            fontslant = 0;
            pen = -1;
            oncombine = SUM;
            unit = "m";
        };

        text _tmp_3256
        {
            name = "Text_56";
            x1 = 29;
            y1 = 0;
            x2 = 29;
            y2 = 0;
            string = "중간길이합:";
            fontname = "Arial";
            fontcolor = 153;
            fonttype = 2;
            fontsize = 1;
            fontratio = 1;
            fontslant = 0;
            fontstyle = 0;
            angle = 0;
            justify = LEFT;
            pen = -1;
        };

        text _tmp_3257
        {
            name = "Text_57";
            x1 = 144;
            y1 = 0;
            x2 = 144;
            y2 = 0;
            string = "중간무게합:";
            fontname = "Arial";
            fontcolor = 153;
            fonttype = 2;
            fontsize = 1;
            fontratio = 1;
            fontslant = 0;
            fontstyle = 0;
            angle = 0;
            justify = LEFT;
            pen = -1;
        };

        valuefield _tmp_3258
        {
            name = "2";
            location = (155, 0);
            formula = "Sum(\"무게13\")";
            datatype = DOUBLE;
            class = "Weight";
            cacheable = TRUE;
            justify = RIGHT;
            visibility = TRUE;
            angle = 0;
            length = 10;
            decimals = 2;
            sortdirection = NONE;
            fontname = "Arial";
            fontcolor = 153;
            fonttype = 2;
            fontsize = 1;
            fontratio = 1;
            fontstyle = 0;
            fontslant = 0;
            pen = -1;
            oncombine = NONE;
            unit = "kg";
        };
    };

    row _tmp_3672
    {
        name = "D16";
        height = 1;
        visibility = TRUE;
        usecolumns = FALSE;
        rule = "if (GetValue(\"SIZE\") == \"16\") then\r\n  Output()\r\nelse\r\n  StepOver()\r\nendif\r\n";
        contenttype = "REBAR";
        sorttype = COMBINE;

        valuefield _tmp_3673
        {
            name = "ValueField_21";
            location = (0, 0);
            formula = "GetValue(\"SHAPE\")";
            datatype = STRING;
            class = "";
            cacheable = TRUE;
            justify = RIGHT;
            visibility = TRUE;
            angle = 0;
            length = 3;
            decimals = 0;
            sortdirection = ASCENDING;
            fontname = "Arial";
            fontcolor = 153;
            fonttype = 2;
            fontsize = 1;
            fontratio = 1;
            fontstyle = 0;
            fontslant = 0;
            pen = -1;
            oncombine = NONE;
        };

        valuefield _tmp_3689
        {
            name = "ValueField_29";
            location = (7, 0);
            formula = "GetValue(\"REBAR_POS\")";
            datatype = STRING;
            class = "";
            cacheable = TRUE;
            justify = RIGHT;
            visibility = TRUE;
            angle = 0;
            length = 6;
            sortdirection = ASCENDING;
            fontname = "Arial";
            fontcolor = 153;
            fonttype = 2;
            fontsize = 1;
            fontratio = 1;
            fontstyle = 0;
            fontslant = 0;
            pen = -1;
            oncombine = NONE;
        };

        valuefield _tmp_3674
        {
            name = "크기16";
            location = (28, 0);
            formula = "GetValue(\"SIZE\")";
            datatype = STRING;
            class = "";
            cacheable = TRUE;
            justify = RIGHT;
            visibility = TRUE;
            angle = 0;
            length = 5;
            decimals = 0;
            sortdirection = ASCENDING;
            fontname = "Arial";
            fontcolor = 153;
            fonttype = 2;
            fontsize = 1;
            fontratio = 1;
            fontstyle = 0;
            fontslant = 0;
            pen = -1;
            oncombine = NONE;
        };

        valuefield _tmp_3675
        {
            name = "ValueField_23";
            location = (18, 0);
            formula = "GetValue(\"GRADE\")";
            datatype = STRING;
            class = "";
            cacheable = TRUE;
            justify = RIGHT;
            visibility = TRUE;
            angle = 0;
            length = 5;
            sortdirection = ASCENDING;
            fontname = "Arial";
            fontcolor = 153;
            fonttype = 2;
            fontsize = 1;
            fontratio = 1;
            fontstyle = 0;
            fontslant = 0;
            pen = -1;
            oncombine = NONE;
        };

        text _tmp_3676
        {
            name = "Text_54";
            x1 = 4;
            y1 = 0;
            x2 = 4;
            y2 = 0;
            string = "\\t";
            fontname = "fixfont";
            fontcolor = 160;
            fonttype = 4;
            fontsize = 5;
            fontratio = 1.5;
            fontslant = 0;
            fontstyle = 0;
            angle = 0;
            justify = LEFT;
            pen = -1;
        };

        text _tmp_3677
        {
            name = "Text_55";
            x1 = 15;
            y1 = 0;
            x2 = 15;
            y2 = 0;
            string = "\\t";
            fontname = "fixfont";
            fontcolor = 160;
            fonttype = 4;
            fontsize = 5;
            fontratio = 1.5;
            fontslant = 0;
            fontstyle = 0;
            angle = 0;
            justify = LEFT;
            pen = -1;
        };

        text _tmp_3678
        {
            name = "Text_58";
            x1 = 24;
            y1 = 0;
            x2 = 24;
            y2 = 0;
            string = "\\t";
            fontname = "fixfont";
            fontcolor = 160;
            fonttype = 4;
            fontsize = 5;
            fontratio = 1.5;
            fontslant = 0;
            fontstyle = 0;
            angle = 0;
            justify = LEFT;
            pen = -1;
        };

        text _tmp_3679
        {
            name = "Text_59";
            x1 = 34;
            y1 = 0;
            x2 = 34;
            y2 = 0;
            string = "\\t";
            fontname = "fixfont";
            fontcolor = 160;
            fonttype = 4;
            fontsize = 5;
            fontratio = 1.5;
            fontslant = 0;
            fontstyle = 0;
            angle = 0;
            justify = LEFT;
            pen = -1;
        };

        valuefield _tmp_3680
        {
            name = "몇개3";
            location = (37, 0);
            formula = "GetValue(\"NUMBER\")";
            datatype = INTEGER;
            class = "";
            cacheable = TRUE;
            justify = RIGHT;
            visibility = TRUE;
            angle = 0;
            length = 5;
            decimals = 0;
            sortdirection = ASCENDING;
            fontname = "Arial";
            fontcolor = 153;
            fonttype = 2;
            fontsize = 1;
            fontratio = 1;
            fontstyle = 0;
            fontslant = 0;
            pen = -1;
            oncombine = SUM;
        };

        text _tmp_3681
        {
            name = "Text_60";
            x1 = 43;
            y1 = 0;
            x2 = 43;
            y2 = 0;
            string = "\\t";
            fontname = "fixfont";
            fontcolor = 160;
            fonttype = 4;
            fontsize = 5;
            fontratio = 1.5;
            fontslant = 0;
            fontstyle = 0;
            angle = 0;
            justify = LEFT;
            pen = -1;
        };

        valuefield _tmp_3682
        {
            name = "길이3";
            location = (57, 0);
            formula = "GetValue(\"DIM_A\")+GetValue(\"DIM_B\")+GetValue(\"DIM_C\")+GetValue(\"DIM_D\")+GetValue(\"DIM_E\")";
            datatype = DOUBLE;
            class = "Length";
            cacheable = TRUE;
            justify = RIGHT;
            visibility = TRUE;
            angle = 0;
            length = 5;
            decimals = 2;
            sortdirection = ASCENDING;
            fontname = "Arial";
            fontcolor = 153;
            fonttype = 2;
            fontsize = 1;
            fontratio = 1;
            fontstyle = 0;
            fontslant = 0;
            pen = -1;
            oncombine = NONE;
            unit = "m";
        };

        text _tmp_3683
        {
            name = "Text_61";
            x1 = 63;
            y1 = 0;
            x2 = 63;
            y2 = 0;
            string = "\\t";
            fontname = "fixfont";
            fontcolor = 160;
            fonttype = 4;
            fontsize = 5;
            fontratio = 1.5;
            fontslant = 0;
            fontstyle = 0;
            angle = 0;
            justify = LEFT;
            pen = -1;
        };

        valuefield _tmp_3684
        {
            name = "ValueField_26";
            location = (65, 0);
            formula = "GetValue(\"DIM_A\")";
            datatype = DOUBLE;
            class = "Length";
            cacheable = TRUE;
            justify = RIGHT;
            visibility = TRUE;
            angle = 0;
            length = 7;
            decimals = 0;
            sortdirection = NONE;
            fontname = "Arial";
            fontcolor = 153;
            fonttype = 2;
            fontsize = 1;
            fontratio = 1;
            fontstyle = 0;
            fontslant = 0;
            pen = -1;
            oncombine = NONE;
            unit = "mm";
        };

        valuefield _tmp_3685
        {
            name = "ValueField_27";
            location = (74, 0);
            formula = "GetValue(\"DIM_B\")";
            datatype = DOUBLE;
            class = "Length";
            cacheable = TRUE;
            justify = RIGHT;
            visibility = TRUE;
            angle = 0;
            length = 7;
            decimals = 0;
            sortdirection = NONE;
            fontname = "Arial";
            fontcolor = 153;
            fonttype = 2;
            fontsize = 1;
            fontratio = 1;
            fontstyle = 0;
            fontslant = 0;
            pen = -1;
            oncombine = NONE;
            unit = "mm";
        };

        text _tmp_3686
        {
            name = "Text_62";
            x1 = 72;
            y1 = 0;
            x2 = 72;
            y2 = 0;
            string = "\\t";
            fontname = "fixfont";
            fontcolor = 160;
            fonttype = 4;
            fontsize = 5;
            fontratio = 1.5;
            fontslant = 0;
            fontstyle = 0;
            angle = 0;
            justify = LEFT;
            pen = -1;
        };

        text _tmp_3687
        {
            name = "Text_63";
            x1 = 81;
            y1 = 0;
            x2 = 81;
            y2 = 0;
            string = "\\t";
            fontname = "fixfont";
            fontcolor = 160;
            fonttype = 4;
            fontsize = 5;
            fontratio = 1.5;
            fontslant = 0;
            fontstyle = 0;
            angle = 0;
            justify = LEFT;
            pen = -1;
        };

        valuefield _tmp_3688
        {
            name = "ValueField_28";
            location = (83, 0);
            formula = "GetValue(\"DIM_C\")";
            datatype = DOUBLE;
            class = "Length";
            cacheable = TRUE;
            justify = RIGHT;
            visibility = TRUE;
            angle = 0;
            length = 7;
            decimals = 0;
            sortdirection = NONE;
            fontname = "Courier New";
            fontcolor = 153;
            fonttype = 2;
            fontsize = 1;
            fontratio = 1;
            fontstyle = 0;
            fontslant = 0;
            pen = -1;
            oncombine = NONE;
            unit = "mm";
        };

        text _tmp_3690
        {
            name = "Text_64";
            x1 = 90;
            y1 = 0;
            x2 = 90;
            y2 = 0;
            string = "\\t";
            fontname = "fixfont";
            fontcolor = 160;
            fonttype = 4;
            fontsize = 5;
            fontratio = 1.5;
            fontslant = 0;
            fontstyle = 0;
            angle = 0;
            justify = LEFT;
            pen = -1;
        };

        valuefield _tmp_3691
        {
            name = "ValueField_30";
            location = (92, 0);
            formula = "GetValue(\"DIM_D\")";
            datatype = DOUBLE;
            class = "Length";
            cacheable = TRUE;
            justify = RIGHT;
            visibility = TRUE;
            angle = 0;
            length = 7;
            decimals = 0;
            sortdirection = NONE;
            fontname = "Courier New";
            fontcolor = 153;
            fonttype = 2;
            fontsize = 1;
            fontratio = 1;
            fontstyle = 0;
            fontslant = 0;
            pen = -1;
            oncombine = NONE;
            unit = "mm";
        };

        text _tmp_3692
        {
            name = "Text_65";
            x1 = 99;
            y1 = 0;
            x2 = 99;
            y2 = 0;
            string = "\\t";
            fontname = "fixfont";
            fontcolor = 160;
            fonttype = 4;
            fontsize = 5;
            fontratio = 1.5;
            fontslant = 0;
            fontstyle = 0;
            angle = 0;
            justify = LEFT;
            pen = -1;
        };

        valuefield _tmp_3693
        {
            name = "ValueField_31";
            location = (101, 0);
            formula = "GetValue(\"DIM_E\")";
            datatype = DOUBLE;
            class = "Length";
            cacheable = TRUE;
            justify = RIGHT;
            visibility = TRUE;
            angle = 0;
            length = 7;
            decimals = 0;
            sortdirection = NONE;
            fontname = "Courier New";
            fontcolor = 153;
            fonttype = 2;
            fontsize = 1;
            fontratio = 1;
            fontstyle = 0;
            fontslant = 0;
            pen = -1;
            oncombine = NONE;
            unit = "mm";
        };

        text _tmp_3694
        {
            name = "Text_66";
            x1 = 108;
            y1 = 0;
            x2 = 108;
            y2 = 0;
            string = "\\t";
            fontname = "fixfont";
            fontcolor = 160;
            fonttype = 4;
            fontsize = 5;
            fontratio = 1.5;
            fontslant = 0;
            fontstyle = 0;
            angle = 0;
            justify = LEFT;
            pen = -1;
        };

        valuefield _tmp_3695
        {
            name = "ValueField_32";
            location = (119, 0);
            formula = "GetValue(\"DIM_G\")";
            datatype = DOUBLE;
            class = "Length";
            cacheable = TRUE;
            justify = RIGHT;
            visibility = TRUE;
            angle = 0;
            length = 7;
            decimals = 0;
            sortdirection = NONE;
            fontname = "Courier New";
            fontcolor = 153;
            fonttype = 2;
            fontsize = 1;
            fontratio = 1;
            fontstyle = 0;
            fontslant = 0;
            pen = -1;
            oncombine = NONE;
            unit = "mm";
        };

        text _tmp_3696
        {
            name = "Text_67";
            x1 = 117;
            y1 = 0;
            x2 = 117;
            y2 = 0;
            string = "\\t";
            fontname = "fixfont";
            fontcolor = 160;
            fonttype = 4;
            fontsize = 5;
            fontratio = 1.5;
            fontslant = 0;
            fontstyle = 0;
            angle = 0;
            justify = LEFT;
            pen = -1;
        };

        valuefield _tmp_3697
        {
            name = "ValueField_33";
            location = (128, 0);
            formula = "GetValue(\"DIM_H1\")";
            datatype = DOUBLE;
            class = "Length";
            cacheable = TRUE;
            justify = RIGHT;
            visibility = TRUE;
            angle = 0;
            length = 7;
            decimals = 0;
            sortdirection = NONE;
            fontname = "Courier New";
            fontcolor = 153;
            fonttype = 2;
            fontsize = 1;
            fontratio = 1;
            fontstyle = 0;
            fontslant = 0;
            pen = -1;
            oncombine = NONE;
            unit = "mm";
        };

        text _tmp_3698
        {
            name = "Text_68";
            x1 = 126;
            y1 = 0;
            x2 = 126;
            y2 = 0;
            string = "\\t";
            fontname = "fixfont";
            fontcolor = 160;
            fonttype = 4;
            fontsize = 5;
            fontratio = 1.5;
            fontslant = 0;
            fontstyle = 0;
            angle = 0;
            justify = LEFT;
            pen = -1;
        };

        valuefield _tmp_3699
        {
            name = "ValueField_34";
            location = (173, 0);
            formula = "GetValue(\"DIM_TD\")";
            datatype = DOUBLE;
            class = "Length";
            cacheable = TRUE;
            justify = RIGHT;
            visibility = TRUE;
            angle = 0;
            length = 7;
            decimals = 0;
            sortdirection = NONE;
            fontname = "Courier New";
            fontcolor = 153;
            fonttype = 2;
            fontsize = 1;
            fontratio = 1;
            fontstyle = 0;
            fontslant = 0;
            pen = -1;
            oncombine = NONE;
            unit = "mm";
        };

        text _tmp_3702
        {
            name = "Text_70";
            x1 = 180;
            y1 = 0;
            x2 = 180;
            y2 = 0;
            string = "\\t";
            fontname = "fixfont";
            fontcolor = 160;
            fonttype = 4;
            fontsize = 5;
            fontratio = 1.5;
            fontslant = 0;
            fontstyle = 0;
            angle = 0;
            justify = LEFT;
            pen = -1;
        };

        valuefield _tmp_3703
        {
            name = "무게16";
            location = (198, 0);
            formula = "GetFieldFormula(\"무게116\")*GetFieldFormula(\"몇개3\")";
            datatype = DOUBLE;
            class = "Weight";
            cacheable = TRUE;
            justify = RIGHT;
            visibility = TRUE;
            angle = 0;
            length = 7;
            decimals = 2;
            sortdirection = ASCENDING;
            fontname = "Courier New";
            fontcolor = 153;
            fonttype = 2;
            fontsize = 1;
            fontratio = 1;
            fontstyle = 0;
            fontslant = 0;
            pen = -1;
            oncombine = SUM;
            unit = "kg";
        };

        text _tmp_3704
        {
            name = "Text_71";
            x1 = 193;
            y1 = 0;
            x2 = 193;
            y2 = 0;
            string = "\\t";
            fontname = "fixfont";
            fontcolor = 160;
            fonttype = 4;
            fontsize = 5;
            fontratio = 1.5;
            fontslant = 0;
            fontstyle = 0;
            angle = 0;
            justify = LEFT;
            pen = -1;
        };

        valuefield _tmp_3705
        {
            name = "지름16";
            location = (207, 0);
            formula = "GetFieldFormula(\"길이1\")*GetFieldFormula(\"몇개\")";
            datatype = DOUBLE;
            class = "Length";
            cacheable = TRUE;
            justify = RIGHT;
            visibility = FALSE;
            angle = 0;
            length = 4;
            decimals = 2;
            sortdirection = ASCENDING;
            fontname = "Courier New";
            fontcolor = 153;
            fonttype = 2;
            fontsize = 1;
            fontratio = 1;
            fontstyle = 0;
            fontslant = 0;
            pen = -1;
            oncombine = SUM;
            unit = "m";
        };

        valuefield _tmp_2595
        {
            name = "무게116";
            location = (185, 0);
            formula = "(GetFieldFormula(\"길이3\")*1.56)/1000 ";
            datatype = DOUBLE;
            class = "Weight";
            cacheable = TRUE;
            justify = RIGHT;
            visibility = TRUE;
            angle = 0;
            length = 7;
            decimals = 2;
            sortdirection = ASCENDING;
            fontname = "Courier New";
            fontcolor = 153;
            fonttype = 2;
            fontsize = 1;
            fontratio = 1;
            fontstyle = 0;
            fontslant = 0;
            pen = -1;
            oncombine = NONE;
            unit = "kg";
        };

        valuefield _tmp_16
        {
            name = "ValueField_76";
            location = (110, 0);
            formula = "GetValue(\"DIM_F\")";
            datatype = DOUBLE;
            class = "Length";
            cacheable = TRUE;
            justify = RIGHT;
            visibility = TRUE;
            angle = 0;
            length = 7;
            decimals = 0;
            sortdirection = NONE;
            fontname = "Courier New";
            fontcolor = 153;
            fonttype = 2;
            fontsize = 1;
            fontratio = 1;
            fontstyle = 0;
            fontslant = 0;
            pen = -1;
            oncombine = NONE;
            unit = "mm";
        };

        text _tmp_60292
        {
            name = "Text_247";
            x1 = 135;
            y1 = 0;
            x2 = 135;
            y2 = 0;
            string = "\\t";
            fontname = "fixfont";
            fontcolor = 160;
            fonttype = 4;
            fontsize = 5;
            fontratio = 1.5;
            fontslant = 0;
            fontstyle = 0;
            angle = 0;
            justify = LEFT;
            pen = -1;
        };

        valuefield _tmp_61409
        {
            name = "ValueField_136";
            location = (137, 0);
            formula = "GetValue(\"DIM_J\")";
            datatype = DOUBLE;
            class = "Length";
            cacheable = TRUE;
            justify = RIGHT;
            visibility = TRUE;
            angle = 0;
            length = 7;
            decimals = 0;
            sortdirection = NONE;
            fontname = "Courier New";
            fontcolor = 153;
            fonttype = 2;
            fontsize = 1;
            fontratio = 1;
            fontstyle = 0;
            fontslant = 0;
            pen = -1;
            oncombine = NONE;
            unit = "mm";
        };

        text _tmp_61410
        {
            name = "Text_257";
            x1 = 144;
            y1 = 0;
            x2 = 144;
            y2 = 0;
            string = "\\t";
            fontname = "fixfont";
            fontcolor = 160;
            fonttype = 4;
            fontsize = 5;
            fontratio = 1.5;
            fontslant = 0;
            fontstyle = 0;
            angle = 0;
            justify = LEFT;
            pen = -1;
        };

        valuefield _tmp_64368
        {
            name = "ValueField_188";
            location = (146, 0);
            formula = "GetValue(\"DIM_K1\")";
            datatype = DOUBLE;
            class = "Length";
            cacheable = TRUE;
            justify = RIGHT;
            visibility = TRUE;
            angle = 0;
            length = 7;
            decimals = 0;
            sortdirection = NONE;
            fontname = "Courier New";
            fontcolor = 153;
            fonttype = 2;
            fontsize = 1;
            fontratio = 1;
            fontstyle = 0;
            fontslant = 0;
            pen = -1;
            oncombine = NONE;
            unit = "mm";
        };

        text _tmp_64369
        {
            name = "Text_271";
            x1 = 153;
            y1 = 0;
            x2 = 153;
            y2 = 0;
            string = "\\t";
            fontname = "fixfont";
            fontcolor = 160;
            fonttype = 4;
            fontsize = 5;
            fontratio = 1.5;
            fontslant = 0;
            fontstyle = 0;
            angle = 0;
            justify = LEFT;
            pen = -1;
        };

        valuefield _tmp_64822
        {
            name = "ValueField_199";
            location = (155, 0);
            formula = "GetValue(\"DIM_O\")";
            datatype = DOUBLE;
            class = "Length";
            cacheable = TRUE;
            justify = RIGHT;
            visibility = TRUE;
            angle = 0;
            length = 7;
            decimals = 0;
            sortdirection = NONE;
            fontname = "Courier New";
            fontcolor = 153;
            fonttype = 2;
            fontsize = 1;
            fontratio = 1;
            fontstyle = 0;
            fontslant = 0;
            pen = -1;
            oncombine = NONE;
            unit = "mm";
        };

        text _tmp_64823
        {
            name = "Text_283";
            x1 = 162;
            y1 = 0;
            x2 = 162;
            y2 = 0;
            string = "\\t";
            fontname = "fixfont";
            fontcolor = 160;
            fonttype = 4;
            fontsize = 5;
            fontratio = 1.5;
            fontslant = 0;
            fontstyle = 0;
            angle = 0;
            justify = LEFT;
            pen = -1;
        };

        valuefield _tmp_65278
        {
            name = "ValueField_210";
            location = (164, 0);
            formula = "GetValue(\"DIM_R\")";
            datatype = DOUBLE;
            class = "Length";
            cacheable = TRUE;
            justify = RIGHT;
            visibility = TRUE;
            angle = 0;
            length = 7;
            decimals = 0;
            sortdirection = NONE;
            fontname = "Courier New";
            fontcolor = 153;
            fonttype = 2;
            fontsize = 1;
            fontratio = 1;
            fontstyle = 0;
            fontslant = 0;
            pen = -1;
            oncombine = NONE;
            unit = "mm";
        };

        text _tmp_65279
        {
            name = "Text_69";
            x1 = 171;
            y1 = 0;
            x2 = 171;
            y2 = 0;
            string = "\\t";
            fontname = "fixfont";
            fontcolor = 160;
            fonttype = 4;
            fontsize = 5;
            fontratio = 1.5;
            fontslant = 0;
            fontstyle = 0;
            angle = 0;
            justify = LEFT;
            pen = -1;
        };

        valuefield _tmp_31638
        {
            name = "합길이3";
            location = (47, 0);
            formula = "GetFieldFormula(\"길이3\")*GetFieldFormula(\"몇개3\")";
            datatype = DOUBLE;
            class = "Length";
            cacheable = TRUE;
            justify = RIGHT;
            visibility = TRUE;
            angle = 0;
            length = 5;
            decimals = 2;
            sortdirection = ASCENDING;
            fontname = "Arial";
            fontcolor = 153;
            fonttype = 2;
            fontsize = 1;
            fontratio = 1;
            fontstyle = 0;
            fontslant = 0;
            pen = -1;
            oncombine = SUM;
            unit = "m";
        };
    };

    row _tmp_3876
    {
        name = "D16합";
        height = 1;
        visibility = TRUE;
        usecolumns = FALSE;
        rule = "if (GetValue(\"SIZE\") == \"16\") then\r\n  Output()\r\nelse\r\n  StepOver()\r\nendif\r\n";
        contenttype = "REBAR";
        sorttype = COMBINE;

        valuefield _tmp_3877
        {
            name = "116";
            location = (40, 0);
            formula = "Sum(\"합길이3\")";
            datatype = DOUBLE;
            class = "Length";
            cacheable = TRUE;
            justify = RIGHT;
            visibility = TRUE;
            angle = 0;
            length = 10;
            decimals = 2;
            sortdirection = NONE;
            fontname = "Arial";
            fontcolor = 153;
            fonttype = 2;
            fontsize = 1;
            fontratio = 1;
            fontstyle = 0;
            fontslant = 0;
            pen = -1;
            oncombine = SUM;
            unit = "m";
        };

        text _tmp_3878
        {
            name = "Text_72";
            x1 = 29;
            y1 = 0;
            x2 = 29;
            y2 = 0;
            string = "중간길이합:";
            fontname = "Arial";
            fontcolor = 153;
            fonttype = 2;
            fontsize = 1;
            fontratio = 1;
            fontslant = 0;
            fontstyle = 0;
            angle = 0;
            justify = LEFT;
            pen = -1;
        };

        text _tmp_3879
        {
            name = "Text_73";
            x1 = 144;
            y1 = 0;
            x2 = 144;
            y2 = 0;
            string = "중간무게합:";
            fontname = "Arial";
            fontcolor = 153;
            fonttype = 2;
            fontsize = 1;
            fontratio = 1;
            fontslant = 0;
            fontstyle = 0;
            angle = 0;
            justify = LEFT;
            pen = -1;
        };

        valuefield _tmp_3880
        {
            name = "3";
            location = (155, 0);
            formula = "Sum(\"무게16\")";
            datatype = DOUBLE;
            class = "Weight";
            cacheable = TRUE;
            justify = RIGHT;
            visibility = TRUE;
            angle = 0;
            length = 10;
            decimals = 2;
            sortdirection = NONE;
            fontname = "Arial";
            fontcolor = 153;
            fonttype = 2;
            fontsize = 1;
            fontratio = 1;
            fontstyle = 0;
            fontslant = 0;
            pen = -1;
            oncombine = NONE;
            unit = "kg";
        };
    };

    row _tmp_4186
    {
        name = "D19";
        height = 1;
        visibility = TRUE;
        usecolumns = FALSE;
        rule = "if (GetValue(\"SIZE\") == \"19\") then\r\n  Output()\r\nelse\r\n  StepOver()\r\nendif\r\n";
        contenttype = "REBAR";
        sorttype = COMBINE;

        valuefield _tmp_4187
        {
            name = "ValueField_40";
            location = (0, 0);
            formula = "GetValue(\"SHAPE\")";
            datatype = STRING;
            class = "";
            cacheable = TRUE;
            justify = RIGHT;
            visibility = TRUE;
            angle = 0;
            length = 3;
            decimals = 0;
            sortdirection = ASCENDING;
            fontname = "Arial";
            fontcolor = 153;
            fonttype = 2;
            fontsize = 1;
            fontratio = 1;
            fontstyle = 0;
            fontslant = 0;
            pen = -1;
            oncombine = NONE;
        };

        valuefield _tmp_4203
        {
            name = "ValueField_48";
            location = (7, 0);
            formula = "GetValue(\"REBAR_POS\")";
            datatype = STRING;
            class = "";
            cacheable = TRUE;
            justify = RIGHT;
            visibility = TRUE;
            angle = 0;
            length = 6;
            sortdirection = ASCENDING;
            fontname = "Arial";
            fontcolor = 153;
            fonttype = 2;
            fontsize = 1;
            fontratio = 1;
            fontstyle = 0;
            fontslant = 0;
            pen = -1;
            oncombine = NONE;
        };

        valuefield _tmp_4188
        {
            name = "크기19";
            location = (28, 0);
            formula = "GetValue(\"SIZE\")";
            datatype = STRING;
            class = "";
            cacheable = TRUE;
            justify = RIGHT;
            visibility = TRUE;
            angle = 0;
            length = 5;
            decimals = 0;
            sortdirection = ASCENDING;
            fontname = "Arial";
            fontcolor = 153;
            fonttype = 2;
            fontsize = 1;
            fontratio = 1;
            fontstyle = 0;
            fontslant = 0;
            pen = -1;
            oncombine = NONE;
        };

        valuefield _tmp_4189
        {
            name = "ValueField_42";
            location = (18, 0);
            formula = "GetValue(\"GRADE\")";
            datatype = STRING;
            class = "";
            cacheable = TRUE;
            justify = RIGHT;
            visibility = TRUE;
            angle = 0;
            length = 5;
            sortdirection = ASCENDING;
            fontname = "Arial";
            fontcolor = 153;
            fonttype = 2;
            fontsize = 1;
            fontratio = 1;
            fontstyle = 0;
            fontslant = 0;
            pen = -1;
            oncombine = NONE;
        };

        text _tmp_4190
        {
            name = "Text_74";
            x1 = 4;
            y1 = 0;
            x2 = 4;
            y2 = 0;
            string = "\\t";
            fontname = "fixfont";
            fontcolor = 160;
            fonttype = 4;
            fontsize = 5;
            fontratio = 1.5;
            fontslant = 0;
            fontstyle = 0;
            angle = 0;
            justify = LEFT;
            pen = -1;
        };

        text _tmp_4191
        {
            name = "Text_75";
            x1 = 15;
            y1 = 0;
            x2 = 15;
            y2 = 0;
            string = "\\t";
            fontname = "fixfont";
            fontcolor = 160;
            fonttype = 4;
            fontsize = 5;
            fontratio = 1.5;
            fontslant = 0;
            fontstyle = 0;
            angle = 0;
            justify = LEFT;
            pen = -1;
        };

        text _tmp_4192
        {
            name = "Text_76";
            x1 = 24;
            y1 = 0;
            x2 = 24;
            y2 = 0;
            string = "\\t";
            fontname = "fixfont";
            fontcolor = 160;
            fonttype = 4;
            fontsize = 5;
            fontratio = 1.5;
            fontslant = 0;
            fontstyle = 0;
            angle = 0;
            justify = LEFT;
            pen = -1;
        };

        text _tmp_4193
        {
            name = "Text_77";
            x1 = 34;
            y1 = 0;
            x2 = 34;
            y2 = 0;
            string = "\\t";
            fontname = "fixfont";
            fontcolor = 160;
            fonttype = 4;
            fontsize = 5;
            fontratio = 1.5;
            fontslant = 0;
            fontstyle = 0;
            angle = 0;
            justify = LEFT;
            pen = -1;
        };

        valuefield _tmp_4194
        {
            name = "몇개4";
            location = (37, 0);
            formula = "GetValue(\"NUMBER\")";
            datatype = INTEGER;
            class = "";
            cacheable = TRUE;
            justify = RIGHT;
            visibility = TRUE;
            angle = 0;
            length = 5;
            decimals = 0;
            sortdirection = ASCENDING;
            fontname = "Arial";
            fontcolor = 153;
            fonttype = 2;
            fontsize = 1;
            fontratio = 1;
            fontstyle = 0;
            fontslant = 0;
            pen = -1;
            oncombine = SUM;
        };

        text _tmp_4195
        {
            name = "Text_78";
            x1 = 43;
            y1 = 0;
            x2 = 43;
            y2 = 0;
            string = "\\t";
            fontname = "fixfont";
            fontcolor = 160;
            fonttype = 4;
            fontsize = 5;
            fontratio = 1.5;
            fontslant = 0;
            fontstyle = 0;
            angle = 0;
            justify = LEFT;
            pen = -1;
        };

        valuefield _tmp_4196
        {
            name = "길이4";
            location = (57, 0);
            formula = "GetValue(\"DIM_A\")+GetValue(\"DIM_B\")+GetValue(\"DIM_C\")+GetValue(\"DIM_D\")+GetValue(\"DIM_E\")+GetValue(\"DIM_F\")+GetValue(\"DIM_G\")";
            datatype = DOUBLE;
            class = "Length";
            cacheable = TRUE;
            justify = RIGHT;
            visibility = TRUE;
            angle = 0;
            length = 5;
            decimals = 2;
            sortdirection = ASCENDING;
            fontname = "Arial";
            fontcolor = 153;
            fonttype = 2;
            fontsize = 1;
            fontratio = 1;
            fontstyle = 0;
            fontslant = 0;
            pen = -1;
            oncombine = NONE;
            unit = "m";
        };

        text _tmp_4197
        {
            name = "Text_79";
            x1 = 63;
            y1 = 0;
            x2 = 63;
            y2 = 0;
            string = "\\t";
            fontname = "fixfont";
            fontcolor = 160;
            fonttype = 4;
            fontsize = 5;
            fontratio = 1.5;
            fontslant = 0;
            fontstyle = 0;
            angle = 0;
            justify = LEFT;
            pen = -1;
        };

        valuefield _tmp_4198
        {
            name = "ValueField_45";
            location = (65, 0);
            formula = "GetValue(\"DIM_A\")";
            datatype = DOUBLE;
            class = "Length";
            cacheable = TRUE;
            justify = RIGHT;
            visibility = TRUE;
            angle = 0;
            length = 7;
            decimals = 0;
            sortdirection = NONE;
            fontname = "Arial";
            fontcolor = 153;
            fonttype = 2;
            fontsize = 1;
            fontratio = 1;
            fontstyle = 0;
            fontslant = 0;
            pen = -1;
            oncombine = NONE;
            unit = "mm";
        };

        valuefield _tmp_4199
        {
            name = "ValueField_46";
            location = (74, 0);
            formula = "GetValue(\"DIM_B\")";
            datatype = DOUBLE;
            class = "Length";
            cacheable = TRUE;
            justify = RIGHT;
            visibility = TRUE;
            angle = 0;
            length = 7;
            decimals = 0;
            sortdirection = NONE;
            fontname = "Arial";
            fontcolor = 153;
            fonttype = 2;
            fontsize = 1;
            fontratio = 1;
            fontstyle = 0;
            fontslant = 0;
            pen = -1;
            oncombine = NONE;
            unit = "mm";
        };

        text _tmp_4200
        {
            name = "Text_80";
            x1 = 72;
            y1 = 0;
            x2 = 72;
            y2 = 0;
            string = "\\t";
            fontname = "fixfont";
            fontcolor = 160;
            fonttype = 4;
            fontsize = 5;
            fontratio = 1.5;
            fontslant = 0;
            fontstyle = 0;
            angle = 0;
            justify = LEFT;
            pen = -1;
        };

        text _tmp_4201
        {
            name = "Text_81";
            x1 = 81;
            y1 = 0;
            x2 = 81;
            y2 = 0;
            string = "\\t";
            fontname = "fixfont";
            fontcolor = 160;
            fonttype = 4;
            fontsize = 5;
            fontratio = 1.5;
            fontslant = 0;
            fontstyle = 0;
            angle = 0;
            justify = LEFT;
            pen = -1;
        };

        valuefield _tmp_4202
        {
            name = "ValueField_47";
            location = (83, 0);
            formula = "GetValue(\"DIM_C\")";
            datatype = DOUBLE;
            class = "Length";
            cacheable = TRUE;
            justify = RIGHT;
            visibility = TRUE;
            angle = 0;
            length = 7;
            decimals = 0;
            sortdirection = NONE;
            fontname = "Courier New";
            fontcolor = 153;
            fonttype = 2;
            fontsize = 1;
            fontratio = 1;
            fontstyle = 0;
            fontslant = 0;
            pen = -1;
            oncombine = NONE;
            unit = "mm";
        };

        text _tmp_4204
        {
            name = "Text_82";
            x1 = 90;
            y1 = 0;
            x2 = 90;
            y2 = 0;
            string = "\\t";
            fontname = "fixfont";
            fontcolor = 160;
            fonttype = 4;
            fontsize = 5;
            fontratio = 1.5;
            fontslant = 0;
            fontstyle = 0;
            angle = 0;
            justify = LEFT;
            pen = -1;
        };

        valuefield _tmp_4205
        {
            name = "ValueField_49";
            location = (92, 0);
            formula = "GetValue(\"DIM_D\")";
            datatype = DOUBLE;
            class = "Length";
            cacheable = TRUE;
            justify = RIGHT;
            visibility = TRUE;
            angle = 0;
            length = 7;
            decimals = 0;
            sortdirection = NONE;
            fontname = "Courier New";
            fontcolor = 153;
            fonttype = 2;
            fontsize = 1;
            fontratio = 1;
            fontstyle = 0;
            fontslant = 0;
            pen = -1;
            oncombine = NONE;
            unit = "mm";
        };

        text _tmp_4206
        {
            name = "Text_83";
            x1 = 99;
            y1 = 0;
            x2 = 99;
            y2 = 0;
            string = "\\t";
            fontname = "fixfont";
            fontcolor = 160;
            fonttype = 4;
            fontsize = 5;
            fontratio = 1.5;
            fontslant = 0;
            fontstyle = 0;
            angle = 0;
            justify = LEFT;
            pen = -1;
        };

        valuefield _tmp_4207
        {
            name = "ValueField_50";
            location = (101, 0);
            formula = "GetValue(\"DIM_E\")";
            datatype = DOUBLE;
            class = "Length";
            cacheable = TRUE;
            justify = RIGHT;
            visibility = TRUE;
            angle = 0;
            length = 7;
            decimals = 0;
            sortdirection = NONE;
            fontname = "Courier New";
            fontcolor = 153;
            fonttype = 2;
            fontsize = 1;
            fontratio = 1;
            fontstyle = 0;
            fontslant = 0;
            pen = -1;
            oncombine = NONE;
            unit = "mm";
        };

        text _tmp_4208
        {
            name = "Text_84";
            x1 = 108;
            y1 = 0;
            x2 = 108;
            y2 = 0;
            string = "\\t";
            fontname = "fixfont";
            fontcolor = 160;
            fonttype = 4;
            fontsize = 5;
            fontratio = 1.5;
            fontslant = 0;
            fontstyle = 0;
            angle = 0;
            justify = LEFT;
            pen = -1;
        };

        valuefield _tmp_4209
        {
            name = "ValueField_51";
            location = (119, 0);
            formula = "GetValue(\"DIM_G\")";
            datatype = DOUBLE;
            class = "Length";
            cacheable = TRUE;
            justify = RIGHT;
            visibility = TRUE;
            angle = 0;
            length = 7;
            decimals = 0;
            sortdirection = NONE;
            fontname = "Courier New";
            fontcolor = 153;
            fonttype = 2;
            fontsize = 1;
            fontratio = 1;
            fontstyle = 0;
            fontslant = 0;
            pen = -1;
            oncombine = NONE;
            unit = "mm";
        };

        text _tmp_4210
        {
            name = "Text_85";
            x1 = 117;
            y1 = 0;
            x2 = 117;
            y2 = 0;
            string = "\\t";
            fontname = "fixfont";
            fontcolor = 160;
            fonttype = 4;
            fontsize = 5;
            fontratio = 1.5;
            fontslant = 0;
            fontstyle = 0;
            angle = 0;
            justify = LEFT;
            pen = -1;
        };

        valuefield _tmp_4211
        {
            name = "ValueField_52";
            location = (128, 0);
            formula = "GetValue(\"DIM_H1\")";
            datatype = DOUBLE;
            class = "Length";
            cacheable = TRUE;
            justify = RIGHT;
            visibility = TRUE;
            angle = 0;
            length = 7;
            decimals = 0;
            sortdirection = NONE;
            fontname = "Courier New";
            fontcolor = 153;
            fonttype = 2;
            fontsize = 1;
            fontratio = 1;
            fontstyle = 0;
            fontslant = 0;
            pen = -1;
            oncombine = NONE;
            unit = "mm";
        };

        text _tmp_4212
        {
            name = "Text_86";
            x1 = 126;
            y1 = 0;
            x2 = 126;
            y2 = 0;
            string = "\\t";
            fontname = "fixfont";
            fontcolor = 160;
            fonttype = 4;
            fontsize = 5;
            fontratio = 1.5;
            fontslant = 0;
            fontstyle = 0;
            angle = 0;
            justify = LEFT;
            pen = -1;
        };

        valuefield _tmp_4213
        {
            name = "ValueField_53";
            location = (173, 0);
            formula = "GetValue(\"DIM_TD\")";
            datatype = DOUBLE;
            class = "Length";
            cacheable = TRUE;
            justify = RIGHT;
            visibility = TRUE;
            angle = 0;
            length = 7;
            decimals = 0;
            sortdirection = NONE;
            fontname = "Courier New";
            fontcolor = 153;
            fonttype = 2;
            fontsize = 1;
            fontratio = 1;
            fontstyle = 0;
            fontslant = 0;
            pen = -1;
            oncombine = NONE;
            unit = "mm";
        };

        text _tmp_4216
        {
            name = "Text_88";
            x1 = 180;
            y1 = 0;
            x2 = 180;
            y2 = 0;
            string = "\\t";
            fontname = "fixfont";
            fontcolor = 160;
            fonttype = 4;
            fontsize = 5;
            fontratio = 1.5;
            fontslant = 0;
            fontstyle = 0;
            angle = 0;
            justify = LEFT;
            pen = -1;
        };

        valuefield _tmp_4217
        {
            name = "무게19";
            location = (198, 0);
            formula = "GetFieldFormula(\"무게119\")*GetFieldFormula(\"몇개4\")";
            datatype = DOUBLE;
            class = "Weight";
            cacheable = TRUE;
            justify = RIGHT;
            visibility = TRUE;
            angle = 0;
            length = 7;
            decimals = 2;
            sortdirection = ASCENDING;
            fontname = "Courier New";
            fontcolor = 153;
            fonttype = 2;
            fontsize = 1;
            fontratio = 1;
            fontstyle = 0;
            fontslant = 0;
            pen = -1;
            oncombine = SUM;
            unit = "kg";
        };

        text _tmp_4218
        {
            name = "Text_89";
            x1 = 193;
            y1 = 0;
            x2 = 193;
            y2 = 0;
            string = "\\t";
            fontname = "fixfont";
            fontcolor = 160;
            fonttype = 4;
            fontsize = 5;
            fontratio = 1.5;
            fontslant = 0;
            fontstyle = 0;
            angle = 0;
            justify = LEFT;
            pen = -1;
        };

        valuefield _tmp_4219
        {
            name = "지름19";
            location = (207, 0);
            formula = "GetFieldFormula(\"길이1\")*GetFieldFormula(\"몇개\")";
            datatype = DOUBLE;
            class = "Length";
            cacheable = TRUE;
            justify = RIGHT;
            visibility = FALSE;
            angle = 0;
            length = 4;
            decimals = 2;
            sortdirection = ASCENDING;
            fontname = "Courier New";
            fontcolor = 153;
            fonttype = 2;
            fontsize = 1;
            fontratio = 1;
            fontstyle = 0;
            fontslant = 0;
            pen = -1;
            oncombine = SUM;
            unit = "m";
        };

        valuefield _tmp_2596
        {
            name = "무게119";
            location = (185, 0);
            formula = "(GetFieldFormula(\"길이4\")*2.25)/1000 ";
            datatype = DOUBLE;
            class = "Weight";
            cacheable = TRUE;
            justify = RIGHT;
            visibility = TRUE;
            angle = 0;
            length = 7;
            decimals = 2;
            sortdirection = ASCENDING;
            fontname = "Courier New";
            fontcolor = 153;
            fonttype = 2;
            fontsize = 1;
            fontratio = 1;
            fontstyle = 0;
            fontslant = 0;
            pen = -1;
            oncombine = NONE;
            unit = "kg";
        };

        valuefield _tmp_17
        {
            name = "ValueField_77";
            location = (110, 0);
            formula = "GetValue(\"DIM_F\")";
            datatype = DOUBLE;
            class = "Length";
            cacheable = TRUE;
            justify = RIGHT;
            visibility = TRUE;
            angle = 0;
            length = 7;
            decimals = 0;
            sortdirection = NONE;
            fontname = "Courier New";
            fontcolor = 153;
            fonttype = 2;
            fontsize = 1;
            fontratio = 1;
            fontstyle = 0;
            fontslant = 0;
            pen = -1;
            oncombine = NONE;
            unit = "mm";
        };

        text _tmp_60293
        {
            name = "Text_248";
            x1 = 135;
            y1 = 0;
            x2 = 135;
            y2 = 0;
            string = "\\t";
            fontname = "fixfont";
            fontcolor = 160;
            fonttype = 4;
            fontsize = 5;
            fontratio = 1.5;
            fontslant = 0;
            fontstyle = 0;
            angle = 0;
            justify = LEFT;
            pen = -1;
        };

        valuefield _tmp_61411
        {
            name = "ValueField_137";
            location = (137, 0);
            formula = "GetValue(\"DIM_J\")";
            datatype = DOUBLE;
            class = "Length";
            cacheable = TRUE;
            justify = RIGHT;
            visibility = TRUE;
            angle = 0;
            length = 7;
            decimals = 0;
            sortdirection = NONE;
            fontname = "Courier New";
            fontcolor = 153;
            fonttype = 2;
            fontsize = 1;
            fontratio = 1;
            fontstyle = 0;
            fontslant = 0;
            pen = -1;
            oncombine = NONE;
            unit = "mm";
        };

        text _tmp_61412
        {
            name = "Text_258";
            x1 = 144;
            y1 = 0;
            x2 = 144;
            y2 = 0;
            string = "\\t";
            fontname = "fixfont";
            fontcolor = 160;
            fonttype = 4;
            fontsize = 5;
            fontratio = 1.5;
            fontslant = 0;
            fontstyle = 0;
            angle = 0;
            justify = LEFT;
            pen = -1;
        };

        valuefield _tmp_64370
        {
            name = "ValueField_189";
            location = (146, 0);
            formula = "GetValue(\"DIM_K1\")";
            datatype = DOUBLE;
            class = "Length";
            cacheable = TRUE;
            justify = RIGHT;
            visibility = TRUE;
            angle = 0;
            length = 7;
            decimals = 0;
            sortdirection = NONE;
            fontname = "Courier New";
            fontcolor = 153;
            fonttype = 2;
            fontsize = 1;
            fontratio = 1;
            fontstyle = 0;
            fontslant = 0;
            pen = -1;
            oncombine = NONE;
            unit = "mm";
        };

        text _tmp_64371
        {
            name = "Text_272";
            x1 = 153;
            y1 = 0;
            x2 = 153;
            y2 = 0;
            string = "\\t";
            fontname = "fixfont";
            fontcolor = 160;
            fonttype = 4;
            fontsize = 5;
            fontratio = 1.5;
            fontslant = 0;
            fontstyle = 0;
            angle = 0;
            justify = LEFT;
            pen = -1;
        };

        valuefield _tmp_64824
        {
            name = "ValueField_200";
            location = (155, 0);
            formula = "GetValue(\"DIM_O\")";
            datatype = DOUBLE;
            class = "Length";
            cacheable = TRUE;
            justify = RIGHT;
            visibility = TRUE;
            angle = 0;
            length = 7;
            decimals = 0;
            sortdirection = NONE;
            fontname = "Courier New";
            fontcolor = 153;
            fonttype = 2;
            fontsize = 1;
            fontratio = 1;
            fontstyle = 0;
            fontslant = 0;
            pen = -1;
            oncombine = NONE;
            unit = "mm";
        };

        text _tmp_64825
        {
            name = "Text_284";
            x1 = 162;
            y1 = 0;
            x2 = 162;
            y2 = 0;
            string = "\\t";
            fontname = "fixfont";
            fontcolor = 160;
            fonttype = 4;
            fontsize = 5;
            fontratio = 1.5;
            fontslant = 0;
            fontstyle = 0;
            angle = 0;
            justify = LEFT;
            pen = -1;
        };

        valuefield _tmp_65280
        {
            name = "ValueField_211";
            location = (164, 0);
            formula = "GetValue(\"DIM_R\")";
            datatype = DOUBLE;
            class = "Length";
            cacheable = TRUE;
            justify = RIGHT;
            visibility = TRUE;
            angle = 0;
            length = 7;
            decimals = 0;
            sortdirection = NONE;
            fontname = "Courier New";
            fontcolor = 153;
            fonttype = 2;
            fontsize = 1;
            fontratio = 1;
            fontstyle = 0;
            fontslant = 0;
            pen = -1;
            oncombine = NONE;
            unit = "mm";
        };

        text _tmp_65281
        {
            name = "Text_87";
            x1 = 171;
            y1 = 0;
            x2 = 171;
            y2 = 0;
            string = "\\t";
            fontname = "fixfont";
            fontcolor = 160;
            fonttype = 4;
            fontsize = 5;
            fontratio = 1.5;
            fontslant = 0;
            fontstyle = 0;
            angle = 0;
            justify = LEFT;
            pen = -1;
        };

        valuefield _tmp_31637
        {
            name = "합길이4";
            location = (47, 0);
            formula = "GetFieldFormula(\"길이4\")*GetFieldFormula(\"몇개4\")";
            datatype = DOUBLE;
            class = "Length";
            cacheable = TRUE;
            justify = RIGHT;
            visibility = TRUE;
            angle = 0;
            length = 5;
            decimals = 2;
            sortdirection = ASCENDING;
            fontname = "Arial";
            fontcolor = 153;
            fonttype = 2;
            fontsize = 1;
            fontratio = 1;
            fontstyle = 0;
            fontslant = 0;
            pen = -1;
            oncombine = SUM;
            unit = "m";
        };
    };

    row _tmp_4409
    {
        name = "D19합";
        height = 1;
        visibility = TRUE;
        usecolumns = FALSE;
        rule = "if (GetValue(\"SIZE\") == \"19\") then\r\n  Output()\r\nelse\r\n  StepOver()\r\nendif\r\n";
        contenttype = "REBAR";
        sorttype = COMBINE;

        valuefield _tmp_4410
        {
            name = "119";
            location = (40, 0);
            formula = "Sum(\"합길이4\")";
            datatype = DOUBLE;
            class = "Length";
            cacheable = TRUE;
            justify = RIGHT;
            visibility = TRUE;
            angle = 0;
            length = 10;
            decimals = 2;
            sortdirection = NONE;
            fontname = "Arial";
            fontcolor = 153;
            fonttype = 2;
            fontsize = 1;
            fontratio = 1;
            fontstyle = 0;
            fontslant = 0;
            pen = -1;
            oncombine = SUM;
            unit = "m";
        };

        text _tmp_4411
        {
            name = "Text_90";
            x1 = 29;
            y1 = 0;
            x2 = 29;
            y2 = 0;
            string = "중간길이합:";
            fontname = "Arial";
            fontcolor = 153;
            fonttype = 2;
            fontsize = 1;
            fontratio = 1;
            fontslant = 0;
            fontstyle = 0;
            angle = 0;
            justify = LEFT;
            pen = -1;
        };

        text _tmp_4412
        {
            name = "Text_91";
            x1 = 144;
            y1 = 0;
            x2 = 144;
            y2 = 0;
            string = "중간무게합:";
            fontname = "Arial";
            fontcolor = 153;
            fonttype = 2;
            fontsize = 1;
            fontratio = 1;
            fontslant = 0;
            fontstyle = 0;
            angle = 0;
            justify = LEFT;
            pen = -1;
        };

        valuefield _tmp_4413
        {
            name = "4";
            location = (155, 0);
            formula = "Sum(\"무게19\")";
            datatype = DOUBLE;
            class = "Weight";
            cacheable = TRUE;
            justify = RIGHT;
            visibility = TRUE;
            angle = 0;
            length = 10;
            decimals = 2;
            sortdirection = NONE;
            fontname = "Arial";
            fontcolor = 153;
            fonttype = 2;
            fontsize = 1;
            fontratio = 1;
            fontstyle = 0;
            fontslant = 0;
            pen = -1;
            oncombine = NONE;
            unit = "kg";
        };
    };

    row _tmp_4686
    {
        name = "D22";
        height = 1;
        visibility = TRUE;
        usecolumns = FALSE;
        rule = "if (GetValue(\"SIZE\") == \"22\") then\r\n  Output()\r\nelse\r\n  StepOver()\r\nendif\r\n";
        contenttype = "REBAR";
        sorttype = COMBINE;

        valuefield _tmp_4687
        {
            name = "ValueField_59";
            location = (0, 0);
            formula = "GetValue(\"SHAPE\")";
            datatype = STRING;
            class = "";
            cacheable = TRUE;
            justify = RIGHT;
            visibility = TRUE;
            angle = 0;
            length = 3;
            decimals = 0;
            sortdirection = ASCENDING;
            fontname = "Arial";
            fontcolor = 153;
            fonttype = 2;
            fontsize = 1;
            fontratio = 1;
            fontstyle = 0;
            fontslant = 0;
            pen = -1;
            oncombine = NONE;
        };

        valuefield _tmp_4703
        {
            name = "ValueField_67";
            location = (7, 0);
            formula = "GetValue(\"REBAR_POS\")";
            datatype = STRING;
            class = "";
            cacheable = TRUE;
            justify = RIGHT;
            visibility = TRUE;
            angle = 0;
            length = 6;
            sortdirection = ASCENDING;
            fontname = "Arial";
            fontcolor = 153;
            fonttype = 2;
            fontsize = 1;
            fontratio = 1;
            fontstyle = 0;
            fontslant = 0;
            pen = -1;
            oncombine = NONE;
        };

        valuefield _tmp_4688
        {
            name = "크기22";
            location = (28, 0);
            formula = "GetValue(\"SIZE\")";
            datatype = STRING;
            class = "";
            cacheable = TRUE;
            justify = RIGHT;
            visibility = TRUE;
            angle = 0;
            length = 5;
            decimals = 0;
            sortdirection = ASCENDING;
            fontname = "Arial";
            fontcolor = 153;
            fonttype = 2;
            fontsize = 1;
            fontratio = 1;
            fontstyle = 0;
            fontslant = 0;
            pen = -1;
            oncombine = NONE;
        };

        valuefield _tmp_4689
        {
            name = "ValueField_61";
            location = (18, 0);
            formula = "GetValue(\"GRADE\")";
            datatype = STRING;
            class = "";
            cacheable = TRUE;
            justify = RIGHT;
            visibility = TRUE;
            angle = 0;
            length = 5;
            sortdirection = ASCENDING;
            fontname = "Arial";
            fontcolor = 153;
            fonttype = 2;
            fontsize = 1;
            fontratio = 1;
            fontstyle = 0;
            fontslant = 0;
            pen = -1;
            oncombine = NONE;
        };

        text _tmp_4690
        {
            name = "Text_92";
            x1 = 4;
            y1 = 0;
            x2 = 4;
            y2 = 0;
            string = "\\t";
            fontname = "fixfont";
            fontcolor = 160;
            fonttype = 4;
            fontsize = 5;
            fontratio = 1.5;
            fontslant = 0;
            fontstyle = 0;
            angle = 0;
            justify = LEFT;
            pen = -1;
        };

        text _tmp_4691
        {
            name = "Text_93";
            x1 = 15;
            y1 = 0;
            x2 = 15;
            y2 = 0;
            string = "\\t";
            fontname = "fixfont";
            fontcolor = 160;
            fonttype = 4;
            fontsize = 5;
            fontratio = 1.5;
            fontslant = 0;
            fontstyle = 0;
            angle = 0;
            justify = LEFT;
            pen = -1;
        };

        text _tmp_4692
        {
            name = "Text_94";
            x1 = 24;
            y1 = 0;
            x2 = 24;
            y2 = 0;
            string = "\\t";
            fontname = "fixfont";
            fontcolor = 160;
            fonttype = 4;
            fontsize = 5;
            fontratio = 1.5;
            fontslant = 0;
            fontstyle = 0;
            angle = 0;
            justify = LEFT;
            pen = -1;
        };

        text _tmp_4693
        {
            name = "Text_95";
            x1 = 34;
            y1 = 0;
            x2 = 34;
            y2 = 0;
            string = "\\t";
            fontname = "fixfont";
            fontcolor = 160;
            fonttype = 4;
            fontsize = 5;
            fontratio = 1.5;
            fontslant = 0;
            fontstyle = 0;
            angle = 0;
            justify = LEFT;
            pen = -1;
        };

        valuefield _tmp_4694
        {
            name = "몇개5";
            location = (37, 0);
            formula = "GetValue(\"NUMBER\")";
            datatype = INTEGER;
            class = "";
            cacheable = TRUE;
            justify = RIGHT;
            visibility = TRUE;
            angle = 0;
            length = 5;
            decimals = 0;
            sortdirection = ASCENDING;
            fontname = "Arial";
            fontcolor = 153;
            fonttype = 2;
            fontsize = 1;
            fontratio = 1;
            fontstyle = 0;
            fontslant = 0;
            pen = -1;
            oncombine = SUM;
        };

        text _tmp_4695
        {
            name = "Text_96";
            x1 = 43;
            y1 = 0;
            x2 = 43;
            y2 = 0;
            string = "\\t";
            fontname = "fixfont";
            fontcolor = 160;
            fonttype = 4;
            fontsize = 5;
            fontratio = 1.5;
            fontslant = 0;
            fontstyle = 0;
            angle = 0;
            justify = LEFT;
            pen = -1;
        };

        valuefield _tmp_4696
        {
            name = "길이5";
            location = (57, 0);
            formula = "GetValue(\"DIM_A\")+GetValue(\"DIM_B\")+GetValue(\"DIM_C\")+GetValue(\"DIM_D\")+GetValue(\"DIM_E\")+GetValue(\"DIM_F\")+GetValue(\"DIM_G\")";
            datatype = DOUBLE;
            class = "Length";
            cacheable = TRUE;
            justify = RIGHT;
            visibility = TRUE;
            angle = 0;
            length = 5;
            decimals = 2;
            sortdirection = ASCENDING;
            fontname = "Arial";
            fontcolor = 153;
            fonttype = 2;
            fontsize = 1;
            fontratio = 1;
            fontstyle = 0;
            fontslant = 0;
            pen = -1;
            oncombine = NONE;
            unit = "m";
        };

        text _tmp_4697
        {
            name = "Text_97";
            x1 = 63;
            y1 = 0;
            x2 = 63;
            y2 = 0;
            string = "\\t";
            fontname = "fixfont";
            fontcolor = 160;
            fonttype = 4;
            fontsize = 5;
            fontratio = 1.5;
            fontslant = 0;
            fontstyle = 0;
            angle = 0;
            justify = LEFT;
            pen = -1;
        };

        valuefield _tmp_4698
        {
            name = "ValueField_64";
            location = (65, 0);
            formula = "GetValue(\"DIM_A\")";
            datatype = DOUBLE;
            class = "Length";
            cacheable = TRUE;
            justify = RIGHT;
            visibility = TRUE;
            angle = 0;
            length = 7;
            decimals = 0;
            sortdirection = NONE;
            fontname = "Arial";
            fontcolor = 153;
            fonttype = 2;
            fontsize = 1;
            fontratio = 1;
            fontstyle = 0;
            fontslant = 0;
            pen = -1;
            oncombine = NONE;
            unit = "mm";
        };

        valuefield _tmp_4699
        {
            name = "ValueField_65";
            location = (74, 0);
            formula = "GetValue(\"DIM_B\")";
            datatype = DOUBLE;
            class = "Length";
            cacheable = TRUE;
            justify = RIGHT;
            visibility = TRUE;
            angle = 0;
            length = 7;
            decimals = 0;
            sortdirection = NONE;
            fontname = "Arial";
            fontcolor = 153;
            fonttype = 2;
            fontsize = 1;
            fontratio = 1;
            fontstyle = 0;
            fontslant = 0;
            pen = -1;
            oncombine = NONE;
            unit = "mm";
        };

        text _tmp_4700
        {
            name = "Text_98";
            x1 = 72;
            y1 = 0;
            x2 = 72;
            y2 = 0;
            string = "\\t";
            fontname = "fixfont";
            fontcolor = 160;
            fonttype = 4;
            fontsize = 5;
            fontratio = 1.5;
            fontslant = 0;
            fontstyle = 0;
            angle = 0;
            justify = LEFT;
            pen = -1;
        };

        text _tmp_4701
        {
            name = "Text_99";
            x1 = 81;
            y1 = 0;
            x2 = 81;
            y2 = 0;
            string = "\\t";
            fontname = "fixfont";
            fontcolor = 160;
            fonttype = 4;
            fontsize = 5;
            fontratio = 1.5;
            fontslant = 0;
            fontstyle = 0;
            angle = 0;
            justify = LEFT;
            pen = -1;
        };

        valuefield _tmp_4702
        {
            name = "ValueField_66";
            location = (83, 0);
            formula = "GetValue(\"DIM_C\")";
            datatype = DOUBLE;
            class = "Length";
            cacheable = TRUE;
            justify = RIGHT;
            visibility = TRUE;
            angle = 0;
            length = 7;
            decimals = 0;
            sortdirection = NONE;
            fontname = "Courier New";
            fontcolor = 153;
            fonttype = 2;
            fontsize = 1;
            fontratio = 1;
            fontstyle = 0;
            fontslant = 0;
            pen = -1;
            oncombine = NONE;
            unit = "mm";
        };

        text _tmp_4704
        {
            name = "Text_100";
            x1 = 90;
            y1 = 0;
            x2 = 90;
            y2 = 0;
            string = "\\t";
            fontname = "fixfont";
            fontcolor = 160;
            fonttype = 4;
            fontsize = 5;
            fontratio = 1.5;
            fontslant = 0;
            fontstyle = 0;
            angle = 0;
            justify = LEFT;
            pen = -1;
        };

        valuefield _tmp_4705
        {
            name = "ValueField_68";
            location = (92, 0);
            formula = "GetValue(\"DIM_D\")";
            datatype = DOUBLE;
            class = "Length";
            cacheable = TRUE;
            justify = RIGHT;
            visibility = TRUE;
            angle = 0;
            length = 7;
            decimals = 0;
            sortdirection = NONE;
            fontname = "Courier New";
            fontcolor = 153;
            fonttype = 2;
            fontsize = 1;
            fontratio = 1;
            fontstyle = 0;
            fontslant = 0;
            pen = -1;
            oncombine = NONE;
            unit = "mm";
        };

        text _tmp_4706
        {
            name = "Text_101";
            x1 = 99;
            y1 = 0;
            x2 = 99;
            y2 = 0;
            string = "\\t";
            fontname = "fixfont";
            fontcolor = 160;
            fonttype = 4;
            fontsize = 5;
            fontratio = 1.5;
            fontslant = 0;
            fontstyle = 0;
            angle = 0;
            justify = LEFT;
            pen = -1;
        };

        valuefield _tmp_4707
        {
            name = "ValueField_69";
            location = (101, 0);
            formula = "GetValue(\"DIM_E\")";
            datatype = DOUBLE;
            class = "Length";
            cacheable = TRUE;
            justify = RIGHT;
            visibility = TRUE;
            angle = 0;
            length = 7;
            decimals = 0;
            sortdirection = NONE;
            fontname = "Courier New";
            fontcolor = 153;
            fonttype = 2;
            fontsize = 1;
            fontratio = 1;
            fontstyle = 0;
            fontslant = 0;
            pen = -1;
            oncombine = NONE;
            unit = "mm";
        };

        text _tmp_4708
        {
            name = "Text_102";
            x1 = 108;
            y1 = 0;
            x2 = 108;
            y2 = 0;
            string = "\\t";
            fontname = "fixfont";
            fontcolor = 160;
            fonttype = 4;
            fontsize = 5;
            fontratio = 1.5;
            fontslant = 0;
            fontstyle = 0;
            angle = 0;
            justify = LEFT;
            pen = -1;
        };

        valuefield _tmp_4709
        {
            name = "ValueField_70";
            location = (119, 0);
            formula = "GetValue(\"DIM_G\")";
            datatype = DOUBLE;
            class = "Length";
            cacheable = TRUE;
            justify = RIGHT;
            visibility = TRUE;
            angle = 0;
            length = 7;
            decimals = 0;
            sortdirection = NONE;
            fontname = "Courier New";
            fontcolor = 153;
            fonttype = 2;
            fontsize = 1;
            fontratio = 1;
            fontstyle = 0;
            fontslant = 0;
            pen = -1;
            oncombine = NONE;
            unit = "mm";
        };

        text _tmp_4710
        {
            name = "Text_103";
            x1 = 117;
            y1 = 0;
            x2 = 117;
            y2 = 0;
            string = "\\t";
            fontname = "fixfont";
            fontcolor = 160;
            fonttype = 4;
            fontsize = 5;
            fontratio = 1.5;
            fontslant = 0;
            fontstyle = 0;
            angle = 0;
            justify = LEFT;
            pen = -1;
        };

        valuefield _tmp_4711
        {
            name = "ValueField_71";
            location = (128, 0);
            formula = "GetValue(\"DIM_H1\")";
            datatype = DOUBLE;
            class = "Length";
            cacheable = TRUE;
            justify = RIGHT;
            visibility = TRUE;
            angle = 0;
            length = 7;
            decimals = 0;
            sortdirection = NONE;
            fontname = "Courier New";
            fontcolor = 153;
            fonttype = 2;
            fontsize = 1;
            fontratio = 1;
            fontstyle = 0;
            fontslant = 0;
            pen = -1;
            oncombine = NONE;
            unit = "mm";
        };

        text _tmp_4712
        {
            name = "Text_104";
            x1 = 126;
            y1 = 0;
            x2 = 126;
            y2 = 0;
            string = "\\t";
            fontname = "fixfont";
            fontcolor = 160;
            fonttype = 4;
            fontsize = 5;
            fontratio = 1.5;
            fontslant = 0;
            fontstyle = 0;
            angle = 0;
            justify = LEFT;
            pen = -1;
        };

        valuefield _tmp_4713
        {
            name = "ValueField_72";
            location = (173, 0);
            formula = "GetValue(\"DIM_TD\")";
            datatype = DOUBLE;
            class = "Length";
            cacheable = TRUE;
            justify = RIGHT;
            visibility = TRUE;
            angle = 0;
            length = 7;
            decimals = 0;
            sortdirection = NONE;
            fontname = "Courier New";
            fontcolor = 153;
            fonttype = 2;
            fontsize = 1;
            fontratio = 1;
            fontstyle = 0;
            fontslant = 0;
            pen = -1;
            oncombine = NONE;
            unit = "mm";
        };

        text _tmp_4716
        {
            name = "Text_106";
            x1 = 180;
            y1 = 0;
            x2 = 180;
            y2 = 0;
            string = "\\t";
            fontname = "fixfont";
            fontcolor = 160;
            fonttype = 4;
            fontsize = 5;
            fontratio = 1.5;
            fontslant = 0;
            fontstyle = 0;
            angle = 0;
            justify = LEFT;
            pen = -1;
        };

        valuefield _tmp_4717
        {
            name = "무게22";
            location = (198, 0);
            formula = "GetFieldFormula(\"무게122\")*GetFieldFormula(\"몇개5\")";
            datatype = DOUBLE;
            class = "Weight";
            cacheable = TRUE;
            justify = RIGHT;
            visibility = TRUE;
            angle = 0;
            length = 7;
            decimals = 2;
            sortdirection = ASCENDING;
            fontname = "Courier New";
            fontcolor = 153;
            fonttype = 2;
            fontsize = 1;
            fontratio = 1;
            fontstyle = 0;
            fontslant = 0;
            pen = -1;
            oncombine = SUM;
            unit = "kg";
        };

        text _tmp_4718
        {
            name = "Text_107";
            x1 = 193;
            y1 = 0;
            x2 = 193;
            y2 = 0;
            string = "\\t";
            fontname = "fixfont";
            fontcolor = 160;
            fonttype = 4;
            fontsize = 5;
            fontratio = 1.5;
            fontslant = 0;
            fontstyle = 0;
            angle = 0;
            justify = LEFT;
            pen = -1;
        };

        valuefield _tmp_4719
        {
            name = "지름22";
            location = (207, 0);
            formula = "GetFieldFormula(\"길이1\")*GetFieldFormula(\"몇개\")";
            datatype = DOUBLE;
            class = "Length";
            cacheable = TRUE;
            justify = RIGHT;
            visibility = FALSE;
            angle = 0;
            length = 4;
            decimals = 2;
            sortdirection = ASCENDING;
            fontname = "Courier New";
            fontcolor = 153;
            fonttype = 2;
            fontsize = 1;
            fontratio = 1;
            fontstyle = 0;
            fontslant = 0;
            pen = -1;
            oncombine = SUM;
            unit = "m";
        };

        valuefield _tmp_2597
        {
            name = "무게122";
            location = (185, 0);
            formula = "(GetFieldFormula(\"길이5\")*3.04)/1000 ";
            datatype = DOUBLE;
            class = "Weight";
            cacheable = TRUE;
            justify = RIGHT;
            visibility = TRUE;
            angle = 0;
            length = 7;
            decimals = 2;
            sortdirection = ASCENDING;
            fontname = "Courier New";
            fontcolor = 153;
            fonttype = 2;
            fontsize = 1;
            fontratio = 1;
            fontstyle = 0;
            fontslant = 0;
            pen = -1;
            oncombine = NONE;
            unit = "kg";
        };

        valuefield _tmp_18
        {
            name = "ValueField_84";
            location = (110, 0);
            formula = "GetValue(\"DIM_F\")";
            datatype = DOUBLE;
            class = "Length";
            cacheable = TRUE;
            justify = RIGHT;
            visibility = TRUE;
            angle = 0;
            length = 7;
            decimals = 0;
            sortdirection = NONE;
            fontname = "Courier New";
            fontcolor = 153;
            fonttype = 2;
            fontsize = 1;
            fontratio = 1;
            fontstyle = 0;
            fontslant = 0;
            pen = -1;
            oncombine = NONE;
            unit = "mm";
        };

        text _tmp_60294
        {
            name = "Text_249";
            x1 = 135;
            y1 = 0;
            x2 = 135;
            y2 = 0;
            string = "\\t";
            fontname = "fixfont";
            fontcolor = 160;
            fonttype = 4;
            fontsize = 5;
            fontratio = 1.5;
            fontslant = 0;
            fontstyle = 0;
            angle = 0;
            justify = LEFT;
            pen = -1;
        };

        valuefield _tmp_61413
        {
            name = "ValueField_152";
            location = (137, 0);
            formula = "GetValue(\"DIM_J\")";
            datatype = DOUBLE;
            class = "Length";
            cacheable = TRUE;
            justify = RIGHT;
            visibility = TRUE;
            angle = 0;
            length = 7;
            decimals = 0;
            sortdirection = NONE;
            fontname = "Courier New";
            fontcolor = 153;
            fonttype = 2;
            fontsize = 1;
            fontratio = 1;
            fontstyle = 0;
            fontslant = 0;
            pen = -1;
            oncombine = NONE;
            unit = "mm";
        };

        text _tmp_61414
        {
            name = "Text_259";
            x1 = 144;
            y1 = 0;
            x2 = 144;
            y2 = 0;
            string = "\\t";
            fontname = "fixfont";
            fontcolor = 160;
            fonttype = 4;
            fontsize = 5;
            fontratio = 1.5;
            fontslant = 0;
            fontstyle = 0;
            angle = 0;
            justify = LEFT;
            pen = -1;
        };

        valuefield _tmp_64372
        {
            name = "ValueField_190";
            location = (146, 0);
            formula = "GetValue(\"DIM_K1\")";
            datatype = DOUBLE;
            class = "Length";
            cacheable = TRUE;
            justify = RIGHT;
            visibility = TRUE;
            angle = 0;
            length = 7;
            decimals = 0;
            sortdirection = NONE;
            fontname = "Courier New";
            fontcolor = 153;
            fonttype = 2;
            fontsize = 1;
            fontratio = 1;
            fontstyle = 0;
            fontslant = 0;
            pen = -1;
            oncombine = NONE;
            unit = "mm";
        };

        text _tmp_64373
        {
            name = "Text_273";
            x1 = 153;
            y1 = 0;
            x2 = 153;
            y2 = 0;
            string = "\\t";
            fontname = "fixfont";
            fontcolor = 160;
            fonttype = 4;
            fontsize = 5;
            fontratio = 1.5;
            fontslant = 0;
            fontstyle = 0;
            angle = 0;
            justify = LEFT;
            pen = -1;
        };

        valuefield _tmp_64826
        {
            name = "ValueField_201";
            location = (155, 0);
            formula = "GetValue(\"DIM_O\")";
            datatype = DOUBLE;
            class = "Length";
            cacheable = TRUE;
            justify = RIGHT;
            visibility = TRUE;
            angle = 0;
            length = 7;
            decimals = 0;
            sortdirection = NONE;
            fontname = "Courier New";
            fontcolor = 153;
            fonttype = 2;
            fontsize = 1;
            fontratio = 1;
            fontstyle = 0;
            fontslant = 0;
            pen = -1;
            oncombine = NONE;
            unit = "mm";
        };

        text _tmp_64827
        {
            name = "Text_285";
            x1 = 162;
            y1 = 0;
            x2 = 162;
            y2 = 0;
            string = "\\t";
            fontname = "fixfont";
            fontcolor = 160;
            fonttype = 4;
            fontsize = 5;
            fontratio = 1.5;
            fontslant = 0;
            fontstyle = 0;
            angle = 0;
            justify = LEFT;
            pen = -1;
        };

        valuefield _tmp_65282
        {
            name = "ValueField_212";
            location = (164, 0);
            formula = "GetValue(\"DIM_R\")";
            datatype = DOUBLE;
            class = "Length";
            cacheable = TRUE;
            justify = RIGHT;
            visibility = TRUE;
            angle = 0;
            length = 7;
            decimals = 0;
            sortdirection = NONE;
            fontname = "Courier New";
            fontcolor = 153;
            fonttype = 2;
            fontsize = 1;
            fontratio = 1;
            fontstyle = 0;
            fontslant = 0;
            pen = -1;
            oncombine = NONE;
            unit = "mm";
        };

        text _tmp_65283
        {
            name = "Text_105";
            x1 = 171;
            y1 = 0;
            x2 = 171;
            y2 = 0;
            string = "\\t";
            fontname = "fixfont";
            fontcolor = 160;
            fonttype = 4;
            fontsize = 5;
            fontratio = 1.5;
            fontslant = 0;
            fontstyle = 0;
            angle = 0;
            justify = LEFT;
            pen = -1;
        };

        valuefield _tmp_31639
        {
            name = "합길이5";
            location = (47, 0);
            formula = "GetFieldFormula(\"길이5\")*GetFieldFormula(\"몇개5\")";
            datatype = DOUBLE;
            class = "Length";
            cacheable = TRUE;
            justify = RIGHT;
            visibility = TRUE;
            angle = 0;
            length = 5;
            decimals = 2;
            sortdirection = ASCENDING;
            fontname = "Arial";
            fontcolor = 153;
            fonttype = 2;
            fontsize = 1;
            fontratio = 1;
            fontstyle = 0;
            fontslant = 0;
            pen = -1;
            oncombine = SUM;
            unit = "m";
        };
    };

    row _tmp_4928
    {
        name = "D22합";
        height = 1;
        visibility = TRUE;
        usecolumns = FALSE;
        rule = "if (GetValue(\"SIZE\") == \"22\") then\r\n  Output()\r\nelse\r\n  StepOver()\r\nendif\r\n";
        contenttype = "REBAR";
        sorttype = COMBINE;

        valuefield _tmp_4929
        {
            name = "122";
            location = (40, 0);
            formula = "Sum(\"합길이5\")";
            datatype = DOUBLE;
            class = "Length";
            cacheable = TRUE;
            justify = RIGHT;
            visibility = TRUE;
            angle = 0;
            length = 10;
            decimals = 2;
            sortdirection = NONE;
            fontname = "Arial";
            fontcolor = 153;
            fonttype = 2;
            fontsize = 1;
            fontratio = 1;
            fontstyle = 0;
            fontslant = 0;
            pen = -1;
            oncombine = SUM;
            unit = "m";
        };

        text _tmp_4930
        {
            name = "Text_108";
            x1 = 29;
            y1 = 0;
            x2 = 29;
            y2 = 0;
            string = "중간길이합:";
            fontname = "Arial";
            fontcolor = 153;
            fonttype = 2;
            fontsize = 1;
            fontratio = 1;
            fontslant = 0;
            fontstyle = 0;
            angle = 0;
            justify = LEFT;
            pen = -1;
        };

        text _tmp_4931
        {
            name = "Text_109";
            x1 = 144;
            y1 = 0;
            x2 = 144;
            y2 = 0;
            string = "중간무게합:";
            fontname = "Arial";
            fontcolor = 153;
            fonttype = 2;
            fontsize = 1;
            fontratio = 1;
            fontslant = 0;
            fontstyle = 0;
            angle = 0;
            justify = LEFT;
            pen = -1;
        };

        valuefield _tmp_4932
        {
            name = "5";
            location = (155, 0);
            formula = "Sum(\"무게22\")";
            datatype = DOUBLE;
            class = "Weight";
            cacheable = TRUE;
            justify = RIGHT;
            visibility = TRUE;
            angle = 0;
            length = 10;
            decimals = 2;
            sortdirection = NONE;
            fontname = "Arial";
            fontcolor = 153;
            fonttype = 2;
            fontsize = 1;
            fontratio = 1;
            fontstyle = 0;
            fontslant = 0;
            pen = -1;
            oncombine = NONE;
            unit = "kg";
        };
    };

    row _tmp_7180
    {
        name = "D25";
        height = 1;
        visibility = TRUE;
        usecolumns = FALSE;
        rule = "if (GetValue(\"SIZE\") == \"25\") then\r\n  Output()\r\nelse\r\n  StepOver()\r\nendif\r\n";
        contenttype = "REBAR";
        sorttype = COMBINE;

        valuefield _tmp_7181
        {
            name = "ValueField_15";
            location = (0, 0);
            formula = "GetValue(\"SHAPE\")";
            datatype = STRING;
            class = "";
            cacheable = TRUE;
            justify = RIGHT;
            visibility = TRUE;
            angle = 0;
            length = 3;
            decimals = 0;
            sortdirection = ASCENDING;
            fontname = "Arial";
            fontcolor = 153;
            fonttype = 2;
            fontsize = 1;
            fontratio = 1;
            fontstyle = 0;
            fontslant = 0;
            pen = -1;
            oncombine = NONE;
        };

        valuefield _tmp_7197
        {
            name = "ValueField_78";
            location = (7, 0);
            formula = "GetValue(\"REBAR_POS\")";
            datatype = STRING;
            class = "";
            cacheable = TRUE;
            justify = RIGHT;
            visibility = TRUE;
            angle = 0;
            length = 6;
            sortdirection = ASCENDING;
            fontname = "Arial";
            fontcolor = 153;
            fonttype = 2;
            fontsize = 1;
            fontratio = 1;
            fontstyle = 0;
            fontslant = 0;
            pen = -1;
            oncombine = NONE;
        };

        valuefield _tmp_7182
        {
            name = "크기25";
            location = (28, 0);
            formula = "GetValue(\"SIZE\")";
            datatype = STRING;
            class = "";
            cacheable = TRUE;
            justify = RIGHT;
            visibility = TRUE;
            angle = 0;
            length = 5;
            decimals = 0;
            sortdirection = ASCENDING;
            fontname = "Arial";
            fontcolor = 153;
            fonttype = 2;
            fontsize = 1;
            fontratio = 1;
            fontstyle = 0;
            fontslant = 0;
            pen = -1;
            oncombine = NONE;
        };

        valuefield _tmp_7183
        {
            name = "ValueField_36";
            location = (18, 0);
            formula = "GetValue(\"GRADE\")";
            datatype = STRING;
            class = "";
            cacheable = TRUE;
            justify = RIGHT;
            visibility = TRUE;
            angle = 0;
            length = 5;
            sortdirection = ASCENDING;
            fontname = "Arial";
            fontcolor = 153;
            fonttype = 2;
            fontsize = 1;
            fontratio = 1;
            fontstyle = 0;
            fontslant = 0;
            pen = -1;
            oncombine = NONE;
        };

        text _tmp_7184
        {
            name = "Text_110";
            x1 = 4;
            y1 = 0;
            x2 = 4;
            y2 = 0;
            string = "\\t";
            fontname = "fixfont";
            fontcolor = 160;
            fonttype = 4;
            fontsize = 5;
            fontratio = 1.5;
            fontslant = 0;
            fontstyle = 0;
            angle = 0;
            justify = LEFT;
            pen = -1;
        };

        text _tmp_7185
        {
            name = "Text_111";
            x1 = 15;
            y1 = 0;
            x2 = 15;
            y2 = 0;
            string = "\\t";
            fontname = "fixfont";
            fontcolor = 160;
            fonttype = 4;
            fontsize = 5;
            fontratio = 1.5;
            fontslant = 0;
            fontstyle = 0;
            angle = 0;
            justify = LEFT;
            pen = -1;
        };

        text _tmp_7186
        {
            name = "Text_112";
            x1 = 24;
            y1 = 0;
            x2 = 24;
            y2 = 0;
            string = "\\t";
            fontname = "fixfont";
            fontcolor = 160;
            fonttype = 4;
            fontsize = 5;
            fontratio = 1.5;
            fontslant = 0;
            fontstyle = 0;
            angle = 0;
            justify = LEFT;
            pen = -1;
        };

        text _tmp_7187
        {
            name = "Text_113";
            x1 = 34;
            y1 = 0;
            x2 = 34;
            y2 = 0;
            string = "\\t";
            fontname = "fixfont";
            fontcolor = 160;
            fonttype = 4;
            fontsize = 5;
            fontratio = 1.5;
            fontslant = 0;
            fontstyle = 0;
            angle = 0;
            justify = LEFT;
            pen = -1;
        };

        valuefield _tmp_7188
        {
            name = "몇개6";
            location = (37, 0);
            formula = "GetValue(\"NUMBER\")";
            datatype = INTEGER;
            class = "";
            cacheable = TRUE;
            justify = RIGHT;
            visibility = TRUE;
            angle = 0;
            length = 5;
            decimals = 0;
            sortdirection = ASCENDING;
            fontname = "Arial";
            fontcolor = 153;
            fonttype = 2;
            fontsize = 1;
            fontratio = 1;
            fontstyle = 0;
            fontslant = 0;
            pen = -1;
            oncombine = SUM;
        };

        text _tmp_7189
        {
            name = "Text_114";
            x1 = 43;
            y1 = 0;
            x2 = 43;
            y2 = 0;
            string = "\\t";
            fontname = "fixfont";
            fontcolor = 160;
            fonttype = 4;
            fontsize = 5;
            fontratio = 1.5;
            fontslant = 0;
            fontstyle = 0;
            angle = 0;
            justify = LEFT;
            pen = -1;
        };

        valuefield _tmp_7190
        {
            name = "길이6";
            location = (57, 0);
            formula = "GetValue(\"DIM_A\")+GetValue(\"DIM_B\")+GetValue(\"DIM_C\")+GetValue(\"DIM_D\")+GetValue(\"DIM_E\")+GetValue(\"DIM_F\")+GetValue(\"DIM_G\")";
            datatype = DOUBLE;
            class = "Length";
            cacheable = TRUE;
            justify = RIGHT;
            visibility = TRUE;
            angle = 0;
            length = 5;
            decimals = 2;
            sortdirection = ASCENDING;
            fontname = "Arial";
            fontcolor = 153;
            fonttype = 2;
            fontsize = 1;
            fontratio = 1;
            fontstyle = 0;
            fontslant = 0;
            pen = -1;
            oncombine = NONE;
            unit = "m";
        };

        text _tmp_7191
        {
            name = "Text_115";
            x1 = 63;
            y1 = 0;
            x2 = 63;
            y2 = 0;
            string = "\\t";
            fontname = "fixfont";
            fontcolor = 160;
            fonttype = 4;
            fontsize = 5;
            fontratio = 1.5;
            fontslant = 0;
            fontstyle = 0;
            angle = 0;
            justify = LEFT;
            pen = -1;
        };

        valuefield _tmp_7192
        {
            name = "ValueField_56";
            location = (65, 0);
            formula = "GetValue(\"DIM_A\")";
            datatype = DOUBLE;
            class = "Length";
            cacheable = TRUE;
            justify = RIGHT;
            visibility = TRUE;
            angle = 0;
            length = 7;
            decimals = 0;
            sortdirection = NONE;
            fontname = "Arial";
            fontcolor = 153;
            fonttype = 2;
            fontsize = 1;
            fontratio = 1;
            fontstyle = 0;
            fontslant = 0;
            pen = -1;
            oncombine = NONE;
            unit = "mm";
        };

        valuefield _tmp_7193
        {
            name = "ValueField_74";
            location = (74, 0);
            formula = "GetValue(\"DIM_B\")";
            datatype = DOUBLE;
            class = "Length";
            cacheable = TRUE;
            justify = RIGHT;
            visibility = TRUE;
            angle = 0;
            length = 7;
            decimals = 0;
            sortdirection = NONE;
            fontname = "Arial";
            fontcolor = 153;
            fonttype = 2;
            fontsize = 1;
            fontratio = 1;
            fontstyle = 0;
            fontslant = 0;
            pen = -1;
            oncombine = NONE;
            unit = "mm";
        };

        text _tmp_7194
        {
            name = "Text_116";
            x1 = 72;
            y1 = 0;
            x2 = 72;
            y2 = 0;
            string = "\\t";
            fontname = "fixfont";
            fontcolor = 160;
            fonttype = 4;
            fontsize = 5;
            fontratio = 1.5;
            fontslant = 0;
            fontstyle = 0;
            angle = 0;
            justify = LEFT;
            pen = -1;
        };

        text _tmp_7195
        {
            name = "Text_117";
            x1 = 81;
            y1 = 0;
            x2 = 81;
            y2 = 0;
            string = "\\t";
            fontname = "fixfont";
            fontcolor = 160;
            fonttype = 4;
            fontsize = 5;
            fontratio = 1.5;
            fontslant = 0;
            fontstyle = 0;
            angle = 0;
            justify = LEFT;
            pen = -1;
        };

        valuefield _tmp_7196
        {
            name = "ValueField_75";
            location = (83, 0);
            formula = "GetValue(\"DIM_C\")";
            datatype = DOUBLE;
            class = "Length";
            cacheable = TRUE;
            justify = RIGHT;
            visibility = TRUE;
            angle = 0;
            length = 7;
            decimals = 0;
            sortdirection = NONE;
            fontname = "Courier New";
            fontcolor = 153;
            fonttype = 2;
            fontsize = 1;
            fontratio = 1;
            fontstyle = 0;
            fontslant = 0;
            pen = -1;
            oncombine = NONE;
            unit = "mm";
        };

        text _tmp_7198
        {
            name = "Text_118";
            x1 = 90;
            y1 = 0;
            x2 = 90;
            y2 = 0;
            string = "\\t";
            fontname = "fixfont";
            fontcolor = 160;
            fonttype = 4;
            fontsize = 5;
            fontratio = 1.5;
            fontslant = 0;
            fontstyle = 0;
            angle = 0;
            justify = LEFT;
            pen = -1;
        };

        valuefield _tmp_7199
        {
            name = "ValueField_79";
            location = (92, 0);
            formula = "GetValue(\"DIM_D\")";
            datatype = DOUBLE;
            class = "Length";
            cacheable = TRUE;
            justify = RIGHT;
            visibility = TRUE;
            angle = 0;
            length = 7;
            decimals = 0;
            sortdirection = NONE;
            fontname = "Courier New";
            fontcolor = 153;
            fonttype = 2;
            fontsize = 1;
            fontratio = 1;
            fontstyle = 0;
            fontslant = 0;
            pen = -1;
            oncombine = NONE;
            unit = "mm";
        };

        text _tmp_7200
        {
            name = "Text_119";
            x1 = 99;
            y1 = 0;
            x2 = 99;
            y2 = 0;
            string = "\\t";
            fontname = "fixfont";
            fontcolor = 160;
            fonttype = 4;
            fontsize = 5;
            fontratio = 1.5;
            fontslant = 0;
            fontstyle = 0;
            angle = 0;
            justify = LEFT;
            pen = -1;
        };

        valuefield _tmp_7201
        {
            name = "ValueField_80";
            location = (101, 0);
            formula = "GetValue(\"DIM_E\")";
            datatype = DOUBLE;
            class = "Length";
            cacheable = TRUE;
            justify = RIGHT;
            visibility = TRUE;
            angle = 0;
            length = 7;
            decimals = 0;
            sortdirection = NONE;
            fontname = "Courier New";
            fontcolor = 153;
            fonttype = 2;
            fontsize = 1;
            fontratio = 1;
            fontstyle = 0;
            fontslant = 0;
            pen = -1;
            oncombine = NONE;
            unit = "mm";
        };

        text _tmp_7202
        {
            name = "Text_120";
            x1 = 108;
            y1 = 0;
            x2 = 108;
            y2 = 0;
            string = "\\t";
            fontname = "fixfont";
            fontcolor = 160;
            fonttype = 4;
            fontsize = 5;
            fontratio = 1.5;
            fontslant = 0;
            fontstyle = 0;
            angle = 0;
            justify = LEFT;
            pen = -1;
        };

        valuefield _tmp_7203
        {
            name = "ValueField_81";
            location = (119, 0);
            formula = "GetValue(\"DIM_G\")";
            datatype = DOUBLE;
            class = "Length";
            cacheable = TRUE;
            justify = RIGHT;
            visibility = TRUE;
            angle = 0;
            length = 7;
            decimals = 0;
            sortdirection = NONE;
            fontname = "Courier New";
            fontcolor = 153;
            fonttype = 2;
            fontsize = 1;
            fontratio = 1;
            fontstyle = 0;
            fontslant = 0;
            pen = -1;
            oncombine = NONE;
            unit = "mm";
        };

        text _tmp_7204
        {
            name = "Text_121";
            x1 = 117;
            y1 = 0;
            x2 = 117;
            y2 = 0;
            string = "\\t";
            fontname = "fixfont";
            fontcolor = 160;
            fonttype = 4;
            fontsize = 5;
            fontratio = 1.5;
            fontslant = 0;
            fontstyle = 0;
            angle = 0;
            justify = LEFT;
            pen = -1;
        };

        valuefield _tmp_7205
        {
            name = "ValueField_82";
            location = (128, 0);
            formula = "GetValue(\"DIM_H1\")";
            datatype = DOUBLE;
            class = "Length";
            cacheable = TRUE;
            justify = RIGHT;
            visibility = TRUE;
            angle = 0;
            length = 7;
            decimals = 0;
            sortdirection = NONE;
            fontname = "Courier New";
            fontcolor = 153;
            fonttype = 2;
            fontsize = 1;
            fontratio = 1;
            fontstyle = 0;
            fontslant = 0;
            pen = -1;
            oncombine = NONE;
            unit = "mm";
        };

        text _tmp_7206
        {
            name = "Text_122";
            x1 = 126;
            y1 = 0;
            x2 = 126;
            y2 = 0;
            string = "\\t";
            fontname = "fixfont";
            fontcolor = 160;
            fonttype = 4;
            fontsize = 5;
            fontratio = 1.5;
            fontslant = 0;
            fontstyle = 0;
            angle = 0;
            justify = LEFT;
            pen = -1;
        };

        valuefield _tmp_7207
        {
            name = "ValueField_83";
            location = (173, 0);
            formula = "GetValue(\"DIM_TD\")";
            datatype = DOUBLE;
            class = "Length";
            cacheable = TRUE;
            justify = RIGHT;
            visibility = TRUE;
            angle = 0;
            length = 7;
            decimals = 0;
            sortdirection = NONE;
            fontname = "Courier New";
            fontcolor = 153;
            fonttype = 2;
            fontsize = 1;
            fontratio = 1;
            fontstyle = 0;
            fontslant = 0;
            pen = -1;
            oncombine = NONE;
            unit = "mm";
        };

        text _tmp_7210
        {
            name = "Text_124";
            x1 = 180;
            y1 = 0;
            x2 = 180;
            y2 = 0;
            string = "\\t";
            fontname = "fixfont";
            fontcolor = 160;
            fonttype = 4;
            fontsize = 5;
            fontratio = 1.5;
            fontslant = 0;
            fontstyle = 0;
            angle = 0;
            justify = LEFT;
            pen = -1;
        };

        valuefield _tmp_7211
        {
            name = "무게25";
            location = (198, 0);
            formula = "GetFieldFormula(\"무게125\")*GetFieldFormula(\"몇개6\")";
            datatype = DOUBLE;
            class = "Weight";
            cacheable = TRUE;
            justify = RIGHT;
            visibility = TRUE;
            angle = 0;
            length = 7;
            decimals = 2;
            sortdirection = ASCENDING;
            fontname = "Courier New";
            fontcolor = 153;
            fonttype = 2;
            fontsize = 1;
            fontratio = 1;
            fontstyle = 0;
            fontslant = 0;
            pen = -1;
            oncombine = SUM;
            unit = "kg";
        };

        text _tmp_7212
        {
            name = "Text_125";
            x1 = 193;
            y1 = 0;
            x2 = 193;
            y2 = 0;
            string = "\\t";
            fontname = "fixfont";
            fontcolor = 160;
            fonttype = 4;
            fontsize = 5;
            fontratio = 1.5;
            fontslant = 0;
            fontstyle = 0;
            angle = 0;
            justify = LEFT;
            pen = -1;
        };

        valuefield _tmp_7213
        {
            name = "지름25";
            location = (207, 0);
            formula = "GetFieldFormula(\"길이1\")*GetFieldFormula(\"몇개\")";
            datatype = DOUBLE;
            class = "Length";
            cacheable = TRUE;
            justify = RIGHT;
            visibility = FALSE;
            angle = 0;
            length = 4;
            decimals = 2;
            sortdirection = ASCENDING;
            fontname = "Courier New";
            fontcolor = 153;
            fonttype = 2;
            fontsize = 1;
            fontratio = 1;
            fontstyle = 0;
            fontslant = 0;
            pen = -1;
            oncombine = SUM;
            unit = "m";
        };

        valuefield _tmp_2598
        {
            name = "무게125";
            location = (185, 0);
            formula = "(GetFieldFormula(\"길이6\")*3.98)/1000 ";
            datatype = DOUBLE;
            class = "Weight";
            cacheable = TRUE;
            justify = RIGHT;
            visibility = TRUE;
            angle = 0;
            length = 7;
            decimals = 2;
            sortdirection = ASCENDING;
            fontname = "Courier New";
            fontcolor = 153;
            fonttype = 2;
            fontsize = 1;
            fontratio = 1;
            fontstyle = 0;
            fontslant = 0;
            pen = -1;
            oncombine = NONE;
            unit = "kg";
        };

        valuefield _tmp_19
        {
            name = "ValueField_85";
            location = (110, 0);
            formula = "GetValue(\"DIM_F\")";
            datatype = DOUBLE;
            class = "Length";
            cacheable = TRUE;
            justify = RIGHT;
            visibility = TRUE;
            angle = 0;
            length = 7;
            decimals = 0;
            sortdirection = NONE;
            fontname = "Courier New";
            fontcolor = 153;
            fonttype = 2;
            fontsize = 1;
            fontratio = 1;
            fontstyle = 0;
            fontslant = 0;
            pen = -1;
            oncombine = NONE;
            unit = "mm";
        };

        text _tmp_60295
        {
            name = "Text_250";
            x1 = 135;
            y1 = 0;
            x2 = 135;
            y2 = 0;
            string = "\\t";
            fontname = "fixfont";
            fontcolor = 160;
            fonttype = 4;
            fontsize = 5;
            fontratio = 1.5;
            fontslant = 0;
            fontstyle = 0;
            angle = 0;
            justify = LEFT;
            pen = -1;
        };

        valuefield _tmp_61415
        {
            name = "ValueField_153";
            location = (137, 0);
            formula = "GetValue(\"DIM_J\")";
            datatype = DOUBLE;
            class = "Length";
            cacheable = TRUE;
            justify = RIGHT;
            visibility = TRUE;
            angle = 0;
            length = 7;
            decimals = 0;
            sortdirection = NONE;
            fontname = "Courier New";
            fontcolor = 153;
            fonttype = 2;
            fontsize = 1;
            fontratio = 1;
            fontstyle = 0;
            fontslant = 0;
            pen = -1;
            oncombine = NONE;
            unit = "mm";
        };

        text _tmp_61416
        {
            name = "Text_260";
            x1 = 144;
            y1 = 0;
            x2 = 144;
            y2 = 0;
            string = "\\t";
            fontname = "fixfont";
            fontcolor = 160;
            fonttype = 4;
            fontsize = 5;
            fontratio = 1.5;
            fontslant = 0;
            fontstyle = 0;
            angle = 0;
            justify = LEFT;
            pen = -1;
        };

        valuefield _tmp_64374
        {
            name = "ValueField_191";
            location = (146, 0);
            formula = "GetValue(\"DIM_K1\")";
            datatype = DOUBLE;
            class = "Length";
            cacheable = TRUE;
            justify = RIGHT;
            visibility = TRUE;
            angle = 0;
            length = 7;
            decimals = 0;
            sortdirection = NONE;
            fontname = "Courier New";
            fontcolor = 153;
            fonttype = 2;
            fontsize = 1;
            fontratio = 1;
            fontstyle = 0;
            fontslant = 0;
            pen = -1;
            oncombine = NONE;
            unit = "mm";
        };

        text _tmp_64375
        {
            name = "Text_274";
            x1 = 153;
            y1 = 0;
            x2 = 153;
            y2 = 0;
            string = "\\t";
            fontname = "fixfont";
            fontcolor = 160;
            fonttype = 4;
            fontsize = 5;
            fontratio = 1.5;
            fontslant = 0;
            fontstyle = 0;
            angle = 0;
            justify = LEFT;
            pen = -1;
        };

        valuefield _tmp_64828
        {
            name = "ValueField_202";
            location = (155, 0);
            formula = "GetValue(\"DIM_O\")";
            datatype = DOUBLE;
            class = "Length";
            cacheable = TRUE;
            justify = RIGHT;
            visibility = TRUE;
            angle = 0;
            length = 7;
            decimals = 0;
            sortdirection = NONE;
            fontname = "Courier New";
            fontcolor = 153;
            fonttype = 2;
            fontsize = 1;
            fontratio = 1;
            fontstyle = 0;
            fontslant = 0;
            pen = -1;
            oncombine = NONE;
            unit = "mm";
        };

        text _tmp_64829
        {
            name = "Text_286";
            x1 = 162;
            y1 = 0;
            x2 = 162;
            y2 = 0;
            string = "\\t";
            fontname = "fixfont";
            fontcolor = 160;
            fonttype = 4;
            fontsize = 5;
            fontratio = 1.5;
            fontslant = 0;
            fontstyle = 0;
            angle = 0;
            justify = LEFT;
            pen = -1;
        };

        valuefield _tmp_65284
        {
            name = "ValueField_213";
            location = (164, 0);
            formula = "GetValue(\"DIM_R\")";
            datatype = DOUBLE;
            class = "Length";
            cacheable = TRUE;
            justify = RIGHT;
            visibility = TRUE;
            angle = 0;
            length = 7;
            decimals = 0;
            sortdirection = NONE;
            fontname = "Courier New";
            fontcolor = 153;
            fonttype = 2;
            fontsize = 1;
            fontratio = 1;
            fontstyle = 0;
            fontslant = 0;
            pen = -1;
            oncombine = NONE;
            unit = "mm";
        };

        text _tmp_65285
        {
            name = "Text_123";
            x1 = 171;
            y1 = 0;
            x2 = 171;
            y2 = 0;
            string = "\\t";
            fontname = "fixfont";
            fontcolor = 160;
            fonttype = 4;
            fontsize = 5;
            fontratio = 1.5;
            fontslant = 0;
            fontstyle = 0;
            angle = 0;
            justify = LEFT;
            pen = -1;
        };

        valuefield _tmp_31640
        {
            name = "합길이6";
            location = (47, 0);
            formula = "GetFieldFormula(\"길이6\")*GetFieldFormula(\"몇개6\")";
            datatype = DOUBLE;
            class = "Length";
            cacheable = TRUE;
            justify = RIGHT;
            visibility = TRUE;
            angle = 0;
            length = 5;
            decimals = 2;
            sortdirection = ASCENDING;
            fontname = "Arial";
            fontcolor = 153;
            fonttype = 2;
            fontsize = 1;
            fontratio = 1;
            fontstyle = 0;
            fontslant = 0;
            pen = -1;
            oncombine = SUM;
            unit = "m";
        };
    };

    row _tmp_7567
    {
        name = "D25합";
        height = 1;
        visibility = TRUE;
        usecolumns = FALSE;
        rule = "if (GetValue(\"SIZE\") == \"25\") then\r\n  Output()\r\nelse\r\n  StepOver()\r\nendif\r\n";
        contenttype = "REBAR";
        sorttype = COMBINE;

        valuefield _tmp_7568
        {
            name = "125";
            location = (40, 0);
            formula = "Sum(\"합길이6\")";
            datatype = DOUBLE;
            class = "Length";
            cacheable = TRUE;
            justify = RIGHT;
            visibility = TRUE;
            angle = 0;
            length = 10;
            decimals = 2;
            sortdirection = NONE;
            fontname = "Arial";
            fontcolor = 153;
            fonttype = 2;
            fontsize = 1;
            fontratio = 1;
            fontstyle = 0;
            fontslant = 0;
            pen = -1;
            oncombine = SUM;
            unit = "m";
        };

        text _tmp_7569
        {
            name = "Text_126";
            x1 = 29;
            y1 = 0;
            x2 = 29;
            y2 = 0;
            string = "중간길이합:";
            fontname = "Arial";
            fontcolor = 153;
            fonttype = 2;
            fontsize = 1;
            fontratio = 1;
            fontslant = 0;
            fontstyle = 0;
            angle = 0;
            justify = LEFT;
            pen = -1;
        };

        text _tmp_7570
        {
            name = "Text_127";
            x1 = 144;
            y1 = 0;
            x2 = 144;
            y2 = 0;
            string = "중간무게합:";
            fontname = "Arial";
            fontcolor = 153;
            fonttype = 2;
            fontsize = 1;
            fontratio = 1;
            fontslant = 0;
            fontstyle = 0;
            angle = 0;
            justify = LEFT;
            pen = -1;
        };

        valuefield _tmp_7571
        {
            name = "6";
            location = (155, 0);
            formula = "Sum(\"무게25\")";
            datatype = DOUBLE;
            class = "Weight";
            cacheable = TRUE;
            justify = RIGHT;
            visibility = TRUE;
            angle = 0;
            length = 10;
            decimals = 2;
            sortdirection = NONE;
            fontname = "Arial";
            fontcolor = 153;
            fonttype = 2;
            fontsize = 1;
            fontratio = 1;
            fontstyle = 0;
            fontslant = 0;
            pen = -1;
            oncombine = NONE;
            unit = "kg";
        };
    };

    row _tmp_7758
    {
        name = "D29";
        height = 1;
        visibility = TRUE;
        usecolumns = FALSE;
        rule = "if (GetValue(\"SIZE\") == \"29\") then\r\n  Output()\r\nelse\r\n  StepOver()\r\nendif\r\n";
        contenttype = "REBAR";
        sorttype = COMBINE;

        valuefield _tmp_7759
        {
            name = "ValueField_87";
            location = (0, 0);
            formula = "GetValue(\"SHAPE\")";
            datatype = STRING;
            class = "";
            cacheable = TRUE;
            justify = RIGHT;
            visibility = TRUE;
            angle = 0;
            length = 3;
            decimals = 0;
            sortdirection = ASCENDING;
            fontname = "Arial";
            fontcolor = 153;
            fonttype = 2;
            fontsize = 1;
            fontratio = 1;
            fontstyle = 0;
            fontslant = 0;
            pen = -1;
            oncombine = NONE;
        };

        valuefield _tmp_7775
        {
            name = "ValueField_95";
            location = (7, 0);
            formula = "GetValue(\"REBAR_POS\")";
            datatype = STRING;
            class = "";
            cacheable = TRUE;
            justify = RIGHT;
            visibility = TRUE;
            angle = 0;
            length = 6;
            sortdirection = ASCENDING;
            fontname = "Arial";
            fontcolor = 153;
            fonttype = 2;
            fontsize = 1;
            fontratio = 1;
            fontstyle = 0;
            fontslant = 0;
            pen = -1;
            oncombine = NONE;
        };

        valuefield _tmp_7760
        {
            name = "크기29";
            location = (28, 0);
            formula = "GetValue(\"SIZE\")";
            datatype = STRING;
            class = "";
            cacheable = TRUE;
            justify = RIGHT;
            visibility = TRUE;
            angle = 0;
            length = 5;
            decimals = 0;
            sortdirection = ASCENDING;
            fontname = "Arial";
            fontcolor = 153;
            fonttype = 2;
            fontsize = 1;
            fontratio = 1;
            fontstyle = 0;
            fontslant = 0;
            pen = -1;
            oncombine = NONE;
        };

        valuefield _tmp_7761
        {
            name = "ValueField_89";
            location = (18, 0);
            formula = "GetValue(\"GRADE\")";
            datatype = STRING;
            class = "";
            cacheable = TRUE;
            justify = RIGHT;
            visibility = TRUE;
            angle = 0;
            length = 5;
            sortdirection = ASCENDING;
            fontname = "Arial";
            fontcolor = 153;
            fonttype = 2;
            fontsize = 1;
            fontratio = 1;
            fontstyle = 0;
            fontslant = 0;
            pen = -1;
            oncombine = NONE;
        };

        text _tmp_7762
        {
            name = "Text_128";
            x1 = 4;
            y1 = 0;
            x2 = 4;
            y2 = 0;
            string = "\\t";
            fontname = "fixfont";
            fontcolor = 160;
            fonttype = 4;
            fontsize = 5;
            fontratio = 1.5;
            fontslant = 0;
            fontstyle = 0;
            angle = 0;
            justify = LEFT;
            pen = -1;
        };

        text _tmp_7763
        {
            name = "Text_129";
            x1 = 15;
            y1 = 0;
            x2 = 15;
            y2 = 0;
            string = "\\t";
            fontname = "fixfont";
            fontcolor = 160;
            fonttype = 4;
            fontsize = 5;
            fontratio = 1.5;
            fontslant = 0;
            fontstyle = 0;
            angle = 0;
            justify = LEFT;
            pen = -1;
        };

        text _tmp_7764
        {
            name = "Text_130";
            x1 = 24;
            y1 = 0;
            x2 = 24;
            y2 = 0;
            string = "\\t";
            fontname = "fixfont";
            fontcolor = 160;
            fonttype = 4;
            fontsize = 5;
            fontratio = 1.5;
            fontslant = 0;
            fontstyle = 0;
            angle = 0;
            justify = LEFT;
            pen = -1;
        };

        text _tmp_7765
        {
            name = "Text_131";
            x1 = 34;
            y1 = 0;
            x2 = 34;
            y2 = 0;
            string = "\\t";
            fontname = "fixfont";
            fontcolor = 160;
            fonttype = 4;
            fontsize = 5;
            fontratio = 1.5;
            fontslant = 0;
            fontstyle = 0;
            angle = 0;
            justify = LEFT;
            pen = -1;
        };

        valuefield _tmp_7766
        {
            name = "몇개7";
            location = (37, 0);
            formula = "GetValue(\"NUMBER\")";
            datatype = INTEGER;
            class = "";
            cacheable = TRUE;
            justify = RIGHT;
            visibility = TRUE;
            angle = 0;
            length = 5;
            decimals = 0;
            sortdirection = ASCENDING;
            fontname = "Arial";
            fontcolor = 153;
            fonttype = 2;
            fontsize = 1;
            fontratio = 1;
            fontstyle = 0;
            fontslant = 0;
            pen = -1;
            oncombine = SUM;
        };

        text _tmp_7767
        {
            name = "Text_132";
            x1 = 43;
            y1 = 0;
            x2 = 43;
            y2 = 0;
            string = "\\t";
            fontname = "fixfont";
            fontcolor = 160;
            fonttype = 4;
            fontsize = 5;
            fontratio = 1.5;
            fontslant = 0;
            fontstyle = 0;
            angle = 0;
            justify = LEFT;
            pen = -1;
        };

        valuefield _tmp_7768
        {
            name = "길이7";
            location = (57, 0);
            formula = "GetValue(\"DIM_A\")+GetValue(\"DIM_B\")+GetValue(\"DIM_C\")+GetValue(\"DIM_D\")+GetValue(\"DIM_E\")+GetValue(\"DIM_F\")+GetValue(\"DIM_G\")";
            datatype = DOUBLE;
            class = "Length";
            cacheable = TRUE;
            justify = RIGHT;
            visibility = TRUE;
            angle = 0;
            length = 5;
            decimals = 2;
            sortdirection = ASCENDING;
            fontname = "Arial";
            fontcolor = 153;
            fonttype = 2;
            fontsize = 1;
            fontratio = 1;
            fontstyle = 0;
            fontslant = 0;
            pen = -1;
            oncombine = NONE;
            unit = "m";
        };

        text _tmp_7769
        {
            name = "Text_133";
            x1 = 63;
            y1 = 0;
            x2 = 63;
            y2 = 0;
            string = "\\t";
            fontname = "fixfont";
            fontcolor = 160;
            fonttype = 4;
            fontsize = 5;
            fontratio = 1.5;
            fontslant = 0;
            fontstyle = 0;
            angle = 0;
            justify = LEFT;
            pen = -1;
        };

        valuefield _tmp_7770
        {
            name = "ValueField_92";
            location = (65, 0);
            formula = "GetValue(\"DIM_A\")";
            datatype = DOUBLE;
            class = "Length";
            cacheable = TRUE;
            justify = RIGHT;
            visibility = TRUE;
            angle = 0;
            length = 7;
            decimals = 0;
            sortdirection = NONE;
            fontname = "Arial";
            fontcolor = 153;
            fonttype = 2;
            fontsize = 1;
            fontratio = 1;
            fontstyle = 0;
            fontslant = 0;
            pen = -1;
            oncombine = NONE;
            unit = "mm";
        };

        valuefield _tmp_7771
        {
            name = "ValueField_93";
            location = (74, 0);
            formula = "GetValue(\"DIM_B\")";
            datatype = DOUBLE;
            class = "Length";
            cacheable = TRUE;
            justify = RIGHT;
            visibility = TRUE;
            angle = 0;
            length = 7;
            decimals = 0;
            sortdirection = NONE;
            fontname = "Arial";
            fontcolor = 153;
            fonttype = 2;
            fontsize = 1;
            fontratio = 1;
            fontstyle = 0;
            fontslant = 0;
            pen = -1;
            oncombine = NONE;
            unit = "mm";
        };

        text _tmp_7772
        {
            name = "Text_134";
            x1 = 72;
            y1 = 0;
            x2 = 72;
            y2 = 0;
            string = "\\t";
            fontname = "fixfont";
            fontcolor = 160;
            fonttype = 4;
            fontsize = 5;
            fontratio = 1.5;
            fontslant = 0;
            fontstyle = 0;
            angle = 0;
            justify = LEFT;
            pen = -1;
        };

        text _tmp_7773
        {
            name = "Text_135";
            x1 = 81;
            y1 = 0;
            x2 = 81;
            y2 = 0;
            string = "\\t";
            fontname = "fixfont";
            fontcolor = 160;
            fonttype = 4;
            fontsize = 5;
            fontratio = 1.5;
            fontslant = 0;
            fontstyle = 0;
            angle = 0;
            justify = LEFT;
            pen = -1;
        };

        valuefield _tmp_7774
        {
            name = "ValueField_94";
            location = (83, 0);
            formula = "GetValue(\"DIM_C\")";
            datatype = DOUBLE;
            class = "Length";
            cacheable = TRUE;
            justify = RIGHT;
            visibility = TRUE;
            angle = 0;
            length = 7;
            decimals = 0;
            sortdirection = NONE;
            fontname = "Courier New";
            fontcolor = 153;
            fonttype = 2;
            fontsize = 1;
            fontratio = 1;
            fontstyle = 0;
            fontslant = 0;
            pen = -1;
            oncombine = NONE;
            unit = "mm";
        };

        text _tmp_7776
        {
            name = "Text_136";
            x1 = 90;
            y1 = 0;
            x2 = 90;
            y2 = 0;
            string = "\\t";
            fontname = "fixfont";
            fontcolor = 160;
            fonttype = 4;
            fontsize = 5;
            fontratio = 1.5;
            fontslant = 0;
            fontstyle = 0;
            angle = 0;
            justify = LEFT;
            pen = -1;
        };

        valuefield _tmp_7777
        {
            name = "ValueField_96";
            location = (92, 0);
            formula = "GetValue(\"DIM_D\")";
            datatype = DOUBLE;
            class = "Length";
            cacheable = TRUE;
            justify = RIGHT;
            visibility = TRUE;
            angle = 0;
            length = 7;
            decimals = 0;
            sortdirection = NONE;
            fontname = "Courier New";
            fontcolor = 153;
            fonttype = 2;
            fontsize = 1;
            fontratio = 1;
            fontstyle = 0;
            fontslant = 0;
            pen = -1;
            oncombine = NONE;
            unit = "mm";
        };

        text _tmp_7778
        {
            name = "Text_137";
            x1 = 99;
            y1 = 0;
            x2 = 99;
            y2 = 0;
            string = "\\t";
            fontname = "fixfont";
            fontcolor = 160;
            fonttype = 4;
            fontsize = 5;
            fontratio = 1.5;
            fontslant = 0;
            fontstyle = 0;
            angle = 0;
            justify = LEFT;
            pen = -1;
        };

        valuefield _tmp_7779
        {
            name = "ValueField_97";
            location = (101, 0);
            formula = "GetValue(\"DIM_E\")";
            datatype = DOUBLE;
            class = "Length";
            cacheable = TRUE;
            justify = RIGHT;
            visibility = TRUE;
            angle = 0;
            length = 7;
            decimals = 0;
            sortdirection = NONE;
            fontname = "Courier New";
            fontcolor = 153;
            fonttype = 2;
            fontsize = 1;
            fontratio = 1;
            fontstyle = 0;
            fontslant = 0;
            pen = -1;
            oncombine = NONE;
            unit = "mm";
        };

        text _tmp_7780
        {
            name = "Text_138";
            x1 = 108;
            y1 = 0;
            x2 = 108;
            y2 = 0;
            string = "\\t";
            fontname = "fixfont";
            fontcolor = 160;
            fonttype = 4;
            fontsize = 5;
            fontratio = 1.5;
            fontslant = 0;
            fontstyle = 0;
            angle = 0;
            justify = LEFT;
            pen = -1;
        };

        valuefield _tmp_7781
        {
            name = "ValueField_98";
            location = (119, 0);
            formula = "GetValue(\"DIM_G\")";
            datatype = DOUBLE;
            class = "Length";
            cacheable = TRUE;
            justify = RIGHT;
            visibility = TRUE;
            angle = 0;
            length = 7;
            decimals = 0;
            sortdirection = NONE;
            fontname = "Courier New";
            fontcolor = 153;
            fonttype = 2;
            fontsize = 1;
            fontratio = 1;
            fontstyle = 0;
            fontslant = 0;
            pen = -1;
            oncombine = NONE;
            unit = "mm";
        };

        text _tmp_7782
        {
            name = "Text_139";
            x1 = 117;
            y1 = 0;
            x2 = 117;
            y2 = 0;
            string = "\\t";
            fontname = "fixfont";
            fontcolor = 160;
            fonttype = 4;
            fontsize = 5;
            fontratio = 1.5;
            fontslant = 0;
            fontstyle = 0;
            angle = 0;
            justify = LEFT;
            pen = -1;
        };

        valuefield _tmp_7783
        {
            name = "ValueField_99";
            location = (128, 0);
            formula = "GetValue(\"DIM_H1\")";
            datatype = DOUBLE;
            class = "Length";
            cacheable = TRUE;
            justify = RIGHT;
            visibility = TRUE;
            angle = 0;
            length = 7;
            decimals = 0;
            sortdirection = NONE;
            fontname = "Courier New";
            fontcolor = 153;
            fonttype = 2;
            fontsize = 1;
            fontratio = 1;
            fontstyle = 0;
            fontslant = 0;
            pen = -1;
            oncombine = NONE;
            unit = "mm";
        };

        text _tmp_7784
        {
            name = "Text_140";
            x1 = 126;
            y1 = 0;
            x2 = 126;
            y2 = 0;
            string = "\\t";
            fontname = "fixfont";
            fontcolor = 160;
            fonttype = 4;
            fontsize = 5;
            fontratio = 1.5;
            fontslant = 0;
            fontstyle = 0;
            angle = 0;
            justify = LEFT;
            pen = -1;
        };

        valuefield _tmp_7785
        {
            name = "ValueField_100";
            location = (173, 0);
            formula = "GetValue(\"DIM_TD\")";
            datatype = DOUBLE;
            class = "Length";
            cacheable = TRUE;
            justify = RIGHT;
            visibility = TRUE;
            angle = 0;
            length = 7;
            decimals = 0;
            sortdirection = NONE;
            fontname = "Courier New";
            fontcolor = 153;
            fonttype = 2;
            fontsize = 1;
            fontratio = 1;
            fontstyle = 0;
            fontslant = 0;
            pen = -1;
            oncombine = NONE;
            unit = "mm";
        };

        text _tmp_7788
        {
            name = "Text_142";
            x1 = 180;
            y1 = 0;
            x2 = 180;
            y2 = 0;
            string = "\\t";
            fontname = "fixfont";
            fontcolor = 160;
            fonttype = 4;
            fontsize = 5;
            fontratio = 1.5;
            fontslant = 0;
            fontstyle = 0;
            angle = 0;
            justify = LEFT;
            pen = -1;
        };

        valuefield _tmp_7789
        {
            name = "무게29";
            location = (198, 0);
            formula = "GetFieldFormula(\"무게129\")*GetFieldFormula(\"몇개7\")";
            datatype = DOUBLE;
            class = "Weight";
            cacheable = TRUE;
            justify = RIGHT;
            visibility = TRUE;
            angle = 0;
            length = 7;
            decimals = 2;
            sortdirection = ASCENDING;
            fontname = "Courier New";
            fontcolor = 153;
            fonttype = 2;
            fontsize = 1;
            fontratio = 1;
            fontstyle = 0;
            fontslant = 0;
            pen = -1;
            oncombine = SUM;
            unit = "kg";
        };

        text _tmp_7790
        {
            name = "Text_143";
            x1 = 193;
            y1 = 0;
            x2 = 193;
            y2 = 0;
            string = "\\t";
            fontname = "fixfont";
            fontcolor = 160;
            fonttype = 4;
            fontsize = 5;
            fontratio = 1.5;
            fontslant = 0;
            fontstyle = 0;
            angle = 0;
            justify = LEFT;
            pen = -1;
        };

        valuefield _tmp_7791
        {
            name = "지름29";
            location = (207, 0);
            formula = "GetFieldFormula(\"길이1\")*GetFieldFormula(\"몇개\")";
            datatype = DOUBLE;
            class = "Length";
            cacheable = TRUE;
            justify = RIGHT;
            visibility = FALSE;
            angle = 0;
            length = 4;
            decimals = 2;
            sortdirection = ASCENDING;
            fontname = "Courier New";
            fontcolor = 153;
            fonttype = 2;
            fontsize = 1;
            fontratio = 1;
            fontstyle = 0;
            fontslant = 0;
            pen = -1;
            oncombine = SUM;
            unit = "m";
        };

        valuefield _tmp_2599
        {
            name = "무게129";
            location = (185, 0);
            formula = "(GetFieldFormula(\"길이7\")*5.04)/1000 ";
            datatype = DOUBLE;
            class = "Weight";
            cacheable = TRUE;
            justify = RIGHT;
            visibility = TRUE;
            angle = 0;
            length = 7;
            decimals = 2;
            sortdirection = ASCENDING;
            fontname = "Courier New";
            fontcolor = 153;
            fonttype = 2;
            fontsize = 1;
            fontratio = 1;
            fontstyle = 0;
            fontslant = 0;
            pen = -1;
            oncombine = NONE;
            unit = "kg";
        };

        valuefield _tmp_20
        {
            name = "ValueField_86";
            location = (110, 0);
            formula = "GetValue(\"DIM_F\")";
            datatype = DOUBLE;
            class = "Length";
            cacheable = TRUE;
            justify = RIGHT;
            visibility = TRUE;
            angle = 0;
            length = 7;
            decimals = 0;
            sortdirection = NONE;
            fontname = "Courier New";
            fontcolor = 153;
            fonttype = 2;
            fontsize = 1;
            fontratio = 1;
            fontstyle = 0;
            fontslant = 0;
            pen = -1;
            oncombine = NONE;
            unit = "mm";
        };

        text _tmp_60296
        {
            name = "Text_251";
            x1 = 135;
            y1 = 0;
            x2 = 135;
            y2 = 0;
            string = "\\t";
            fontname = "fixfont";
            fontcolor = 160;
            fonttype = 4;
            fontsize = 5;
            fontratio = 1.5;
            fontslant = 0;
            fontstyle = 0;
            angle = 0;
            justify = LEFT;
            pen = -1;
        };

        valuefield _tmp_61427
        {
            name = "ValueField_154";
            location = (137, 0);
            formula = "GetValue(\"DIM_J\")";
            datatype = DOUBLE;
            class = "Length";
            cacheable = TRUE;
            justify = RIGHT;
            visibility = TRUE;
            angle = 0;
            length = 7;
            decimals = 0;
            sortdirection = NONE;
            fontname = "Courier New";
            fontcolor = 153;
            fonttype = 2;
            fontsize = 1;
            fontratio = 1;
            fontstyle = 0;
            fontslant = 0;
            pen = -1;
            oncombine = NONE;
            unit = "mm";
        };

        text _tmp_61428
        {
            name = "Text_261";
            x1 = 144;
            y1 = 0;
            x2 = 144;
            y2 = 0;
            string = "\\t";
            fontname = "fixfont";
            fontcolor = 160;
            fonttype = 4;
            fontsize = 5;
            fontratio = 1.5;
            fontslant = 0;
            fontstyle = 0;
            angle = 0;
            justify = LEFT;
            pen = -1;
        };

        valuefield _tmp_64376
        {
            name = "ValueField_192";
            location = (146, 0);
            formula = "GetValue(\"DIM_K1\")";
            datatype = DOUBLE;
            class = "Length";
            cacheable = TRUE;
            justify = RIGHT;
            visibility = TRUE;
            angle = 0;
            length = 7;
            decimals = 0;
            sortdirection = NONE;
            fontname = "Courier New";
            fontcolor = 153;
            fonttype = 2;
            fontsize = 1;
            fontratio = 1;
            fontstyle = 0;
            fontslant = 0;
            pen = -1;
            oncombine = NONE;
            unit = "mm";
        };

        text _tmp_64377
        {
            name = "Text_275";
            x1 = 153;
            y1 = 0;
            x2 = 153;
            y2 = 0;
            string = "\\t";
            fontname = "fixfont";
            fontcolor = 160;
            fonttype = 4;
            fontsize = 5;
            fontratio = 1.5;
            fontslant = 0;
            fontstyle = 0;
            angle = 0;
            justify = LEFT;
            pen = -1;
        };

        valuefield _tmp_64830
        {
            name = "ValueField_203";
            location = (155, 0);
            formula = "GetValue(\"DIM_O\")";
            datatype = DOUBLE;
            class = "Length";
            cacheable = TRUE;
            justify = RIGHT;
            visibility = TRUE;
            angle = 0;
            length = 7;
            decimals = 0;
            sortdirection = NONE;
            fontname = "Courier New";
            fontcolor = 153;
            fonttype = 2;
            fontsize = 1;
            fontratio = 1;
            fontstyle = 0;
            fontslant = 0;
            pen = -1;
            oncombine = NONE;
            unit = "mm";
        };

        text _tmp_64831
        {
            name = "Text_287";
            x1 = 162;
            y1 = 0;
            x2 = 162;
            y2 = 0;
            string = "\\t";
            fontname = "fixfont";
            fontcolor = 160;
            fonttype = 4;
            fontsize = 5;
            fontratio = 1.5;
            fontslant = 0;
            fontstyle = 0;
            angle = 0;
            justify = LEFT;
            pen = -1;
        };

        valuefield _tmp_65286
        {
            name = "ValueField_214";
            location = (164, 0);
            formula = "GetValue(\"DIM_R\")";
            datatype = DOUBLE;
            class = "Length";
            cacheable = TRUE;
            justify = RIGHT;
            visibility = TRUE;
            angle = 0;
            length = 7;
            decimals = 0;
            sortdirection = NONE;
            fontname = "Courier New";
            fontcolor = 153;
            fonttype = 2;
            fontsize = 1;
            fontratio = 1;
            fontstyle = 0;
            fontslant = 0;
            pen = -1;
            oncombine = NONE;
            unit = "mm";
        };

        text _tmp_65287
        {
            name = "Text_141";
            x1 = 171;
            y1 = 0;
            x2 = 171;
            y2 = 0;
            string = "\\t";
            fontname = "fixfont";
            fontcolor = 160;
            fonttype = 4;
            fontsize = 5;
            fontratio = 1.5;
            fontslant = 0;
            fontstyle = 0;
            angle = 0;
            justify = LEFT;
            pen = -1;
        };

        valuefield _tmp_31641
        {
            name = "합길이7";
            location = (47, 0);
            formula = "GetFieldFormula(\"길이7\")*GetFieldFormula(\"몇개7\")";
            datatype = DOUBLE;
            class = "Length";
            cacheable = TRUE;
            justify = RIGHT;
            visibility = TRUE;
            angle = 0;
            length = 5;
            decimals = 2;
            sortdirection = ASCENDING;
            fontname = "Arial";
            fontcolor = 153;
            fonttype = 2;
            fontsize = 1;
            fontratio = 1;
            fontstyle = 0;
            fontslant = 0;
            pen = -1;
            oncombine = SUM;
            unit = "m";
        };
    };

    row _tmp_8164
    {
        name = "D29합";
        height = 1;
        visibility = TRUE;
        usecolumns = FALSE;
        rule = "if (GetValue(\"SIZE\") == \"29\") then\r\n  Output()\r\nelse\r\n  StepOver()\r\nendif\r\n";
        contenttype = "REBAR";
        sorttype = COMBINE;

        valuefield _tmp_8165
        {
            name = "129";
            location = (40, 0);
            formula = "Sum(\"합길이7\")";
            datatype = DOUBLE;
            class = "Length";
            cacheable = TRUE;
            justify = RIGHT;
            visibility = TRUE;
            angle = 0;
            length = 10;
            decimals = 2;
            sortdirection = NONE;
            fontname = "Arial";
            fontcolor = 153;
            fonttype = 2;
            fontsize = 1;
            fontratio = 1;
            fontstyle = 0;
            fontslant = 0;
            pen = -1;
            oncombine = SUM;
            unit = "m";
        };

        text _tmp_8166
        {
            name = "Text_144";
            x1 = 29;
            y1 = 0;
            x2 = 29;
            y2 = 0;
            string = "중간길이합:";
            fontname = "Arial";
            fontcolor = 153;
            fonttype = 2;
            fontsize = 1;
            fontratio = 1;
            fontslant = 0;
            fontstyle = 0;
            angle = 0;
            justify = LEFT;
            pen = -1;
        };

        text _tmp_8167
        {
            name = "Text_145";
            x1 = 144;
            y1 = 0;
            x2 = 144;
            y2 = 0;
            string = "중간무게합:";
            fontname = "Arial";
            fontcolor = 153;
            fonttype = 2;
            fontsize = 1;
            fontratio = 1;
            fontslant = 0;
            fontstyle = 0;
            angle = 0;
            justify = LEFT;
            pen = -1;
        };

        valuefield _tmp_8168
        {
            name = "7";
            location = (155, 0);
            formula = "Sum(\"무게29\")";
            datatype = DOUBLE;
            class = "Weight";
            cacheable = TRUE;
            justify = RIGHT;
            visibility = TRUE;
            angle = 0;
            length = 10;
            decimals = 2;
            sortdirection = NONE;
            fontname = "Arial";
            fontcolor = 153;
            fonttype = 2;
            fontsize = 1;
            fontratio = 1;
            fontstyle = 0;
            fontslant = 0;
            pen = -1;
            oncombine = NONE;
            unit = "kg";
        };
    };

    row _tmp_8329
    {
        name = "D32";
        height = 1;
        visibility = TRUE;
        usecolumns = FALSE;
        rule = "if (GetValue(\"SIZE\") == \"32\") then\r\n  Output()\r\nelse\r\n  StepOver()\r\nendif\r\n";
        contenttype = "REBAR";
        sorttype = COMBINE;

        valuefield _tmp_8330
        {
            name = "ValueField_104";
            location = (0, 0);
            formula = "GetValue(\"SHAPE\")";
            datatype = STRING;
            class = "";
            cacheable = TRUE;
            justify = RIGHT;
            visibility = TRUE;
            angle = 0;
            length = 3;
            decimals = 0;
            sortdirection = ASCENDING;
            fontname = "Arial";
            fontcolor = 153;
            fonttype = 2;
            fontsize = 1;
            fontratio = 1;
            fontstyle = 0;
            fontslant = 0;
            pen = -1;
            oncombine = NONE;
        };

        valuefield _tmp_8346
        {
            name = "ValueField_112";
            location = (7, 0);
            formula = "GetValue(\"REBAR_POS\")";
            datatype = STRING;
            class = "";
            cacheable = TRUE;
            justify = RIGHT;
            visibility = TRUE;
            angle = 0;
            length = 6;
            sortdirection = ASCENDING;
            fontname = "Arial";
            fontcolor = 153;
            fonttype = 2;
            fontsize = 1;
            fontratio = 1;
            fontstyle = 0;
            fontslant = 0;
            pen = -1;
            oncombine = NONE;
        };

        valuefield _tmp_8331
        {
            name = "크기32";
            location = (28, 0);
            formula = "GetValue(\"SIZE\")";
            datatype = STRING;
            class = "";
            cacheable = TRUE;
            justify = RIGHT;
            visibility = TRUE;
            angle = 0;
            length = 5;
            decimals = 0;
            sortdirection = ASCENDING;
            fontname = "Arial";
            fontcolor = 153;
            fonttype = 2;
            fontsize = 1;
            fontratio = 1;
            fontstyle = 0;
            fontslant = 0;
            pen = -1;
            oncombine = NONE;
        };

        valuefield _tmp_8332
        {
            name = "ValueField_106";
            location = (18, 0);
            formula = "GetValue(\"GRADE\")";
            datatype = STRING;
            class = "";
            cacheable = TRUE;
            justify = RIGHT;
            visibility = TRUE;
            angle = 0;
            length = 5;
            sortdirection = ASCENDING;
            fontname = "Arial";
            fontcolor = 153;
            fonttype = 2;
            fontsize = 1;
            fontratio = 1;
            fontstyle = 0;
            fontslant = 0;
            pen = -1;
            oncombine = NONE;
        };

        text _tmp_8333
        {
            name = "Text_146";
            x1 = 4;
            y1 = 0;
            x2 = 4;
            y2 = 0;
            string = "\\t";
            fontname = "fixfont";
            fontcolor = 160;
            fonttype = 4;
            fontsize = 5;
            fontratio = 1.5;
            fontslant = 0;
            fontstyle = 0;
            angle = 0;
            justify = LEFT;
            pen = -1;
        };

        text _tmp_8334
        {
            name = "Text_147";
            x1 = 15;
            y1 = 0;
            x2 = 15;
            y2 = 0;
            string = "\\t";
            fontname = "fixfont";
            fontcolor = 160;
            fonttype = 4;
            fontsize = 5;
            fontratio = 1.5;
            fontslant = 0;
            fontstyle = 0;
            angle = 0;
            justify = LEFT;
            pen = -1;
        };

        text _tmp_8335
        {
            name = "Text_148";
            x1 = 24;
            y1 = 0;
            x2 = 24;
            y2 = 0;
            string = "\\t";
            fontname = "fixfont";
            fontcolor = 160;
            fonttype = 4;
            fontsize = 5;
            fontratio = 1.5;
            fontslant = 0;
            fontstyle = 0;
            angle = 0;
            justify = LEFT;
            pen = -1;
        };

        text _tmp_8336
        {
            name = "Text_149";
            x1 = 34;
            y1 = 0;
            x2 = 34;
            y2 = 0;
            string = "\\t";
            fontname = "fixfont";
            fontcolor = 160;
            fonttype = 4;
            fontsize = 5;
            fontratio = 1.5;
            fontslant = 0;
            fontstyle = 0;
            angle = 0;
            justify = LEFT;
            pen = -1;
        };

        valuefield _tmp_8337
        {
            name = "몇개8";
            location = (37, 0);
            formula = "GetValue(\"NUMBER\")";
            datatype = INTEGER;
            class = "";
            cacheable = TRUE;
            justify = RIGHT;
            visibility = TRUE;
            angle = 0;
            length = 5;
            decimals = 0;
            sortdirection = ASCENDING;
            fontname = "Arial";
            fontcolor = 153;
            fonttype = 2;
            fontsize = 1;
            fontratio = 1;
            fontstyle = 0;
            fontslant = 0;
            pen = -1;
            oncombine = SUM;
        };

        text _tmp_8338
        {
            name = "Text_150";
            x1 = 43;
            y1 = 0;
            x2 = 43;
            y2 = 0;
            string = "\\t";
            fontname = "fixfont";
            fontcolor = 160;
            fonttype = 4;
            fontsize = 5;
            fontratio = 1.5;
            fontslant = 0;
            fontstyle = 0;
            angle = 0;
            justify = LEFT;
            pen = -1;
        };

        valuefield _tmp_8339
        {
            name = "길이8";
            location = (57, 0);
            formula = "GetValue(\"DIM_A\")+GetValue(\"DIM_B\")+GetValue(\"DIM_C\")+GetValue(\"DIM_D\")+GetValue(\"DIM_E\")+GetValue(\"DIM_F\")+GetValue(\"DIM_G\")";
            datatype = DOUBLE;
            class = "Length";
            cacheable = TRUE;
            justify = RIGHT;
            visibility = TRUE;
            angle = 0;
            length = 5;
            decimals = 2;
            sortdirection = ASCENDING;
            fontname = "Arial";
            fontcolor = 153;
            fonttype = 2;
            fontsize = 1;
            fontratio = 1;
            fontstyle = 0;
            fontslant = 0;
            pen = -1;
            oncombine = NONE;
            unit = "m";
        };

        text _tmp_8340
        {
            name = "Text_151";
            x1 = 63;
            y1 = 0;
            x2 = 63;
            y2 = 0;
            string = "\\t";
            fontname = "fixfont";
            fontcolor = 160;
            fonttype = 4;
            fontsize = 5;
            fontratio = 1.5;
            fontslant = 0;
            fontstyle = 0;
            angle = 0;
            justify = LEFT;
            pen = -1;
        };

        valuefield _tmp_8341
        {
            name = "ValueField_109";
            location = (65, 0);
            formula = "GetValue(\"DIM_A\")";
            datatype = DOUBLE;
            class = "Length";
            cacheable = TRUE;
            justify = RIGHT;
            visibility = TRUE;
            angle = 0;
            length = 7;
            decimals = 0;
            sortdirection = NONE;
            fontname = "Arial";
            fontcolor = 153;
            fonttype = 2;
            fontsize = 1;
            fontratio = 1;
            fontstyle = 0;
            fontslant = 0;
            pen = -1;
            oncombine = NONE;
            unit = "mm";
        };

        valuefield _tmp_8342
        {
            name = "ValueField_110";
            location = (74, 0);
            formula = "GetValue(\"DIM_B\")";
            datatype = DOUBLE;
            class = "Length";
            cacheable = TRUE;
            justify = RIGHT;
            visibility = TRUE;
            angle = 0;
            length = 7;
            decimals = 0;
            sortdirection = NONE;
            fontname = "Arial";
            fontcolor = 153;
            fonttype = 2;
            fontsize = 1;
            fontratio = 1;
            fontstyle = 0;
            fontslant = 0;
            pen = -1;
            oncombine = NONE;
            unit = "mm";
        };

        text _tmp_8343
        {
            name = "Text_152";
            x1 = 72;
            y1 = 0;
            x2 = 72;
            y2 = 0;
            string = "\\t";
            fontname = "fixfont";
            fontcolor = 160;
            fonttype = 4;
            fontsize = 5;
            fontratio = 1.5;
            fontslant = 0;
            fontstyle = 0;
            angle = 0;
            justify = LEFT;
            pen = -1;
        };

        text _tmp_8344
        {
            name = "Text_153";
            x1 = 81;
            y1 = 0;
            x2 = 81;
            y2 = 0;
            string = "\\t";
            fontname = "fixfont";
            fontcolor = 160;
            fonttype = 4;
            fontsize = 5;
            fontratio = 1.5;
            fontslant = 0;
            fontstyle = 0;
            angle = 0;
            justify = LEFT;
            pen = -1;
        };

        valuefield _tmp_8345
        {
            name = "ValueField_111";
            location = (83, 0);
            formula = "GetValue(\"DIM_C\")";
            datatype = DOUBLE;
            class = "Length";
            cacheable = TRUE;
            justify = RIGHT;
            visibility = TRUE;
            angle = 0;
            length = 7;
            decimals = 0;
            sortdirection = NONE;
            fontname = "Courier New";
            fontcolor = 153;
            fonttype = 2;
            fontsize = 1;
            fontratio = 1;
            fontstyle = 0;
            fontslant = 0;
            pen = -1;
            oncombine = NONE;
            unit = "mm";
        };

        text _tmp_8347
        {
            name = "Text_154";
            x1 = 90;
            y1 = 0;
            x2 = 90;
            y2 = 0;
            string = "\\t";
            fontname = "fixfont";
            fontcolor = 160;
            fonttype = 4;
            fontsize = 5;
            fontratio = 1.5;
            fontslant = 0;
            fontstyle = 0;
            angle = 0;
            justify = LEFT;
            pen = -1;
        };

        valuefield _tmp_8348
        {
            name = "ValueField_113";
            location = (92, 0);
            formula = "GetValue(\"DIM_D\")";
            datatype = DOUBLE;
            class = "Length";
            cacheable = TRUE;
            justify = RIGHT;
            visibility = TRUE;
            angle = 0;
            length = 7;
            decimals = 0;
            sortdirection = NONE;
            fontname = "Courier New";
            fontcolor = 153;
            fonttype = 2;
            fontsize = 1;
            fontratio = 1;
            fontstyle = 0;
            fontslant = 0;
            pen = -1;
            oncombine = NONE;
            unit = "mm";
        };

        text _tmp_8349
        {
            name = "Text_155";
            x1 = 99;
            y1 = 0;
            x2 = 99;
            y2 = 0;
            string = "\\t";
            fontname = "fixfont";
            fontcolor = 160;
            fonttype = 4;
            fontsize = 5;
            fontratio = 1.5;
            fontslant = 0;
            fontstyle = 0;
            angle = 0;
            justify = LEFT;
            pen = -1;
        };

        valuefield _tmp_8350
        {
            name = "ValueField_114";
            location = (101, 0);
            formula = "GetValue(\"DIM_E\")";
            datatype = DOUBLE;
            class = "Length";
            cacheable = TRUE;
            justify = RIGHT;
            visibility = TRUE;
            angle = 0;
            length = 7;
            decimals = 0;
            sortdirection = NONE;
            fontname = "Courier New";
            fontcolor = 153;
            fonttype = 2;
            fontsize = 1;
            fontratio = 1;
            fontstyle = 0;
            fontslant = 0;
            pen = -1;
            oncombine = NONE;
            unit = "mm";
        };

        text _tmp_8351
        {
            name = "Text_156";
            x1 = 108;
            y1 = 0;
            x2 = 108;
            y2 = 0;
            string = "\\t";
            fontname = "fixfont";
            fontcolor = 160;
            fonttype = 4;
            fontsize = 5;
            fontratio = 1.5;
            fontslant = 0;
            fontstyle = 0;
            angle = 0;
            justify = LEFT;
            pen = -1;
        };

        valuefield _tmp_8352
        {
            name = "ValueField_115";
            location = (119, 0);
            formula = "GetValue(\"DIM_G\")";
            datatype = DOUBLE;
            class = "Length";
            cacheable = TRUE;
            justify = RIGHT;
            visibility = TRUE;
            angle = 0;
            length = 7;
            decimals = 0;
            sortdirection = NONE;
            fontname = "Courier New";
            fontcolor = 153;
            fonttype = 2;
            fontsize = 1;
            fontratio = 1;
            fontstyle = 0;
            fontslant = 0;
            pen = -1;
            oncombine = NONE;
            unit = "mm";
        };

        text _tmp_8353
        {
            name = "Text_157";
            x1 = 117;
            y1 = 0;
            x2 = 117;
            y2 = 0;
            string = "\\t";
            fontname = "fixfont";
            fontcolor = 160;
            fonttype = 4;
            fontsize = 5;
            fontratio = 1.5;
            fontslant = 0;
            fontstyle = 0;
            angle = 0;
            justify = LEFT;
            pen = -1;
        };

        valuefield _tmp_8354
        {
            name = "ValueField_116";
            location = (128, 0);
            formula = "GetValue(\"DIM_H1\")";
            datatype = DOUBLE;
            class = "Length";
            cacheable = TRUE;
            justify = RIGHT;
            visibility = TRUE;
            angle = 0;
            length = 7;
            decimals = 0;
            sortdirection = NONE;
            fontname = "Courier New";
            fontcolor = 153;
            fonttype = 2;
            fontsize = 1;
            fontratio = 1;
            fontstyle = 0;
            fontslant = 0;
            pen = -1;
            oncombine = NONE;
            unit = "mm";
        };

        text _tmp_8355
        {
            name = "Text_158";
            x1 = 126;
            y1 = 0;
            x2 = 126;
            y2 = 0;
            string = "\\t";
            fontname = "fixfont";
            fontcolor = 160;
            fonttype = 4;
            fontsize = 5;
            fontratio = 1.5;
            fontslant = 0;
            fontstyle = 0;
            angle = 0;
            justify = LEFT;
            pen = -1;
        };

        valuefield _tmp_8356
        {
            name = "ValueField_117";
            location = (173, 0);
            formula = "GetValue(\"DIM_TD\")";
            datatype = DOUBLE;
            class = "Length";
            cacheable = TRUE;
            justify = RIGHT;
            visibility = TRUE;
            angle = 0;
            length = 7;
            decimals = 0;
            sortdirection = NONE;
            fontname = "Courier New";
            fontcolor = 153;
            fonttype = 2;
            fontsize = 1;
            fontratio = 1;
            fontstyle = 0;
            fontslant = 0;
            pen = -1;
            oncombine = NONE;
            unit = "mm";
        };

        text _tmp_8359
        {
            name = "Text_160";
            x1 = 180;
            y1 = 0;
            x2 = 180;
            y2 = 0;
            string = "\\t";
            fontname = "fixfont";
            fontcolor = 160;
            fonttype = 4;
            fontsize = 5;
            fontratio = 1.5;
            fontslant = 0;
            fontstyle = 0;
            angle = 0;
            justify = LEFT;
            pen = -1;
        };

        valuefield _tmp_8360
        {
            name = "무게32";
            location = (198, 0);
            formula = "GetFieldFormula(\"무게132\")*GetFieldFormula(\"몇개8\")";
            datatype = DOUBLE;
            class = "Weight";
            cacheable = TRUE;
            justify = RIGHT;
            visibility = TRUE;
            angle = 0;
            length = 7;
            decimals = 2;
            sortdirection = ASCENDING;
            fontname = "Courier New";
            fontcolor = 153;
            fonttype = 2;
            fontsize = 1;
            fontratio = 1;
            fontstyle = 0;
            fontslant = 0;
            pen = -1;
            oncombine = SUM;
            unit = "kg";
        };

        text _tmp_8361
        {
            name = "Text_161";
            x1 = 193;
            y1 = 0;
            x2 = 193;
            y2 = 0;
            string = "\\t";
            fontname = "fixfont";
            fontcolor = 160;
            fonttype = 4;
            fontsize = 5;
            fontratio = 1.5;
            fontslant = 0;
            fontstyle = 0;
            angle = 0;
            justify = LEFT;
            pen = -1;
        };

        valuefield _tmp_8362
        {
            name = "지름32";
            location = (207, 0);
            formula = "GetFieldFormula(\"길이1\")*GetFieldFormula(\"몇개\")";
            datatype = DOUBLE;
            class = "Length";
            cacheable = TRUE;
            justify = RIGHT;
            visibility = FALSE;
            angle = 0;
            length = 4;
            decimals = 2;
            sortdirection = ASCENDING;
            fontname = "Courier New";
            fontcolor = 153;
            fonttype = 2;
            fontsize = 1;
            fontratio = 1;
            fontstyle = 0;
            fontslant = 0;
            pen = -1;
            oncombine = SUM;
            unit = "m";
        };

        valuefield _tmp_2600
        {
            name = "무게132";
            location = (185, 0);
            formula = "(GetFieldFormula(\"길이8\")*6.23)/1000 ";
            datatype = DOUBLE;
            class = "Weight";
            cacheable = TRUE;
            justify = RIGHT;
            visibility = TRUE;
            angle = 0;
            length = 7;
            decimals = 2;
            sortdirection = ASCENDING;
            fontname = "Courier New";
            fontcolor = 153;
            fonttype = 2;
            fontsize = 1;
            fontratio = 1;
            fontstyle = 0;
            fontslant = 0;
            pen = -1;
            oncombine = NONE;
            unit = "kg";
        };

        valuefield _tmp_21
        {
            name = "ValueField_101";
            location = (110, 0);
            formula = "GetValue(\"DIM_F\")";
            datatype = DOUBLE;
            class = "Length";
            cacheable = TRUE;
            justify = RIGHT;
            visibility = TRUE;
            angle = 0;
            length = 7;
            decimals = 0;
            sortdirection = NONE;
            fontname = "Courier New";
            fontcolor = 153;
            fonttype = 2;
            fontsize = 1;
            fontratio = 1;
            fontstyle = 0;
            fontslant = 0;
            pen = -1;
            oncombine = NONE;
            unit = "mm";
        };

        text _tmp_60297
        {
            name = "Text_252";
            x1 = 135;
            y1 = 0;
            x2 = 135;
            y2 = 0;
            string = "\\t";
            fontname = "fixfont";
            fontcolor = 160;
            fonttype = 4;
            fontsize = 5;
            fontratio = 1.5;
            fontslant = 0;
            fontstyle = 0;
            angle = 0;
            justify = LEFT;
            pen = -1;
        };

        valuefield _tmp_61419
        {
            name = "ValueField_169";
            location = (137, 0);
            formula = "GetValue(\"DIM_J\")";
            datatype = DOUBLE;
            class = "Length";
            cacheable = TRUE;
            justify = RIGHT;
            visibility = TRUE;
            angle = 0;
            length = 7;
            decimals = 0;
            sortdirection = NONE;
            fontname = "Courier New";
            fontcolor = 153;
            fonttype = 2;
            fontsize = 1;
            fontratio = 1;
            fontstyle = 0;
            fontslant = 0;
            pen = -1;
            oncombine = NONE;
            unit = "mm";
        };

        text _tmp_61420
        {
            name = "Text_262";
            x1 = 144;
            y1 = 0;
            x2 = 144;
            y2 = 0;
            string = "\\t";
            fontname = "fixfont";
            fontcolor = 160;
            fonttype = 4;
            fontsize = 5;
            fontratio = 1.5;
            fontslant = 0;
            fontstyle = 0;
            angle = 0;
            justify = LEFT;
            pen = -1;
        };

        valuefield _tmp_64378
        {
            name = "ValueField_193";
            location = (146, 0);
            formula = "GetValue(\"DIM_K1\")";
            datatype = DOUBLE;
            class = "Length";
            cacheable = TRUE;
            justify = RIGHT;
            visibility = TRUE;
            angle = 0;
            length = 7;
            decimals = 0;
            sortdirection = NONE;
            fontname = "Courier New";
            fontcolor = 153;
            fonttype = 2;
            fontsize = 1;
            fontratio = 1;
            fontstyle = 0;
            fontslant = 0;
            pen = -1;
            oncombine = NONE;
            unit = "mm";
        };

        text _tmp_64379
        {
            name = "Text_276";
            x1 = 153;
            y1 = 0;
            x2 = 153;
            y2 = 0;
            string = "\\t";
            fontname = "fixfont";
            fontcolor = 160;
            fonttype = 4;
            fontsize = 5;
            fontratio = 1.5;
            fontslant = 0;
            fontstyle = 0;
            angle = 0;
            justify = LEFT;
            pen = -1;
        };

        valuefield _tmp_64832
        {
            name = "ValueField_204";
            location = (155, 0);
            formula = "GetValue(\"DIM_O\")";
            datatype = DOUBLE;
            class = "Length";
            cacheable = TRUE;
            justify = RIGHT;
            visibility = TRUE;
            angle = 0;
            length = 7;
            decimals = 0;
            sortdirection = NONE;
            fontname = "Courier New";
            fontcolor = 153;
            fonttype = 2;
            fontsize = 1;
            fontratio = 1;
            fontstyle = 0;
            fontslant = 0;
            pen = -1;
            oncombine = NONE;
            unit = "mm";
        };

        text _tmp_64833
        {
            name = "Text_288";
            x1 = 162;
            y1 = 0;
            x2 = 162;
            y2 = 0;
            string = "\\t";
            fontname = "fixfont";
            fontcolor = 160;
            fonttype = 4;
            fontsize = 5;
            fontratio = 1.5;
            fontslant = 0;
            fontstyle = 0;
            angle = 0;
            justify = LEFT;
            pen = -1;
        };

        valuefield _tmp_65288
        {
            name = "ValueField_215";
            location = (164, 0);
            formula = "GetValue(\"DIM_R\")";
            datatype = DOUBLE;
            class = "Length";
            cacheable = TRUE;
            justify = RIGHT;
            visibility = TRUE;
            angle = 0;
            length = 7;
            decimals = 0;
            sortdirection = NONE;
            fontname = "Courier New";
            fontcolor = 153;
            fonttype = 2;
            fontsize = 1;
            fontratio = 1;
            fontstyle = 0;
            fontslant = 0;
            pen = -1;
            oncombine = NONE;
            unit = "mm";
        };

        text _tmp_65289
        {
            name = "Text_159";
            x1 = 171;
            y1 = 0;
            x2 = 171;
            y2 = 0;
            string = "\\t";
            fontname = "fixfont";
            fontcolor = 160;
            fonttype = 4;
            fontsize = 5;
            fontratio = 1.5;
            fontslant = 0;
            fontstyle = 0;
            angle = 0;
            justify = LEFT;
            pen = -1;
        };

        valuefield _tmp_31642
        {
            name = "합길이8";
            location = (47, 0);
            formula = "GetFieldFormula(\"길이8\")*GetFieldFormula(\"몇개8\")";
            datatype = DOUBLE;
            class = "Length";
            cacheable = TRUE;
            justify = RIGHT;
            visibility = TRUE;
            angle = 0;
            length = 5;
            decimals = 2;
            sortdirection = ASCENDING;
            fontname = "Arial";
            fontcolor = 153;
            fonttype = 2;
            fontsize = 1;
            fontratio = 1;
            fontstyle = 0;
            fontslant = 0;
            pen = -1;
            oncombine = SUM;
            unit = "m";
        };
    };

    row _tmp_8754
    {
        name = "D32합";
        height = 1;
        visibility = TRUE;
        usecolumns = FALSE;
        rule = "if (GetValue(\"SIZE\") == \"32\") then\r\n  Output()\r\nelse\r\n  StepOver()\r\nendif\r\n";
        contenttype = "REBAR";
        sorttype = COMBINE;

        valuefield _tmp_8755
        {
            name = "132";
            location = (40, 0);
            formula = "Sum(\"합길이8\")";
            datatype = DOUBLE;
            class = "Length";
            cacheable = TRUE;
            justify = RIGHT;
            visibility = TRUE;
            angle = 0;
            length = 10;
            decimals = 2;
            sortdirection = NONE;
            fontname = "Arial";
            fontcolor = 153;
            fonttype = 2;
            fontsize = 1;
            fontratio = 1;
            fontstyle = 0;
            fontslant = 0;
            pen = -1;
            oncombine = SUM;
            unit = "m";
        };

        text _tmp_8756
        {
            name = "Text_162";
            x1 = 29;
            y1 = 0;
            x2 = 29;
            y2 = 0;
            string = "중간길이합:";
            fontname = "Arial";
            fontcolor = 153;
            fonttype = 2;
            fontsize = 1;
            fontratio = 1;
            fontslant = 0;
            fontstyle = 0;
            angle = 0;
            justify = LEFT;
            pen = -1;
        };

        text _tmp_8757
        {
            name = "Text_163";
            x1 = 144;
            y1 = 0;
            x2 = 144;
            y2 = 0;
            string = "중간무게합:";
            fontname = "Arial";
            fontcolor = 153;
            fonttype = 2;
            fontsize = 1;
            fontratio = 1;
            fontslant = 0;
            fontstyle = 0;
            angle = 0;
            justify = LEFT;
            pen = -1;
        };

        valuefield _tmp_8758
        {
            name = "8";
            location = (155, 0);
            formula = "Sum(\"무게32\")";
            datatype = DOUBLE;
            class = "Weight";
            cacheable = TRUE;
            justify = RIGHT;
            visibility = TRUE;
            angle = 0;
            length = 10;
            decimals = 2;
            sortdirection = NONE;
            fontname = "Arial";
            fontcolor = 153;
            fonttype = 2;
            fontsize = 1;
            fontratio = 1;
            fontstyle = 0;
            fontslant = 0;
            pen = -1;
            oncombine = NONE;
            unit = "kg";
        };
    };

    row _tmp_10412
    {
        name = "D35";
        height = 1;
        visibility = TRUE;
        usecolumns = FALSE;
        rule = "if (GetValue(\"SIZE\") == \"35\") then\r\n  Output()\r\nelse\r\n  StepOver()\r\nendif\r\n";
        contenttype = "REBAR";
        sorttype = COMBINE;

        valuefield _tmp_10413
        {
            name = "ValueField_121";
            location = (0, 0);
            formula = "GetValue(\"SHAPE\")";
            datatype = STRING;
            class = "";
            cacheable = TRUE;
            justify = RIGHT;
            visibility = TRUE;
            angle = 0;
            length = 3;
            decimals = 0;
            sortdirection = ASCENDING;
            fontname = "Arial";
            fontcolor = 153;
            fonttype = 2;
            fontsize = 1;
            fontratio = 1;
            fontstyle = 0;
            fontslant = 0;
            pen = -1;
            oncombine = NONE;
        };

        valuefield _tmp_10429
        {
            name = "ValueField_129";
            location = (7, 0);
            formula = "GetValue(\"REBAR_POS\")";
            datatype = STRING;
            class = "";
            cacheable = TRUE;
            justify = RIGHT;
            visibility = TRUE;
            angle = 0;
            length = 6;
            sortdirection = ASCENDING;
            fontname = "Arial";
            fontcolor = 153;
            fonttype = 2;
            fontsize = 1;
            fontratio = 1;
            fontstyle = 0;
            fontslant = 0;
            pen = -1;
            oncombine = NONE;
        };

        valuefield _tmp_10414
        {
            name = "크기35";
            location = (28, 0);
            formula = "GetValue(\"SIZE\")";
            datatype = STRING;
            class = "";
            cacheable = TRUE;
            justify = RIGHT;
            visibility = TRUE;
            angle = 0;
            length = 5;
            decimals = 0;
            sortdirection = ASCENDING;
            fontname = "Arial";
            fontcolor = 153;
            fonttype = 2;
            fontsize = 1;
            fontratio = 1;
            fontstyle = 0;
            fontslant = 0;
            pen = -1;
            oncombine = NONE;
        };

        valuefield _tmp_10415
        {
            name = "ValueField_123";
            location = (18, 0);
            formula = "GetValue(\"GRADE\")";
            datatype = STRING;
            class = "";
            cacheable = TRUE;
            justify = RIGHT;
            visibility = TRUE;
            angle = 0;
            length = 5;
            sortdirection = ASCENDING;
            fontname = "Arial";
            fontcolor = 153;
            fonttype = 2;
            fontsize = 1;
            fontratio = 1;
            fontstyle = 0;
            fontslant = 0;
            pen = -1;
            oncombine = NONE;
        };

        text _tmp_10416
        {
            name = "Text_164";
            x1 = 4;
            y1 = 0;
            x2 = 4;
            y2 = 0;
            string = "\\t";
            fontname = "fixfont";
            fontcolor = 160;
            fonttype = 4;
            fontsize = 5;
            fontratio = 1.5;
            fontslant = 0;
            fontstyle = 0;
            angle = 0;
            justify = LEFT;
            pen = -1;
        };

        text _tmp_10417
        {
            name = "Text_165";
            x1 = 15;
            y1 = 0;
            x2 = 15;
            y2 = 0;
            string = "\\t";
            fontname = "fixfont";
            fontcolor = 160;
            fonttype = 4;
            fontsize = 5;
            fontratio = 1.5;
            fontslant = 0;
            fontstyle = 0;
            angle = 0;
            justify = LEFT;
            pen = -1;
        };

        text _tmp_10418
        {
            name = "Text_166";
            x1 = 24;
            y1 = 0;
            x2 = 24;
            y2 = 0;
            string = "\\t";
            fontname = "fixfont";
            fontcolor = 160;
            fonttype = 4;
            fontsize = 5;
            fontratio = 1.5;
            fontslant = 0;
            fontstyle = 0;
            angle = 0;
            justify = LEFT;
            pen = -1;
        };

        text _tmp_10419
        {
            name = "Text_167";
            x1 = 34;
            y1 = 0;
            x2 = 34;
            y2 = 0;
            string = "\\t";
            fontname = "fixfont";
            fontcolor = 160;
            fonttype = 4;
            fontsize = 5;
            fontratio = 1.5;
            fontslant = 0;
            fontstyle = 0;
            angle = 0;
            justify = LEFT;
            pen = -1;
        };

        valuefield _tmp_10420
        {
            name = "몇개9";
            location = (37, 0);
            formula = "GetValue(\"NUMBER\")";
            datatype = INTEGER;
            class = "";
            cacheable = TRUE;
            justify = RIGHT;
            visibility = TRUE;
            angle = 0;
            length = 5;
            decimals = 0;
            sortdirection = ASCENDING;
            fontname = "Arial";
            fontcolor = 153;
            fonttype = 2;
            fontsize = 1;
            fontratio = 1;
            fontstyle = 0;
            fontslant = 0;
            pen = -1;
            oncombine = SUM;
        };

        text _tmp_10421
        {
            name = "Text_168";
            x1 = 43;
            y1 = 0;
            x2 = 43;
            y2 = 0;
            string = "\\t";
            fontname = "fixfont";
            fontcolor = 160;
            fonttype = 4;
            fontsize = 5;
            fontratio = 1.5;
            fontslant = 0;
            fontstyle = 0;
            angle = 0;
            justify = LEFT;
            pen = -1;
        };

        valuefield _tmp_10422
        {
            name = "길이9";
            location = (57, 0);
            formula = "GetValue(\"DIM_A\")+GetValue(\"DIM_B\")+GetValue(\"DIM_C\")+GetValue(\"DIM_D\")+GetValue(\"DIM_E\")+GetValue(\"DIM_F\")+GetValue(\"DIM_G\")";
            datatype = DOUBLE;
            class = "Length";
            cacheable = TRUE;
            justify = RIGHT;
            visibility = TRUE;
            angle = 0;
            length = 5;
            decimals = 2;
            sortdirection = ASCENDING;
            fontname = "Arial";
            fontcolor = 153;
            fonttype = 2;
            fontsize = 1;
            fontratio = 1;
            fontstyle = 0;
            fontslant = 0;
            pen = -1;
            oncombine = NONE;
            unit = "m";
        };

        text _tmp_10423
        {
            name = "Text_169";
            x1 = 63;
            y1 = 0;
            x2 = 63;
            y2 = 0;
            string = "\\t";
            fontname = "fixfont";
            fontcolor = 160;
            fonttype = 4;
            fontsize = 5;
            fontratio = 1.5;
            fontslant = 0;
            fontstyle = 0;
            angle = 0;
            justify = LEFT;
            pen = -1;
        };

        valuefield _tmp_10424
        {
            name = "ValueField_126";
            location = (65, 0);
            formula = "GetValue(\"DIM_A\")";
            datatype = DOUBLE;
            class = "Length";
            cacheable = TRUE;
            justify = RIGHT;
            visibility = TRUE;
            angle = 0;
            length = 7;
            decimals = 0;
            sortdirection = NONE;
            fontname = "Arial";
            fontcolor = 153;
            fonttype = 2;
            fontsize = 1;
            fontratio = 1;
            fontstyle = 0;
            fontslant = 0;
            pen = -1;
            oncombine = NONE;
            unit = "mm";
        };

        valuefield _tmp_10425
        {
            name = "ValueField_127";
            location = (74, 0);
            formula = "GetValue(\"DIM_B\")";
            datatype = DOUBLE;
            class = "Length";
            cacheable = TRUE;
            justify = RIGHT;
            visibility = TRUE;
            angle = 0;
            length = 7;
            decimals = 0;
            sortdirection = NONE;
            fontname = "Arial";
            fontcolor = 153;
            fonttype = 2;
            fontsize = 1;
            fontratio = 1;
            fontstyle = 0;
            fontslant = 0;
            pen = -1;
            oncombine = NONE;
            unit = "mm";
        };

        text _tmp_10426
        {
            name = "Text_170";
            x1 = 72;
            y1 = 0;
            x2 = 72;
            y2 = 0;
            string = "\\t";
            fontname = "fixfont";
            fontcolor = 160;
            fonttype = 4;
            fontsize = 5;
            fontratio = 1.5;
            fontslant = 0;
            fontstyle = 0;
            angle = 0;
            justify = LEFT;
            pen = -1;
        };

        text _tmp_10427
        {
            name = "Text_171";
            x1 = 81;
            y1 = 0;
            x2 = 81;
            y2 = 0;
            string = "\\t";
            fontname = "fixfont";
            fontcolor = 160;
            fonttype = 4;
            fontsize = 5;
            fontratio = 1.5;
            fontslant = 0;
            fontstyle = 0;
            angle = 0;
            justify = LEFT;
            pen = -1;
        };

        valuefield _tmp_10428
        {
            name = "ValueField_128";
            location = (83, 0);
            formula = "GetValue(\"DIM_C\")";
            datatype = DOUBLE;
            class = "Length";
            cacheable = TRUE;
            justify = RIGHT;
            visibility = TRUE;
            angle = 0;
            length = 7;
            decimals = 0;
            sortdirection = NONE;
            fontname = "Courier New";
            fontcolor = 153;
            fonttype = 2;
            fontsize = 1;
            fontratio = 1;
            fontstyle = 0;
            fontslant = 0;
            pen = -1;
            oncombine = NONE;
            unit = "mm";
        };

        text _tmp_10430
        {
            name = "Text_172";
            x1 = 90;
            y1 = 0;
            x2 = 90;
            y2 = 0;
            string = "\\t";
            fontname = "fixfont";
            fontcolor = 160;
            fonttype = 4;
            fontsize = 5;
            fontratio = 1.5;
            fontslant = 0;
            fontstyle = 0;
            angle = 0;
            justify = LEFT;
            pen = -1;
        };

        valuefield _tmp_10431
        {
            name = "ValueField_130";
            location = (92, 0);
            formula = "GetValue(\"DIM_D\")";
            datatype = DOUBLE;
            class = "Length";
            cacheable = TRUE;
            justify = RIGHT;
            visibility = TRUE;
            angle = 0;
            length = 7;
            decimals = 0;
            sortdirection = NONE;
            fontname = "Courier New";
            fontcolor = 153;
            fonttype = 2;
            fontsize = 1;
            fontratio = 1;
            fontstyle = 0;
            fontslant = 0;
            pen = -1;
            oncombine = NONE;
            unit = "mm";
        };

        text _tmp_10432
        {
            name = "Text_173";
            x1 = 99;
            y1 = 0;
            x2 = 99;
            y2 = 0;
            string = "\\t";
            fontname = "fixfont";
            fontcolor = 160;
            fonttype = 4;
            fontsize = 5;
            fontratio = 1.5;
            fontslant = 0;
            fontstyle = 0;
            angle = 0;
            justify = LEFT;
            pen = -1;
        };

        valuefield _tmp_10433
        {
            name = "ValueField_131";
            location = (101, 0);
            formula = "GetValue(\"DIM_E\")";
            datatype = DOUBLE;
            class = "Length";
            cacheable = TRUE;
            justify = RIGHT;
            visibility = TRUE;
            angle = 0;
            length = 7;
            decimals = 0;
            sortdirection = NONE;
            fontname = "Courier New";
            fontcolor = 153;
            fonttype = 2;
            fontsize = 1;
            fontratio = 1;
            fontstyle = 0;
            fontslant = 0;
            pen = -1;
            oncombine = NONE;
            unit = "mm";
        };

        text _tmp_10434
        {
            name = "Text_174";
            x1 = 108;
            y1 = 0;
            x2 = 108;
            y2 = 0;
            string = "\\t";
            fontname = "fixfont";
            fontcolor = 160;
            fonttype = 4;
            fontsize = 5;
            fontratio = 1.5;
            fontslant = 0;
            fontstyle = 0;
            angle = 0;
            justify = LEFT;
            pen = -1;
        };

        valuefield _tmp_10435
        {
            name = "ValueField_132";
            location = (119, 0);
            formula = "GetValue(\"DIM_G\")";
            datatype = DOUBLE;
            class = "Length";
            cacheable = TRUE;
            justify = RIGHT;
            visibility = TRUE;
            angle = 0;
            length = 7;
            decimals = 0;
            sortdirection = NONE;
            fontname = "Courier New";
            fontcolor = 153;
            fonttype = 2;
            fontsize = 1;
            fontratio = 1;
            fontstyle = 0;
            fontslant = 0;
            pen = -1;
            oncombine = NONE;
            unit = "mm";
        };

        text _tmp_10436
        {
            name = "Text_175";
            x1 = 117;
            y1 = 0;
            x2 = 117;
            y2 = 0;
            string = "\\t";
            fontname = "fixfont";
            fontcolor = 160;
            fonttype = 4;
            fontsize = 5;
            fontratio = 1.5;
            fontslant = 0;
            fontstyle = 0;
            angle = 0;
            justify = LEFT;
            pen = -1;
        };

        valuefield _tmp_10437
        {
            name = "ValueField_133";
            location = (128, 0);
            formula = "GetValue(\"DIM_H1\")";
            datatype = DOUBLE;
            class = "Length";
            cacheable = TRUE;
            justify = RIGHT;
            visibility = TRUE;
            angle = 0;
            length = 7;
            decimals = 0;
            sortdirection = NONE;
            fontname = "Courier New";
            fontcolor = 153;
            fonttype = 2;
            fontsize = 1;
            fontratio = 1;
            fontstyle = 0;
            fontslant = 0;
            pen = -1;
            oncombine = NONE;
            unit = "mm";
        };

        text _tmp_10438
        {
            name = "Text_176";
            x1 = 126;
            y1 = 0;
            x2 = 126;
            y2 = 0;
            string = "\\t";
            fontname = "fixfont";
            fontcolor = 160;
            fonttype = 4;
            fontsize = 5;
            fontratio = 1.5;
            fontslant = 0;
            fontstyle = 0;
            angle = 0;
            justify = LEFT;
            pen = -1;
        };

        valuefield _tmp_10439
        {
            name = "ValueField_134";
            location = (173, 0);
            formula = "GetValue(\"DIM_TD\")";
            datatype = DOUBLE;
            class = "Length";
            cacheable = TRUE;
            justify = RIGHT;
            visibility = TRUE;
            angle = 0;
            length = 7;
            decimals = 0;
            sortdirection = NONE;
            fontname = "Courier New";
            fontcolor = 153;
            fonttype = 2;
            fontsize = 1;
            fontratio = 1;
            fontstyle = 0;
            fontslant = 0;
            pen = -1;
            oncombine = NONE;
            unit = "mm";
        };

        text _tmp_10442
        {
            name = "Text_178";
            x1 = 180;
            y1 = 0;
            x2 = 180;
            y2 = 0;
            string = "\\t";
            fontname = "fixfont";
            fontcolor = 160;
            fonttype = 4;
            fontsize = 5;
            fontratio = 1.5;
            fontslant = 0;
            fontstyle = 0;
            angle = 0;
            justify = LEFT;
            pen = -1;
        };

        valuefield _tmp_10443
        {
            name = "무게35";
            location = (198, 0);
            formula = "GetFieldFormula(\"무게135\")*GetFieldFormula(\"몇개9\")";
            datatype = DOUBLE;
            class = "Weight";
            cacheable = TRUE;
            justify = RIGHT;
            visibility = TRUE;
            angle = 0;
            length = 7;
            decimals = 2;
            sortdirection = ASCENDING;
            fontname = "Courier New";
            fontcolor = 153;
            fonttype = 2;
            fontsize = 1;
            fontratio = 1;
            fontstyle = 0;
            fontslant = 0;
            pen = -1;
            oncombine = SUM;
            unit = "kg";
        };

        text _tmp_10444
        {
            name = "Text_179";
            x1 = 193;
            y1 = 0;
            x2 = 193;
            y2 = 0;
            string = "\\t";
            fontname = "fixfont";
            fontcolor = 160;
            fonttype = 4;
            fontsize = 5;
            fontratio = 1.5;
            fontslant = 0;
            fontstyle = 0;
            angle = 0;
            justify = LEFT;
            pen = -1;
        };

        valuefield _tmp_10445
        {
            name = "지름35";
            location = (207, 0);
            formula = "GetFieldFormula(\"길이1\")*GetFieldFormula(\"몇개\")";
            datatype = DOUBLE;
            class = "Length";
            cacheable = TRUE;
            justify = RIGHT;
            visibility = FALSE;
            angle = 0;
            length = 4;
            decimals = 2;
            sortdirection = ASCENDING;
            fontname = "Courier New";
            fontcolor = 153;
            fonttype = 2;
            fontsize = 1;
            fontratio = 1;
            fontstyle = 0;
            fontslant = 0;
            pen = -1;
            oncombine = SUM;
            unit = "m";
        };

        valuefield _tmp_2601
        {
            name = "무게135";
            location = (185, 0);
            formula = "(GetFieldFormula(\"길이9\")*7.51)/1000 ";
            datatype = DOUBLE;
            class = "Weight";
            cacheable = TRUE;
            justify = RIGHT;
            visibility = TRUE;
            angle = 0;
            length = 7;
            decimals = 2;
            sortdirection = ASCENDING;
            fontname = "Courier New";
            fontcolor = 153;
            fonttype = 2;
            fontsize = 1;
            fontratio = 1;
            fontstyle = 0;
            fontslant = 0;
            pen = -1;
            oncombine = NONE;
            unit = "kg";
        };

        valuefield _tmp_22
        {
            name = "ValueField_102";
            location = (110, 0);
            formula = "GetValue(\"DIM_F\")";
            datatype = DOUBLE;
            class = "Length";
            cacheable = TRUE;
            justify = RIGHT;
            visibility = TRUE;
            angle = 0;
            length = 7;
            decimals = 0;
            sortdirection = NONE;
            fontname = "Courier New";
            fontcolor = 153;
            fonttype = 2;
            fontsize = 1;
            fontratio = 1;
            fontstyle = 0;
            fontslant = 0;
            pen = -1;
            oncombine = NONE;
            unit = "mm";
        };

        text _tmp_60298
        {
            name = "Text_253";
            x1 = 135;
            y1 = 0;
            x2 = 135;
            y2 = 0;
            string = "\\t";
            fontname = "fixfont";
            fontcolor = 160;
            fonttype = 4;
            fontsize = 5;
            fontratio = 1.5;
            fontslant = 0;
            fontstyle = 0;
            angle = 0;
            justify = LEFT;
            pen = -1;
        };

        valuefield _tmp_61421
        {
            name = "ValueField_170";
            location = (137, 0);
            formula = "GetValue(\"DIM_J\")";
            datatype = DOUBLE;
            class = "Length";
            cacheable = TRUE;
            justify = RIGHT;
            visibility = TRUE;
            angle = 0;
            length = 7;
            decimals = 0;
            sortdirection = NONE;
            fontname = "Courier New";
            fontcolor = 153;
            fonttype = 2;
            fontsize = 1;
            fontratio = 1;
            fontstyle = 0;
            fontslant = 0;
            pen = -1;
            oncombine = NONE;
            unit = "mm";
        };

        text _tmp_61422
        {
            name = "Text_263";
            x1 = 144;
            y1 = 0;
            x2 = 144;
            y2 = 0;
            string = "\\t";
            fontname = "fixfont";
            fontcolor = 160;
            fonttype = 4;
            fontsize = 5;
            fontratio = 1.5;
            fontslant = 0;
            fontstyle = 0;
            angle = 0;
            justify = LEFT;
            pen = -1;
        };

        valuefield _tmp_64380
        {
            name = "ValueField_194";
            location = (146, 0);
            formula = "GetValue(\"DIM_K1\")";
            datatype = DOUBLE;
            class = "Length";
            cacheable = TRUE;
            justify = RIGHT;
            visibility = TRUE;
            angle = 0;
            length = 7;
            decimals = 0;
            sortdirection = NONE;
            fontname = "Courier New";
            fontcolor = 153;
            fonttype = 2;
            fontsize = 1;
            fontratio = 1;
            fontstyle = 0;
            fontslant = 0;
            pen = -1;
            oncombine = NONE;
            unit = "mm";
        };

        text _tmp_64381
        {
            name = "Text_277";
            x1 = 153;
            y1 = 0;
            x2 = 153;
            y2 = 0;
            string = "\\t";
            fontname = "fixfont";
            fontcolor = 160;
            fonttype = 4;
            fontsize = 5;
            fontratio = 1.5;
            fontslant = 0;
            fontstyle = 0;
            angle = 0;
            justify = LEFT;
            pen = -1;
        };

        valuefield _tmp_64834
        {
            name = "ValueField_205";
            location = (155, 0);
            formula = "GetValue(\"DIM_O\")";
            datatype = DOUBLE;
            class = "Length";
            cacheable = TRUE;
            justify = RIGHT;
            visibility = TRUE;
            angle = 0;
            length = 7;
            decimals = 0;
            sortdirection = NONE;
            fontname = "Courier New";
            fontcolor = 153;
            fonttype = 2;
            fontsize = 1;
            fontratio = 1;
            fontstyle = 0;
            fontslant = 0;
            pen = -1;
            oncombine = NONE;
            unit = "mm";
        };

        text _tmp_64835
        {
            name = "Text_289";
            x1 = 162;
            y1 = 0;
            x2 = 162;
            y2 = 0;
            string = "\\t";
            fontname = "fixfont";
            fontcolor = 160;
            fonttype = 4;
            fontsize = 5;
            fontratio = 1.5;
            fontslant = 0;
            fontstyle = 0;
            angle = 0;
            justify = LEFT;
            pen = -1;
        };

        valuefield _tmp_65290
        {
            name = "ValueField_216";
            location = (164, 0);
            formula = "GetValue(\"DIM_R\")";
            datatype = DOUBLE;
            class = "Length";
            cacheable = TRUE;
            justify = RIGHT;
            visibility = TRUE;
            angle = 0;
            length = 7;
            decimals = 0;
            sortdirection = NONE;
            fontname = "Courier New";
            fontcolor = 153;
            fonttype = 2;
            fontsize = 1;
            fontratio = 1;
            fontstyle = 0;
            fontslant = 0;
            pen = -1;
            oncombine = NONE;
            unit = "mm";
        };

        text _tmp_65291
        {
            name = "Text_177";
            x1 = 171;
            y1 = 0;
            x2 = 171;
            y2 = 0;
            string = "\\t";
            fontname = "fixfont";
            fontcolor = 160;
            fonttype = 4;
            fontsize = 5;
            fontratio = 1.5;
            fontslant = 0;
            fontstyle = 0;
            angle = 0;
            justify = LEFT;
            pen = -1;
        };

        valuefield _tmp_31643
        {
            name = "합길이9";
            location = (47, 0);
            formula = "GetFieldFormula(\"길이9\")*GetFieldFormula(\"몇개9\")";
            datatype = DOUBLE;
            class = "Length";
            cacheable = TRUE;
            justify = RIGHT;
            visibility = TRUE;
            angle = 0;
            length = 5;
            decimals = 2;
            sortdirection = ASCENDING;
            fontname = "Arial";
            fontcolor = 153;
            fonttype = 2;
            fontsize = 1;
            fontratio = 1;
            fontstyle = 0;
            fontslant = 0;
            pen = -1;
            oncombine = SUM;
            unit = "m";
        };
    };

    row _tmp_10856
    {
        name = "D35합";
        height = 1;
        visibility = TRUE;
        usecolumns = FALSE;
        rule = "if (GetValue(\"SIZE\") == \"35\") then\r\n  Output()\r\nelse\r\n  StepOver()\r\nendif\r\n";
        contenttype = "REBAR";
        sorttype = COMBINE;

        valuefield _tmp_10857
        {
            name = "135";
            location = (40, 0);
            formula = "Sum(\"합길이9\")";
            datatype = DOUBLE;
            class = "Length";
            cacheable = TRUE;
            justify = RIGHT;
            visibility = TRUE;
            angle = 0;
            length = 10;
            decimals = 2;
            sortdirection = NONE;
            fontname = "Arial";
            fontcolor = 153;
            fonttype = 2;
            fontsize = 1;
            fontratio = 1;
            fontstyle = 0;
            fontslant = 0;
            pen = -1;
            oncombine = SUM;
            unit = "m";
        };

        text _tmp_10858
        {
            name = "Text_180";
            x1 = 29;
            y1 = 0;
            x2 = 29;
            y2 = 0;
            string = "중간길이합:";
            fontname = "Arial";
            fontcolor = 153;
            fonttype = 2;
            fontsize = 1;
            fontratio = 1;
            fontslant = 0;
            fontstyle = 0;
            angle = 0;
            justify = LEFT;
            pen = -1;
        };

        text _tmp_10859
        {
            name = "Text_181";
            x1 = 144;
            y1 = 0;
            x2 = 144;
            y2 = 0;
            string = "중간무게합:";
            fontname = "Arial";
            fontcolor = 153;
            fonttype = 2;
            fontsize = 1;
            fontratio = 1;
            fontslant = 0;
            fontstyle = 0;
            angle = 0;
            justify = LEFT;
            pen = -1;
        };

        valuefield _tmp_10860
        {
            name = "9";
            location = (155, 0);
            formula = "Sum(\"무게35\")";
            datatype = DOUBLE;
            class = "Weight";
            cacheable = TRUE;
            justify = RIGHT;
            visibility = TRUE;
            angle = 0;
            length = 10;
            decimals = 2;
            sortdirection = NONE;
            fontname = "Arial";
            fontcolor = 153;
            fonttype = 2;
            fontsize = 1;
            fontratio = 1;
            fontstyle = 0;
            fontslant = 0;
            pen = -1;
            oncombine = NONE;
            unit = "kg";
        };
    };

    row _tmp_11302
    {
        name = "D38";
        height = 1;
        visibility = TRUE;
        usecolumns = FALSE;
        rule = "if (GetValue(\"SIZE\") == \"38\") then\r\n  Output()\r\nelse\r\n  StepOver()\r\nendif\r\n";
        contenttype = "REBAR";
        sorttype = COMBINE;

        valuefield _tmp_11303
        {
            name = "ValueField_138";
            location = (0, 0);
            formula = "GetValue(\"SHAPE\")";
            datatype = STRING;
            class = "";
            cacheable = TRUE;
            justify = RIGHT;
            visibility = TRUE;
            angle = 0;
            length = 3;
            decimals = 0;
            sortdirection = ASCENDING;
            fontname = "Arial";
            fontcolor = 153;
            fonttype = 2;
            fontsize = 1;
            fontratio = 1;
            fontstyle = 0;
            fontslant = 0;
            pen = -1;
            oncombine = NONE;
        };

        valuefield _tmp_11319
        {
            name = "ValueField_146";
            location = (7, 0);
            formula = "GetValue(\"REBAR_POS\")";
            datatype = STRING;
            class = "";
            cacheable = TRUE;
            justify = RIGHT;
            visibility = TRUE;
            angle = 0;
            length = 6;
            sortdirection = ASCENDING;
            fontname = "Arial";
            fontcolor = 153;
            fonttype = 2;
            fontsize = 1;
            fontratio = 1;
            fontstyle = 0;
            fontslant = 0;
            pen = -1;
            oncombine = NONE;
        };

        valuefield _tmp_11304
        {
            name = "크기39";
            location = (28, 0);
            formula = "GetValue(\"SIZE\")";
            datatype = STRING;
            class = "";
            cacheable = TRUE;
            justify = RIGHT;
            visibility = TRUE;
            angle = 0;
            length = 5;
            decimals = 0;
            sortdirection = ASCENDING;
            fontname = "Arial";
            fontcolor = 153;
            fonttype = 2;
            fontsize = 1;
            fontratio = 1;
            fontstyle = 0;
            fontslant = 0;
            pen = -1;
            oncombine = NONE;
        };

        valuefield _tmp_11305
        {
            name = "ValueField_140";
            location = (18, 0);
            formula = "GetValue(\"GRADE\")";
            datatype = STRING;
            class = "";
            cacheable = TRUE;
            justify = RIGHT;
            visibility = TRUE;
            angle = 0;
            length = 5;
            sortdirection = ASCENDING;
            fontname = "Arial";
            fontcolor = 153;
            fonttype = 2;
            fontsize = 1;
            fontratio = 1;
            fontstyle = 0;
            fontslant = 0;
            pen = -1;
            oncombine = NONE;
        };

        text _tmp_11306
        {
            name = "Text_182";
            x1 = 4;
            y1 = 0;
            x2 = 4;
            y2 = 0;
            string = "\\t";
            fontname = "fixfont";
            fontcolor = 160;
            fonttype = 4;
            fontsize = 5;
            fontratio = 1.5;
            fontslant = 0;
            fontstyle = 0;
            angle = 0;
            justify = LEFT;
            pen = -1;
        };

        text _tmp_11307
        {
            name = "Text_183";
            x1 = 15;
            y1 = 0;
            x2 = 15;
            y2 = 0;
            string = "\\t";
            fontname = "fixfont";
            fontcolor = 160;
            fonttype = 4;
            fontsize = 5;
            fontratio = 1.5;
            fontslant = 0;
            fontstyle = 0;
            angle = 0;
            justify = LEFT;
            pen = -1;
        };

        text _tmp_11308
        {
            name = "Text_184";
            x1 = 24;
            y1 = 0;
            x2 = 24;
            y2 = 0;
            string = "\\t";
            fontname = "fixfont";
            fontcolor = 160;
            fonttype = 4;
            fontsize = 5;
            fontratio = 1.5;
            fontslant = 0;
            fontstyle = 0;
            angle = 0;
            justify = LEFT;
            pen = -1;
        };

        text _tmp_11309
        {
            name = "Text_185";
            x1 = 34;
            y1 = 0;
            x2 = 34;
            y2 = 0;
            string = "\\t";
            fontname = "fixfont";
            fontcolor = 160;
            fonttype = 4;
            fontsize = 5;
            fontratio = 1.5;
            fontslant = 0;
            fontstyle = 0;
            angle = 0;
            justify = LEFT;
            pen = -1;
        };

        valuefield _tmp_11310
        {
            name = "몇개10";
            location = (37, 0);
            formula = "GetValue(\"NUMBER\")";
            datatype = INTEGER;
            class = "";
            cacheable = TRUE;
            justify = RIGHT;
            visibility = TRUE;
            angle = 0;
            length = 5;
            decimals = 0;
            sortdirection = ASCENDING;
            fontname = "Arial";
            fontcolor = 153;
            fonttype = 2;
            fontsize = 1;
            fontratio = 1;
            fontstyle = 0;
            fontslant = 0;
            pen = -1;
            oncombine = SUM;
        };

        text _tmp_11311
        {
            name = "Text_186";
            x1 = 43;
            y1 = 0;
            x2 = 43;
            y2 = 0;
            string = "\\t";
            fontname = "fixfont";
            fontcolor = 160;
            fonttype = 4;
            fontsize = 5;
            fontratio = 1.5;
            fontslant = 0;
            fontstyle = 0;
            angle = 0;
            justify = LEFT;
            pen = -1;
        };

        valuefield _tmp_11312
        {
            name = "길이10";
            location = (57, 0);
            formula = "GetValue(\"DIM_A\")+GetValue(\"DIM_B\")+GetValue(\"DIM_C\")+GetValue(\"DIM_D\")+GetValue(\"DIM_E\")+GetValue(\"DIM_F\")+GetValue(\"DIM_G\")";
            datatype = DOUBLE;
            class = "Length";
            cacheable = TRUE;
            justify = RIGHT;
            visibility = TRUE;
            angle = 0;
            length = 5;
            decimals = 2;
            sortdirection = ASCENDING;
            fontname = "Arial";
            fontcolor = 153;
            fonttype = 2;
            fontsize = 1;
            fontratio = 1;
            fontstyle = 0;
            fontslant = 0;
            pen = -1;
            oncombine = NONE;
            unit = "m";
        };

        text _tmp_11313
        {
            name = "Text_187";
            x1 = 63;
            y1 = 0;
            x2 = 63;
            y2 = 0;
            string = "\\t";
            fontname = "fixfont";
            fontcolor = 160;
            fonttype = 4;
            fontsize = 5;
            fontratio = 1.5;
            fontslant = 0;
            fontstyle = 0;
            angle = 0;
            justify = LEFT;
            pen = -1;
        };

        valuefield _tmp_11314
        {
            name = "ValueField_143";
            location = (65, 0);
            formula = "GetValue(\"DIM_A\")";
            datatype = DOUBLE;
            class = "Length";
            cacheable = TRUE;
            justify = RIGHT;
            visibility = TRUE;
            angle = 0;
            length = 7;
            decimals = 0;
            sortdirection = NONE;
            fontname = "Arial";
            fontcolor = 153;
            fonttype = 2;
            fontsize = 1;
            fontratio = 1;
            fontstyle = 0;
            fontslant = 0;
            pen = -1;
            oncombine = NONE;
            unit = "mm";
        };

        valuefield _tmp_11315
        {
            name = "ValueField_144";
            location = (74, 0);
            formula = "GetValue(\"DIM_B\")";
            datatype = DOUBLE;
            class = "Length";
            cacheable = TRUE;
            justify = RIGHT;
            visibility = TRUE;
            angle = 0;
            length = 7;
            decimals = 0;
            sortdirection = NONE;
            fontname = "Arial";
            fontcolor = 153;
            fonttype = 2;
            fontsize = 1;
            fontratio = 1;
            fontstyle = 0;
            fontslant = 0;
            pen = -1;
            oncombine = NONE;
            unit = "mm";
        };

        text _tmp_11316
        {
            name = "Text_188";
            x1 = 72;
            y1 = 0;
            x2 = 72;
            y2 = 0;
            string = "\\t";
            fontname = "fixfont";
            fontcolor = 160;
            fonttype = 4;
            fontsize = 5;
            fontratio = 1.5;
            fontslant = 0;
            fontstyle = 0;
            angle = 0;
            justify = LEFT;
            pen = -1;
        };

        text _tmp_11317
        {
            name = "Text_189";
            x1 = 81;
            y1 = 0;
            x2 = 81;
            y2 = 0;
            string = "\\t";
            fontname = "fixfont";
            fontcolor = 160;
            fonttype = 4;
            fontsize = 5;
            fontratio = 1.5;
            fontslant = 0;
            fontstyle = 0;
            angle = 0;
            justify = LEFT;
            pen = -1;
        };

        valuefield _tmp_11318
        {
            name = "ValueField_145";
            location = (83, 0);
            formula = "GetValue(\"DIM_C\")";
            datatype = DOUBLE;
            class = "Length";
            cacheable = TRUE;
            justify = RIGHT;
            visibility = TRUE;
            angle = 0;
            length = 7;
            decimals = 0;
            sortdirection = NONE;
            fontname = "Courier New";
            fontcolor = 153;
            fonttype = 2;
            fontsize = 1;
            fontratio = 1;
            fontstyle = 0;
            fontslant = 0;
            pen = -1;
            oncombine = NONE;
            unit = "mm";
        };

        text _tmp_11320
        {
            name = "Text_190";
            x1 = 90;
            y1 = 0;
            x2 = 90;
            y2 = 0;
            string = "\\t";
            fontname = "fixfont";
            fontcolor = 160;
            fonttype = 4;
            fontsize = 5;
            fontratio = 1.5;
            fontslant = 0;
            fontstyle = 0;
            angle = 0;
            justify = LEFT;
            pen = -1;
        };

        valuefield _tmp_11321
        {
            name = "ValueField_147";
            location = (92, 0);
            formula = "GetValue(\"DIM_D\")";
            datatype = DOUBLE;
            class = "Length";
            cacheable = TRUE;
            justify = RIGHT;
            visibility = TRUE;
            angle = 0;
            length = 7;
            decimals = 0;
            sortdirection = NONE;
            fontname = "Courier New";
            fontcolor = 153;
            fonttype = 2;
            fontsize = 1;
            fontratio = 1;
            fontstyle = 0;
            fontslant = 0;
            pen = -1;
            oncombine = NONE;
            unit = "mm";
        };

        text _tmp_11322
        {
            name = "Text_191";
            x1 = 99;
            y1 = 0;
            x2 = 99;
            y2 = 0;
            string = "\\t";
            fontname = "fixfont";
            fontcolor = 160;
            fonttype = 4;
            fontsize = 5;
            fontratio = 1.5;
            fontslant = 0;
            fontstyle = 0;
            angle = 0;
            justify = LEFT;
            pen = -1;
        };

        valuefield _tmp_11323
        {
            name = "ValueField_148";
            location = (101, 0);
            formula = "GetValue(\"DIM_E\")";
            datatype = DOUBLE;
            class = "Length";
            cacheable = TRUE;
            justify = RIGHT;
            visibility = TRUE;
            angle = 0;
            length = 7;
            decimals = 0;
            sortdirection = NONE;
            fontname = "Courier New";
            fontcolor = 153;
            fonttype = 2;
            fontsize = 1;
            fontratio = 1;
            fontstyle = 0;
            fontslant = 0;
            pen = -1;
            oncombine = NONE;
            unit = "mm";
        };

        text _tmp_11324
        {
            name = "Text_192";
            x1 = 108;
            y1 = 0;
            x2 = 108;
            y2 = 0;
            string = "\\t";
            fontname = "fixfont";
            fontcolor = 160;
            fonttype = 4;
            fontsize = 5;
            fontratio = 1.5;
            fontslant = 0;
            fontstyle = 0;
            angle = 0;
            justify = LEFT;
            pen = -1;
        };

        valuefield _tmp_11325
        {
            name = "ValueField_149";
            location = (119, 0);
            formula = "GetValue(\"DIM_G\")";
            datatype = DOUBLE;
            class = "Length";
            cacheable = TRUE;
            justify = RIGHT;
            visibility = TRUE;
            angle = 0;
            length = 7;
            decimals = 0;
            sortdirection = NONE;
            fontname = "Courier New";
            fontcolor = 153;
            fonttype = 2;
            fontsize = 1;
            fontratio = 1;
            fontstyle = 0;
            fontslant = 0;
            pen = -1;
            oncombine = NONE;
            unit = "mm";
        };

        text _tmp_11326
        {
            name = "Text_193";
            x1 = 117;
            y1 = 0;
            x2 = 117;
            y2 = 0;
            string = "\\t";
            fontname = "fixfont";
            fontcolor = 160;
            fonttype = 4;
            fontsize = 5;
            fontratio = 1.5;
            fontslant = 0;
            fontstyle = 0;
            angle = 0;
            justify = LEFT;
            pen = -1;
        };

        valuefield _tmp_11327
        {
            name = "ValueField_150";
            location = (128, 0);
            formula = "GetValue(\"DIM_H1\")";
            datatype = DOUBLE;
            class = "Length";
            cacheable = TRUE;
            justify = RIGHT;
            visibility = TRUE;
            angle = 0;
            length = 7;
            decimals = 0;
            sortdirection = NONE;
            fontname = "Courier New";
            fontcolor = 153;
            fonttype = 2;
            fontsize = 1;
            fontratio = 1;
            fontstyle = 0;
            fontslant = 0;
            pen = -1;
            oncombine = NONE;
            unit = "mm";
        };

        text _tmp_11328
        {
            name = "Text_194";
            x1 = 126;
            y1 = 0;
            x2 = 126;
            y2 = 0;
            string = "\\t";
            fontname = "fixfont";
            fontcolor = 160;
            fonttype = 4;
            fontsize = 5;
            fontratio = 1.5;
            fontslant = 0;
            fontstyle = 0;
            angle = 0;
            justify = LEFT;
            pen = -1;
        };

        valuefield _tmp_11329
        {
            name = "ValueField_151";
            location = (173, 0);
            formula = "GetValue(\"DIM_TD\")";
            datatype = DOUBLE;
            class = "Length";
            cacheable = TRUE;
            justify = RIGHT;
            visibility = TRUE;
            angle = 0;
            length = 7;
            decimals = 0;
            sortdirection = NONE;
            fontname = "Courier New";
            fontcolor = 153;
            fonttype = 2;
            fontsize = 1;
            fontratio = 1;
            fontstyle = 0;
            fontslant = 0;
            pen = -1;
            oncombine = NONE;
            unit = "mm";
        };

        text _tmp_11332
        {
            name = "Text_196";
            x1 = 180;
            y1 = 0;
            x2 = 180;
            y2 = 0;
            string = "\\t";
            fontname = "fixfont";
            fontcolor = 160;
            fonttype = 4;
            fontsize = 5;
            fontratio = 1.5;
            fontslant = 0;
            fontstyle = 0;
            angle = 0;
            justify = LEFT;
            pen = -1;
        };

        valuefield _tmp_11333
        {
            name = "무게38";
            location = (198, 0);
            formula = "GetFieldFormula(\"무게138\")*GetFieldFormula(\"몇개10\")";
            datatype = DOUBLE;
            class = "Weight";
            cacheable = TRUE;
            justify = RIGHT;
            visibility = TRUE;
            angle = 0;
            length = 7;
            decimals = 2;
            sortdirection = ASCENDING;
            fontname = "Courier New";
            fontcolor = 153;
            fonttype = 2;
            fontsize = 1;
            fontratio = 1;
            fontstyle = 0;
            fontslant = 0;
            pen = -1;
            oncombine = SUM;
            unit = "kg";
        };

        text _tmp_11334
        {
            name = "Text_197";
            x1 = 193;
            y1 = 0;
            x2 = 193;
            y2 = 0;
            string = "\\t";
            fontname = "fixfont";
            fontcolor = 160;
            fonttype = 4;
            fontsize = 5;
            fontratio = 1.5;
            fontslant = 0;
            fontstyle = 0;
            angle = 0;
            justify = LEFT;
            pen = -1;
        };

        valuefield _tmp_11335
        {
            name = "지름38";
            location = (207, 0);
            formula = "GetFieldFormula(\"길이1\")*GetFieldFormula(\"몇개\")";
            datatype = DOUBLE;
            class = "Length";
            cacheable = TRUE;
            justify = RIGHT;
            visibility = FALSE;
            angle = 0;
            length = 4;
            decimals = 2;
            sortdirection = ASCENDING;
            fontname = "Courier New";
            fontcolor = 153;
            fonttype = 2;
            fontsize = 1;
            fontratio = 1;
            fontstyle = 0;
            fontslant = 0;
            pen = -1;
            oncombine = SUM;
            unit = "m";
        };

        valuefield _tmp_2602
        {
            name = "무게138";
            location = (185, 0);
            formula = "(GetFieldFormula(\"길이10\")*8.95)/1000 ";
            datatype = DOUBLE;
            class = "Weight";
            cacheable = TRUE;
            justify = RIGHT;
            visibility = TRUE;
            angle = 0;
            length = 7;
            decimals = 2;
            sortdirection = ASCENDING;
            fontname = "Courier New";
            fontcolor = 153;
            fonttype = 2;
            fontsize = 1;
            fontratio = 1;
            fontstyle = 0;
            fontslant = 0;
            pen = -1;
            oncombine = NONE;
            unit = "kg";
        };

        valuefield _tmp_23
        {
            name = "ValueField_103";
            location = (110, 0);
            formula = "GetValue(\"DIM_F\")";
            datatype = DOUBLE;
            class = "Length";
            cacheable = TRUE;
            justify = RIGHT;
            visibility = TRUE;
            angle = 0;
            length = 7;
            decimals = 0;
            sortdirection = NONE;
            fontname = "Courier New";
            fontcolor = 153;
            fonttype = 2;
            fontsize = 1;
            fontratio = 1;
            fontstyle = 0;
            fontslant = 0;
            pen = -1;
            oncombine = NONE;
            unit = "mm";
        };

        text _tmp_60299
        {
            name = "Text_254";
            x1 = 135;
            y1 = 0;
            x2 = 135;
            y2 = 0;
            string = "\\t";
            fontname = "fixfont";
            fontcolor = 160;
            fonttype = 4;
            fontsize = 5;
            fontratio = 1.5;
            fontslant = 0;
            fontstyle = 0;
            angle = 0;
            justify = LEFT;
            pen = -1;
        };

        valuefield _tmp_61423
        {
            name = "ValueField_171";
            location = (137, 0);
            formula = "GetValue(\"DIM_J\")";
            datatype = DOUBLE;
            class = "Length";
            cacheable = TRUE;
            justify = RIGHT;
            visibility = TRUE;
            angle = 0;
            length = 7;
            decimals = 0;
            sortdirection = NONE;
            fontname = "Courier New";
            fontcolor = 153;
            fonttype = 2;
            fontsize = 1;
            fontratio = 1;
            fontstyle = 0;
            fontslant = 0;
            pen = -1;
            oncombine = NONE;
            unit = "mm";
        };

        text _tmp_61424
        {
            name = "Text_264";
            x1 = 144;
            y1 = 0;
            x2 = 144;
            y2 = 0;
            string = "\\t";
            fontname = "fixfont";
            fontcolor = 160;
            fonttype = 4;
            fontsize = 5;
            fontratio = 1.5;
            fontslant = 0;
            fontstyle = 0;
            angle = 0;
            justify = LEFT;
            pen = -1;
        };

        valuefield _tmp_64382
        {
            name = "ValueField_195";
            location = (146, 0);
            formula = "GetValue(\"DIM_K1\")";
            datatype = DOUBLE;
            class = "Length";
            cacheable = TRUE;
            justify = RIGHT;
            visibility = TRUE;
            angle = 0;
            length = 7;
            decimals = 0;
            sortdirection = NONE;
            fontname = "Courier New";
            fontcolor = 153;
            fonttype = 2;
            fontsize = 1;
            fontratio = 1;
            fontstyle = 0;
            fontslant = 0;
            pen = -1;
            oncombine = NONE;
            unit = "mm";
        };

        text _tmp_64383
        {
            name = "Text_278";
            x1 = 153;
            y1 = 0;
            x2 = 153;
            y2 = 0;
            string = "\\t";
            fontname = "fixfont";
            fontcolor = 160;
            fonttype = 4;
            fontsize = 5;
            fontratio = 1.5;
            fontslant = 0;
            fontstyle = 0;
            angle = 0;
            justify = LEFT;
            pen = -1;
        };

        valuefield _tmp_64836
        {
            name = "ValueField_206";
            location = (155, 0);
            formula = "GetValue(\"DIM_O\")";
            datatype = DOUBLE;
            class = "Length";
            cacheable = TRUE;
            justify = RIGHT;
            visibility = TRUE;
            angle = 0;
            length = 7;
            decimals = 0;
            sortdirection = NONE;
            fontname = "Courier New";
            fontcolor = 153;
            fonttype = 2;
            fontsize = 1;
            fontratio = 1;
            fontstyle = 0;
            fontslant = 0;
            pen = -1;
            oncombine = NONE;
            unit = "mm";
        };

        text _tmp_64837
        {
            name = "Text_290";
            x1 = 162;
            y1 = 0;
            x2 = 162;
            y2 = 0;
            string = "\\t";
            fontname = "fixfont";
            fontcolor = 160;
            fonttype = 4;
            fontsize = 5;
            fontratio = 1.5;
            fontslant = 0;
            fontstyle = 0;
            angle = 0;
            justify = LEFT;
            pen = -1;
        };

        valuefield _tmp_65292
        {
            name = "ValueField_217";
            location = (164, 0);
            formula = "GetValue(\"DIM_R\")";
            datatype = DOUBLE;
            class = "Length";
            cacheable = TRUE;
            justify = RIGHT;
            visibility = TRUE;
            angle = 0;
            length = 7;
            decimals = 0;
            sortdirection = NONE;
            fontname = "Courier New";
            fontcolor = 153;
            fonttype = 2;
            fontsize = 1;
            fontratio = 1;
            fontstyle = 0;
            fontslant = 0;
            pen = -1;
            oncombine = NONE;
            unit = "mm";
        };

        text _tmp_65293
        {
            name = "Text_195";
            x1 = 171;
            y1 = 0;
            x2 = 171;
            y2 = 0;
            string = "\\t";
            fontname = "fixfont";
            fontcolor = 160;
            fonttype = 4;
            fontsize = 5;
            fontratio = 1.5;
            fontslant = 0;
            fontstyle = 0;
            angle = 0;
            justify = LEFT;
            pen = -1;
        };

        valuefield _tmp_31644
        {
            name = "합길이10";
            location = (47, 0);
            formula = "GetFieldFormula(\"길이10\")*GetFieldFormula(\"몇개10\")";
            datatype = DOUBLE;
            class = "Length";
            cacheable = TRUE;
            justify = RIGHT;
            visibility = TRUE;
            angle = 0;
            length = 5;
            decimals = 2;
            sortdirection = ASCENDING;
            fontname = "Arial";
            fontcolor = 153;
            fonttype = 2;
            fontsize = 1;
            fontratio = 1;
            fontstyle = 0;
            fontslant = 0;
            pen = -1;
            oncombine = SUM;
            unit = "m";
        };
    };

    row _tmp_11765
    {
        name = "D38합";
        height = 1;
        visibility = TRUE;
        usecolumns = FALSE;
        rule = "if (GetValue(\"SIZE\") == \"38\") then\r\n  Output()\r\nelse\r\n  StepOver()\r\nendif\r\n";
        contenttype = "REBAR";
        sorttype = COMBINE;

        valuefield _tmp_11766
        {
            name = "138";
            location = (40, 0);
            formula = "Sum(\"합길이10\")";
            datatype = DOUBLE;
            class = "Length";
            cacheable = TRUE;
            justify = RIGHT;
            visibility = TRUE;
            angle = 0;
            length = 10;
            decimals = 2;
            sortdirection = NONE;
            fontname = "Arial";
            fontcolor = 153;
            fonttype = 2;
            fontsize = 1;
            fontratio = 1;
            fontstyle = 0;
            fontslant = 0;
            pen = -1;
            oncombine = SUM;
            unit = "m";
        };

        text _tmp_11767
        {
            name = "Text_198";
            x1 = 29;
            y1 = 0;
            x2 = 29;
            y2 = 0;
            string = "중간길이합:";
            fontname = "Arial";
            fontcolor = 153;
            fonttype = 2;
            fontsize = 1;
            fontratio = 1;
            fontslant = 0;
            fontstyle = 0;
            angle = 0;
            justify = LEFT;
            pen = -1;
        };

        text _tmp_11768
        {
            name = "Text_199";
            x1 = 144;
            y1 = 0;
            x2 = 144;
            y2 = 0;
            string = "중간무게합:";
            fontname = "Arial";
            fontcolor = 153;
            fonttype = 2;
            fontsize = 1;
            fontratio = 1;
            fontslant = 0;
            fontstyle = 0;
            angle = 0;
            justify = LEFT;
            pen = -1;
        };

        valuefield _tmp_11769
        {
            name = "10";
            location = (155, 0);
            formula = "Sum(\"무게38\")";
            datatype = DOUBLE;
            class = "Weight";
            cacheable = TRUE;
            justify = RIGHT;
            visibility = TRUE;
            angle = 0;
            length = 10;
            decimals = 2;
            sortdirection = NONE;
            fontname = "Arial";
            fontcolor = 153;
            fonttype = 2;
            fontsize = 1;
            fontratio = 1;
            fontstyle = 0;
            fontslant = 0;
            pen = -1;
            oncombine = NONE;
            unit = "kg";
        };
    };

    row _tmp_12230
    {
        name = "D41";
        height = 1;
        visibility = TRUE;
        usecolumns = FALSE;
        rule = "if (GetValue(\"SIZE\") == \"41\") then\r\n  Output()\r\nelse\r\n  StepOver()\r\nendif\r\n";
        contenttype = "REBAR";
        sorttype = COMBINE;

        valuefield _tmp_12231
        {
            name = "ValueField_155";
            location = (0, 0);
            formula = "GetValue(\"SHAPE\")";
            datatype = STRING;
            class = "";
            cacheable = TRUE;
            justify = RIGHT;
            visibility = TRUE;
            angle = 0;
            length = 3;
            decimals = 0;
            sortdirection = ASCENDING;
            fontname = "Arial";
            fontcolor = 153;
            fonttype = 2;
            fontsize = 1;
            fontratio = 1;
            fontstyle = 0;
            fontslant = 0;
            pen = -1;
            oncombine = NONE;
        };

        valuefield _tmp_12247
        {
            name = "ValueField_163";
            location = (7, 0);
            formula = "GetValue(\"REBAR_POS\")";
            datatype = STRING;
            class = "";
            cacheable = TRUE;
            justify = RIGHT;
            visibility = TRUE;
            angle = 0;
            length = 6;
            sortdirection = ASCENDING;
            fontname = "Arial";
            fontcolor = 153;
            fonttype = 2;
            fontsize = 1;
            fontratio = 1;
            fontstyle = 0;
            fontslant = 0;
            pen = -1;
            oncombine = NONE;
        };

        valuefield _tmp_12232
        {
            name = "크기41";
            location = (28, 0);
            formula = "GetValue(\"SIZE\")";
            datatype = STRING;
            class = "";
            cacheable = TRUE;
            justify = RIGHT;
            visibility = TRUE;
            angle = 0;
            length = 5;
            decimals = 0;
            sortdirection = ASCENDING;
            fontname = "Arial";
            fontcolor = 153;
            fonttype = 2;
            fontsize = 1;
            fontratio = 1;
            fontstyle = 0;
            fontslant = 0;
            pen = -1;
            oncombine = NONE;
        };

        valuefield _tmp_12233
        {
            name = "ValueField_157";
            location = (18, 0);
            formula = "GetValue(\"GRADE\")";
            datatype = STRING;
            class = "";
            cacheable = TRUE;
            justify = RIGHT;
            visibility = TRUE;
            angle = 0;
            length = 5;
            sortdirection = ASCENDING;
            fontname = "Arial";
            fontcolor = 153;
            fonttype = 2;
            fontsize = 1;
            fontratio = 1;
            fontstyle = 0;
            fontslant = 0;
            pen = -1;
            oncombine = NONE;
        };

        text _tmp_12234
        {
            name = "Text_200";
            x1 = 4;
            y1 = 0;
            x2 = 4;
            y2 = 0;
            string = "\\t";
            fontname = "fixfont";
            fontcolor = 160;
            fonttype = 4;
            fontsize = 5;
            fontratio = 1.5;
            fontslant = 0;
            fontstyle = 0;
            angle = 0;
            justify = LEFT;
            pen = -1;
        };

        text _tmp_12235
        {
            name = "Text_201";
            x1 = 15;
            y1 = 0;
            x2 = 15;
            y2 = 0;
            string = "\\t";
            fontname = "fixfont";
            fontcolor = 160;
            fonttype = 4;
            fontsize = 5;
            fontratio = 1.5;
            fontslant = 0;
            fontstyle = 0;
            angle = 0;
            justify = LEFT;
            pen = -1;
        };

        text _tmp_12236
        {
            name = "Text_202";
            x1 = 24;
            y1 = 0;
            x2 = 24;
            y2 = 0;
            string = "\\t";
            fontname = "fixfont";
            fontcolor = 160;
            fonttype = 4;
            fontsize = 5;
            fontratio = 1.5;
            fontslant = 0;
            fontstyle = 0;
            angle = 0;
            justify = LEFT;
            pen = -1;
        };

        text _tmp_12237
        {
            name = "Text_203";
            x1 = 34;
            y1 = 0;
            x2 = 34;
            y2 = 0;
            string = "\\t";
            fontname = "fixfont";
            fontcolor = 160;
            fonttype = 4;
            fontsize = 5;
            fontratio = 1.5;
            fontslant = 0;
            fontstyle = 0;
            angle = 0;
            justify = LEFT;
            pen = -1;
        };

        valuefield _tmp_12238
        {
            name = "몇개11";
            location = (37, 0);
            formula = "GetValue(\"NUMBER\")";
            datatype = INTEGER;
            class = "";
            cacheable = TRUE;
            justify = RIGHT;
            visibility = TRUE;
            angle = 0;
            length = 5;
            decimals = 0;
            sortdirection = ASCENDING;
            fontname = "Arial";
            fontcolor = 153;
            fonttype = 2;
            fontsize = 1;
            fontratio = 1;
            fontstyle = 0;
            fontslant = 0;
            pen = -1;
            oncombine = SUM;
        };

        text _tmp_12239
        {
            name = "Text_204";
            x1 = 43;
            y1 = 0;
            x2 = 43;
            y2 = 0;
            string = "\\t";
            fontname = "fixfont";
            fontcolor = 160;
            fonttype = 4;
            fontsize = 5;
            fontratio = 1.5;
            fontslant = 0;
            fontstyle = 0;
            angle = 0;
            justify = LEFT;
            pen = -1;
        };

        valuefield _tmp_12240
        {
            name = "길이11";
            location = (57, 0);
            formula = "GetValue(\"DIM_A\")+GetValue(\"DIM_B\")+GetValue(\"DIM_C\")+GetValue(\"DIM_D\")+GetValue(\"DIM_E\")+GetValue(\"DIM_F\")+GetValue(\"DIM_G\")";
            datatype = DOUBLE;
            class = "Length";
            cacheable = TRUE;
            justify = RIGHT;
            visibility = TRUE;
            angle = 0;
            length = 5;
            decimals = 2;
            sortdirection = ASCENDING;
            fontname = "Arial";
            fontcolor = 153;
            fonttype = 2;
            fontsize = 1;
            fontratio = 1;
            fontstyle = 0;
            fontslant = 0;
            pen = -1;
            oncombine = NONE;
            unit = "m";
        };

        text _tmp_12241
        {
            name = "Text_205";
            x1 = 63;
            y1 = 0;
            x2 = 63;
            y2 = 0;
            string = "\\t";
            fontname = "fixfont";
            fontcolor = 160;
            fonttype = 4;
            fontsize = 5;
            fontratio = 1.5;
            fontslant = 0;
            fontstyle = 0;
            angle = 0;
            justify = LEFT;
            pen = -1;
        };

        valuefield _tmp_12242
        {
            name = "ValueField_160";
            location = (65, 0);
            formula = "GetValue(\"DIM_A\")";
            datatype = DOUBLE;
            class = "Length";
            cacheable = TRUE;
            justify = RIGHT;
            visibility = TRUE;
            angle = 0;
            length = 7;
            decimals = 0;
            sortdirection = NONE;
            fontname = "Arial";
            fontcolor = 153;
            fonttype = 2;
            fontsize = 1;
            fontratio = 1;
            fontstyle = 0;
            fontslant = 0;
            pen = -1;
            oncombine = NONE;
            unit = "mm";
        };

        valuefield _tmp_12243
        {
            name = "ValueField_161";
            location = (74, 0);
            formula = "GetValue(\"DIM_B\")";
            datatype = DOUBLE;
            class = "Length";
            cacheable = TRUE;
            justify = RIGHT;
            visibility = TRUE;
            angle = 0;
            length = 7;
            decimals = 0;
            sortdirection = NONE;
            fontname = "Arial";
            fontcolor = 153;
            fonttype = 2;
            fontsize = 1;
            fontratio = 1;
            fontstyle = 0;
            fontslant = 0;
            pen = -1;
            oncombine = NONE;
            unit = "mm";
        };

        text _tmp_12244
        {
            name = "Text_206";
            x1 = 72;
            y1 = 0;
            x2 = 72;
            y2 = 0;
            string = "\\t";
            fontname = "fixfont";
            fontcolor = 160;
            fonttype = 4;
            fontsize = 5;
            fontratio = 1.5;
            fontslant = 0;
            fontstyle = 0;
            angle = 0;
            justify = LEFT;
            pen = -1;
        };

        text _tmp_12245
        {
            name = "Text_207";
            x1 = 81;
            y1 = 0;
            x2 = 81;
            y2 = 0;
            string = "\\t";
            fontname = "fixfont";
            fontcolor = 160;
            fonttype = 4;
            fontsize = 5;
            fontratio = 1.5;
            fontslant = 0;
            fontstyle = 0;
            angle = 0;
            justify = LEFT;
            pen = -1;
        };

        valuefield _tmp_12246
        {
            name = "ValueField_162";
            location = (83, 0);
            formula = "GetValue(\"DIM_C\")";
            datatype = DOUBLE;
            class = "Length";
            cacheable = TRUE;
            justify = RIGHT;
            visibility = TRUE;
            angle = 0;
            length = 7;
            decimals = 0;
            sortdirection = NONE;
            fontname = "Courier New";
            fontcolor = 153;
            fonttype = 2;
            fontsize = 1;
            fontratio = 1;
            fontstyle = 0;
            fontslant = 0;
            pen = -1;
            oncombine = NONE;
            unit = "mm";
        };

        text _tmp_12248
        {
            name = "Text_208";
            x1 = 90;
            y1 = 0;
            x2 = 90;
            y2 = 0;
            string = "\\t";
            fontname = "fixfont";
            fontcolor = 160;
            fonttype = 4;
            fontsize = 5;
            fontratio = 1.5;
            fontslant = 0;
            fontstyle = 0;
            angle = 0;
            justify = LEFT;
            pen = -1;
        };

        valuefield _tmp_12249
        {
            name = "ValueField_164";
            location = (92, 0);
            formula = "GetValue(\"DIM_D\")";
            datatype = DOUBLE;
            class = "Length";
            cacheable = TRUE;
            justify = RIGHT;
            visibility = TRUE;
            angle = 0;
            length = 7;
            decimals = 0;
            sortdirection = NONE;
            fontname = "Courier New";
            fontcolor = 153;
            fonttype = 2;
            fontsize = 1;
            fontratio = 1;
            fontstyle = 0;
            fontslant = 0;
            pen = -1;
            oncombine = NONE;
            unit = "mm";
        };

        text _tmp_12250
        {
            name = "Text_209";
            x1 = 99;
            y1 = 0;
            x2 = 99;
            y2 = 0;
            string = "\\t";
            fontname = "fixfont";
            fontcolor = 160;
            fonttype = 4;
            fontsize = 5;
            fontratio = 1.5;
            fontslant = 0;
            fontstyle = 0;
            angle = 0;
            justify = LEFT;
            pen = -1;
        };

        valuefield _tmp_12251
        {
            name = "ValueField_165";
            location = (101, 0);
            formula = "GetValue(\"DIM_E\")";
            datatype = DOUBLE;
            class = "Length";
            cacheable = TRUE;
            justify = RIGHT;
            visibility = TRUE;
            angle = 0;
            length = 7;
            decimals = 0;
            sortdirection = NONE;
            fontname = "Courier New";
            fontcolor = 153;
            fonttype = 2;
            fontsize = 1;
            fontratio = 1;
            fontstyle = 0;
            fontslant = 0;
            pen = -1;
            oncombine = NONE;
            unit = "mm";
        };

        text _tmp_12252
        {
            name = "Text_210";
            x1 = 108;
            y1 = 0;
            x2 = 108;
            y2 = 0;
            string = "\\t";
            fontname = "fixfont";
            fontcolor = 160;
            fonttype = 4;
            fontsize = 5;
            fontratio = 1.5;
            fontslant = 0;
            fontstyle = 0;
            angle = 0;
            justify = LEFT;
            pen = -1;
        };

        valuefield _tmp_12253
        {
            name = "ValueField_166";
            location = (119, 0);
            formula = "GetValue(\"DIM_G\")";
            datatype = DOUBLE;
            class = "Length";
            cacheable = TRUE;
            justify = RIGHT;
            visibility = TRUE;
            angle = 0;
            length = 7;
            decimals = 0;
            sortdirection = NONE;
            fontname = "Courier New";
            fontcolor = 153;
            fonttype = 2;
            fontsize = 1;
            fontratio = 1;
            fontstyle = 0;
            fontslant = 0;
            pen = -1;
            oncombine = NONE;
            unit = "mm";
        };

        text _tmp_12254
        {
            name = "Text_211";
            x1 = 117;
            y1 = 0;
            x2 = 117;
            y2 = 0;
            string = "\\t";
            fontname = "fixfont";
            fontcolor = 160;
            fonttype = 4;
            fontsize = 5;
            fontratio = 1.5;
            fontslant = 0;
            fontstyle = 0;
            angle = 0;
            justify = LEFT;
            pen = -1;
        };

        valuefield _tmp_12255
        {
            name = "ValueField_167";
            location = (128, 0);
            formula = "GetValue(\"DIM_H1\")";
            datatype = DOUBLE;
            class = "Length";
            cacheable = TRUE;
            justify = RIGHT;
            visibility = TRUE;
            angle = 0;
            length = 7;
            decimals = 0;
            sortdirection = NONE;
            fontname = "Courier New";
            fontcolor = 153;
            fonttype = 2;
            fontsize = 1;
            fontratio = 1;
            fontstyle = 0;
            fontslant = 0;
            pen = -1;
            oncombine = NONE;
            unit = "mm";
        };

        text _tmp_12256
        {
            name = "Text_212";
            x1 = 126;
            y1 = 0;
            x2 = 126;
            y2 = 0;
            string = "\\t";
            fontname = "fixfont";
            fontcolor = 160;
            fonttype = 4;
            fontsize = 5;
            fontratio = 1.5;
            fontslant = 0;
            fontstyle = 0;
            angle = 0;
            justify = LEFT;
            pen = -1;
        };

        valuefield _tmp_12257
        {
            name = "ValueField_168";
            location = (173, 0);
            formula = "GetValue(\"DIM_TD\")";
            datatype = DOUBLE;
            class = "Length";
            cacheable = TRUE;
            justify = RIGHT;
            visibility = TRUE;
            angle = 0;
            length = 7;
            decimals = 0;
            sortdirection = NONE;
            fontname = "Courier New";
            fontcolor = 153;
            fonttype = 2;
            fontsize = 1;
            fontratio = 1;
            fontstyle = 0;
            fontslant = 0;
            pen = -1;
            oncombine = NONE;
            unit = "mm";
        };

        text _tmp_12260
        {
            name = "Text_214";
            x1 = 180;
            y1 = 0;
            x2 = 180;
            y2 = 0;
            string = "\\t";
            fontname = "fixfont";
            fontcolor = 160;
            fonttype = 4;
            fontsize = 5;
            fontratio = 1.5;
            fontslant = 0;
            fontstyle = 0;
            angle = 0;
            justify = LEFT;
            pen = -1;
        };

        valuefield _tmp_12261
        {
            name = "무게41";
            location = (198, 0);
            formula = "GetFieldFormula(\"무게141\")*GetFieldFormula(\"몇개11\")";
            datatype = DOUBLE;
            class = "Weight";
            cacheable = TRUE;
            justify = RIGHT;
            visibility = TRUE;
            angle = 0;
            length = 7;
            decimals = 2;
            sortdirection = ASCENDING;
            fontname = "Courier New";
            fontcolor = 153;
            fonttype = 2;
            fontsize = 1;
            fontratio = 1;
            fontstyle = 0;
            fontslant = 0;
            pen = -1;
            oncombine = SUM;
            unit = "kg";
        };

        text _tmp_12262
        {
            name = "Text_215";
            x1 = 193;
            y1 = 0;
            x2 = 193;
            y2 = 0;
            string = "\\t";
            fontname = "fixfont";
            fontcolor = 160;
            fonttype = 4;
            fontsize = 5;
            fontratio = 1.5;
            fontslant = 0;
            fontstyle = 0;
            angle = 0;
            justify = LEFT;
            pen = -1;
        };

        valuefield _tmp_12263
        {
            name = "지름41";
            location = (207, 0);
            formula = "GetFieldFormula(\"길이1\")*GetFieldFormula(\"몇개\")";
            datatype = DOUBLE;
            class = "Length";
            cacheable = TRUE;
            justify = RIGHT;
            visibility = FALSE;
            angle = 0;
            length = 4;
            decimals = 2;
            sortdirection = ASCENDING;
            fontname = "Courier New";
            fontcolor = 153;
            fonttype = 2;
            fontsize = 1;
            fontratio = 1;
            fontstyle = 0;
            fontslant = 0;
            pen = -1;
            oncombine = SUM;
            unit = "m";
        };

        valuefield _tmp_2603
        {
            name = "무게141";
            location = (185, 0);
            formula = "(GetFieldFormula(\"길이11\")*10.5)/1000 ";
            datatype = DOUBLE;
            class = "Weight";
            cacheable = TRUE;
            justify = RIGHT;
            visibility = TRUE;
            angle = 0;
            length = 7;
            decimals = 2;
            sortdirection = ASCENDING;
            fontname = "Courier New";
            fontcolor = 153;
            fonttype = 2;
            fontsize = 1;
            fontratio = 1;
            fontstyle = 0;
            fontslant = 0;
            pen = -1;
            oncombine = NONE;
            unit = "kg";
        };

        valuefield _tmp_24
        {
            name = "ValueField_118";
            location = (110, 0);
            formula = "GetValue(\"DIM_F\")";
            datatype = DOUBLE;
            class = "Length";
            cacheable = TRUE;
            justify = RIGHT;
            visibility = TRUE;
            angle = 0;
            length = 7;
            decimals = 0;
            sortdirection = NONE;
            fontname = "Courier New";
            fontcolor = 153;
            fonttype = 2;
            fontsize = 1;
            fontratio = 1;
            fontstyle = 0;
            fontslant = 0;
            pen = -1;
            oncombine = NONE;
            unit = "mm";
        };

        text _tmp_61432
        {
            name = "Text_265";
            x1 = 135;
            y1 = 0;
            x2 = 135;
            y2 = 0;
            string = "\\t";
            fontname = "fixfont";
            fontcolor = 160;
            fonttype = 4;
            fontsize = 5;
            fontratio = 1.5;
            fontslant = 0;
            fontstyle = 0;
            angle = 0;
            justify = LEFT;
            pen = -1;
        };

        valuefield _tmp_61433
        {
            name = "ValueField_186";
            location = (137, 0);
            formula = "GetValue(\"DIM_J\")";
            datatype = DOUBLE;
            class = "Length";
            cacheable = TRUE;
            justify = RIGHT;
            visibility = TRUE;
            angle = 0;
            length = 7;
            decimals = 0;
            sortdirection = NONE;
            fontname = "Courier New";
            fontcolor = 153;
            fonttype = 2;
            fontsize = 1;
            fontratio = 1;
            fontstyle = 0;
            fontslant = 0;
            pen = -1;
            oncombine = NONE;
            unit = "mm";
        };

        text _tmp_61434
        {
            name = "Text_266";
            x1 = 144;
            y1 = 0;
            x2 = 144;
            y2 = 0;
            string = "\\t";
            fontname = "fixfont";
            fontcolor = 160;
            fonttype = 4;
            fontsize = 5;
            fontratio = 1.5;
            fontslant = 0;
            fontstyle = 0;
            angle = 0;
            justify = LEFT;
            pen = -1;
        };

        valuefield _tmp_64384
        {
            name = "ValueField_196";
            location = (146, 0);
            formula = "GetValue(\"DIM_K1\")";
            datatype = DOUBLE;
            class = "Length";
            cacheable = TRUE;
            justify = RIGHT;
            visibility = TRUE;
            angle = 0;
            length = 7;
            decimals = 0;
            sortdirection = NONE;
            fontname = "Courier New";
            fontcolor = 153;
            fonttype = 2;
            fontsize = 1;
            fontratio = 1;
            fontstyle = 0;
            fontslant = 0;
            pen = -1;
            oncombine = NONE;
            unit = "mm";
        };

        text _tmp_64385
        {
            name = "Text_279";
            x1 = 153;
            y1 = 0;
            x2 = 153;
            y2 = 0;
            string = "\\t";
            fontname = "fixfont";
            fontcolor = 160;
            fonttype = 4;
            fontsize = 5;
            fontratio = 1.5;
            fontslant = 0;
            fontstyle = 0;
            angle = 0;
            justify = LEFT;
            pen = -1;
        };

        valuefield _tmp_64838
        {
            name = "ValueField_207";
            location = (155, 0);
            formula = "GetValue(\"DIM_O\")";
            datatype = DOUBLE;
            class = "Length";
            cacheable = TRUE;
            justify = RIGHT;
            visibility = TRUE;
            angle = 0;
            length = 7;
            decimals = 0;
            sortdirection = NONE;
            fontname = "Courier New";
            fontcolor = 153;
            fonttype = 2;
            fontsize = 1;
            fontratio = 1;
            fontstyle = 0;
            fontslant = 0;
            pen = -1;
            oncombine = NONE;
            unit = "mm";
        };

        text _tmp_64839
        {
            name = "Text_291";
            x1 = 162;
            y1 = 0;
            x2 = 162;
            y2 = 0;
            string = "\\t";
            fontname = "fixfont";
            fontcolor = 160;
            fonttype = 4;
            fontsize = 5;
            fontratio = 1.5;
            fontslant = 0;
            fontstyle = 0;
            angle = 0;
            justify = LEFT;
            pen = -1;
        };

        valuefield _tmp_65294
        {
            name = "ValueField_218";
            location = (164, 0);
            formula = "GetValue(\"DIM_R\")";
            datatype = DOUBLE;
            class = "Length";
            cacheable = TRUE;
            justify = RIGHT;
            visibility = TRUE;
            angle = 0;
            length = 7;
            decimals = 0;
            sortdirection = NONE;
            fontname = "Courier New";
            fontcolor = 153;
            fonttype = 2;
            fontsize = 1;
            fontratio = 1;
            fontstyle = 0;
            fontslant = 0;
            pen = -1;
            oncombine = NONE;
            unit = "mm";
        };

        text _tmp_65295
        {
            name = "Text_213";
            x1 = 171;
            y1 = 0;
            x2 = 171;
            y2 = 0;
            string = "\\t";
            fontname = "fixfont";
            fontcolor = 160;
            fonttype = 4;
            fontsize = 5;
            fontratio = 1.5;
            fontslant = 0;
            fontstyle = 0;
            angle = 0;
            justify = LEFT;
            pen = -1;
        };

        valuefield _tmp_31645
        {
            name = "합길이11";
            location = (47, 0);
            formula = "GetFieldFormula(\"길이11\")*GetFieldFormula(\"몇개11\")";
            datatype = DOUBLE;
            class = "Length";
            cacheable = TRUE;
            justify = RIGHT;
            visibility = TRUE;
            angle = 0;
            length = 5;
            decimals = 2;
            sortdirection = ASCENDING;
            fontname = "Arial";
            fontcolor = 153;
            fonttype = 2;
            fontsize = 1;
            fontratio = 1;
            fontstyle = 0;
            fontslant = 0;
            pen = -1;
            oncombine = SUM;
            unit = "m";
        };
    };

    row _tmp_12712
    {
        name = "D41합";
        height = 1;
        visibility = TRUE;
        usecolumns = FALSE;
        rule = "if (GetValue(\"SIZE\") == \"41\") then\r\n  Output()\r\nelse\r\n  StepOver()\r\nendif\r\n";
        contenttype = "REBAR";
        sorttype = COMBINE;

        valuefield _tmp_12713
        {
            name = "141";
            location = (40, 0);
            formula = "Sum(\"합길이11\")";
            datatype = DOUBLE;
            class = "Length";
            cacheable = TRUE;
            justify = RIGHT;
            visibility = TRUE;
            angle = 0;
            length = 10;
            decimals = 2;
            sortdirection = NONE;
            fontname = "Arial";
            fontcolor = 153;
            fonttype = 2;
            fontsize = 1;
            fontratio = 1;
            fontstyle = 0;
            fontslant = 0;
            pen = -1;
            oncombine = SUM;
            unit = "m";
        };

        text _tmp_12714
        {
            name = "Text_216";
            x1 = 29;
            y1 = 0;
            x2 = 29;
            y2 = 0;
            string = "중간길이합:";
            fontname = "Arial";
            fontcolor = 153;
            fonttype = 2;
            fontsize = 1;
            fontratio = 1;
            fontslant = 0;
            fontstyle = 0;
            angle = 0;
            justify = LEFT;
            pen = -1;
        };

        text _tmp_12715
        {
            name = "Text_217";
            x1 = 144;
            y1 = 0;
            x2 = 144;
            y2 = 0;
            string = "중간무게합:";
            fontname = "Arial";
            fontcolor = 153;
            fonttype = 2;
            fontsize = 1;
            fontratio = 1;
            fontslant = 0;
            fontstyle = 0;
            angle = 0;
            justify = LEFT;
            pen = -1;
        };

        valuefield _tmp_12716
        {
            name = "11";
            location = (155, 0);
            formula = "Sum(\"무게41\")";
            datatype = DOUBLE;
            class = "Weight";
            cacheable = TRUE;
            justify = RIGHT;
            visibility = TRUE;
            angle = 0;
            length = 10;
            decimals = 2;
            sortdirection = NONE;
            fontname = "Arial";
            fontcolor = 153;
            fonttype = 2;
            fontsize = 1;
            fontratio = 1;
            fontstyle = 0;
            fontslant = 0;
            pen = -1;
            oncombine = NONE;
            unit = "kg";
        };
    };

    row _tmp_13196
    {
        name = "D51";
        height = 1;
        visibility = TRUE;
        usecolumns = FALSE;
        rule = "if (GetValue(\"SIZE\") == \"51\") then\r\n  Output()\r\nelse\r\n  StepOver()\r\nendif\r\n";
        contenttype = "REBAR";
        sorttype = COMBINE;

        valuefield _tmp_13197
        {
            name = "ValueField_172";
            location = (0, 0);
            formula = "GetValue(\"SHAPE\")";
            datatype = STRING;
            class = "";
            cacheable = TRUE;
            justify = RIGHT;
            visibility = TRUE;
            angle = 0;
            length = 3;
            decimals = 0;
            sortdirection = ASCENDING;
            fontname = "Arial";
            fontcolor = 153;
            fonttype = 2;
            fontsize = 1;
            fontratio = 1;
            fontstyle = 0;
            fontslant = 0;
            pen = -1;
            oncombine = NONE;
        };

        valuefield _tmp_13213
        {
            name = "ValueField_180";
            location = (7, 0);
            formula = "GetValue(\"REBAR_POS\")";
            datatype = STRING;
            class = "";
            cacheable = TRUE;
            justify = RIGHT;
            visibility = TRUE;
            angle = 0;
            length = 6;
            sortdirection = ASCENDING;
            fontname = "Arial";
            fontcolor = 153;
            fonttype = 2;
            fontsize = 1;
            fontratio = 1;
            fontstyle = 0;
            fontslant = 0;
            pen = -1;
            oncombine = NONE;
        };

        valuefield _tmp_13198
        {
            name = "크기51";
            location = (28, 0);
            formula = "GetValue(\"SIZE\")";
            datatype = STRING;
            class = "";
            cacheable = TRUE;
            justify = RIGHT;
            visibility = TRUE;
            angle = 0;
            length = 5;
            decimals = 0;
            sortdirection = ASCENDING;
            fontname = "Arial";
            fontcolor = 153;
            fonttype = 2;
            fontsize = 1;
            fontratio = 1;
            fontstyle = 0;
            fontslant = 0;
            pen = -1;
            oncombine = NONE;
        };

        valuefield _tmp_13199
        {
            name = "ValueField_174";
            location = (18, 0);
            formula = "GetValue(\"GRADE\")";
            datatype = STRING;
            class = "";
            cacheable = TRUE;
            justify = RIGHT;
            visibility = TRUE;
            angle = 0;
            length = 5;
            sortdirection = ASCENDING;
            fontname = "Arial";
            fontcolor = 153;
            fonttype = 2;
            fontsize = 1;
            fontratio = 1;
            fontstyle = 0;
            fontslant = 0;
            pen = -1;
            oncombine = NONE;
        };

        text _tmp_13200
        {
            name = "Text_218";
            x1 = 4;
            y1 = 0;
            x2 = 4;
            y2 = 0;
            string = "\\t";
            fontname = "fixfont";
            fontcolor = 160;
            fonttype = 4;
            fontsize = 5;
            fontratio = 1.5;
            fontslant = 0;
            fontstyle = 0;
            angle = 0;
            justify = LEFT;
            pen = -1;
        };

        text _tmp_13201
        {
            name = "Text_219";
            x1 = 15;
            y1 = 0;
            x2 = 15;
            y2 = 0;
            string = "\\t";
            fontname = "fixfont";
            fontcolor = 160;
            fonttype = 4;
            fontsize = 5;
            fontratio = 1.5;
            fontslant = 0;
            fontstyle = 0;
            angle = 0;
            justify = LEFT;
            pen = -1;
        };

        text _tmp_13202
        {
            name = "Text_220";
            x1 = 24;
            y1 = 0;
            x2 = 24;
            y2 = 0;
            string = "\\t";
            fontname = "fixfont";
            fontcolor = 160;
            fonttype = 4;
            fontsize = 5;
            fontratio = 1.5;
            fontslant = 0;
            fontstyle = 0;
            angle = 0;
            justify = LEFT;
            pen = -1;
        };

        text _tmp_13203
        {
            name = "Text_221";
            x1 = 34;
            y1 = 0;
            x2 = 34;
            y2 = 0;
            string = "\\t";
            fontname = "fixfont";
            fontcolor = 160;
            fonttype = 4;
            fontsize = 5;
            fontratio = 1.5;
            fontslant = 0;
            fontstyle = 0;
            angle = 0;
            justify = LEFT;
            pen = -1;
        };

        valuefield _tmp_13204
        {
            name = "몇개12";
            location = (37, 0);
            formula = "GetValue(\"NUMBER\")";
            datatype = INTEGER;
            class = "";
            cacheable = TRUE;
            justify = RIGHT;
            visibility = TRUE;
            angle = 0;
            length = 5;
            decimals = 0;
            sortdirection = ASCENDING;
            fontname = "Arial";
            fontcolor = 153;
            fonttype = 2;
            fontsize = 1;
            fontratio = 1;
            fontstyle = 0;
            fontslant = 0;
            pen = -1;
            oncombine = SUM;
        };

        text _tmp_13205
        {
            name = "Text_222";
            x1 = 44;
            y1 = 0;
            x2 = 44;
            y2 = 0;
            string = "\\t";
            fontname = "fixfont";
            fontcolor = 160;
            fonttype = 4;
            fontsize = 5;
            fontratio = 1.5;
            fontslant = 0;
            fontstyle = 0;
            angle = 0;
            justify = LEFT;
            pen = -1;
        };

        valuefield _tmp_13206
        {
            name = "길이12";
            location = (57, 0);
            formula = "GetValue(\"DIM_A\")+GetValue(\"DIM_B\")+GetValue(\"DIM_C\")+GetValue(\"DIM_D\")+GetValue(\"DIM_E\")+GetValue(\"DIM_F\")+GetValue(\"DIM_G\")";
            datatype = DOUBLE;
            class = "Length";
            cacheable = TRUE;
            justify = RIGHT;
            visibility = TRUE;
            angle = 0;
            length = 5;
            decimals = 2;
            sortdirection = ASCENDING;
            fontname = "Arial";
            fontcolor = 153;
            fonttype = 2;
            fontsize = 1;
            fontratio = 1;
            fontstyle = 0;
            fontslant = 0;
            pen = -1;
            oncombine = NONE;
            unit = "m";
        };

        text _tmp_13207
        {
            name = "Text_223";
            x1 = 62;
            y1 = 0;
            x2 = 62;
            y2 = 0;
            string = "\\t";
            fontname = "fixfont";
            fontcolor = 160;
            fonttype = 4;
            fontsize = 5;
            fontratio = 1.5;
            fontslant = 0;
            fontstyle = 0;
            angle = 0;
            justify = LEFT;
            pen = -1;
        };

        valuefield _tmp_13208
        {
            name = "ValueField_177";
            location = (65, 0);
            formula = "GetValue(\"DIM_A\")";
            datatype = DOUBLE;
            class = "Length";
            cacheable = TRUE;
            justify = RIGHT;
            visibility = TRUE;
            angle = 0;
            length = 7;
            decimals = 0;
            sortdirection = NONE;
            fontname = "Arial";
            fontcolor = 153;
            fonttype = 2;
            fontsize = 1;
            fontratio = 1;
            fontstyle = 0;
            fontslant = 0;
            pen = -1;
            oncombine = NONE;
            unit = "mm";
        };

        valuefield _tmp_13209
        {
            name = "ValueField_178";
            location = (74, 0);
            formula = "GetValue(\"DIM_B\")";
            datatype = DOUBLE;
            class = "Length";
            cacheable = TRUE;
            justify = RIGHT;
            visibility = TRUE;
            angle = 0;
            length = 7;
            decimals = 0;
            sortdirection = NONE;
            fontname = "Arial";
            fontcolor = 153;
            fonttype = 2;
            fontsize = 1;
            fontratio = 1;
            fontstyle = 0;
            fontslant = 0;
            pen = -1;
            oncombine = NONE;
            unit = "mm";
        };

        text _tmp_13210
        {
            name = "Text_224";
            x1 = 72;
            y1 = 0;
            x2 = 72;
            y2 = 0;
            string = "\\t";
            fontname = "fixfont";
            fontcolor = 160;
            fonttype = 4;
            fontsize = 5;
            fontratio = 1.5;
            fontslant = 0;
            fontstyle = 0;
            angle = 0;
            justify = LEFT;
            pen = -1;
        };

        text _tmp_13211
        {
            name = "Text_225";
            x1 = 81;
            y1 = 0;
            x2 = 81;
            y2 = 0;
            string = "\\t";
            fontname = "fixfont";
            fontcolor = 160;
            fonttype = 4;
            fontsize = 5;
            fontratio = 1.5;
            fontslant = 0;
            fontstyle = 0;
            angle = 0;
            justify = LEFT;
            pen = -1;
        };

        valuefield _tmp_13212
        {
            name = "ValueField_179";
            location = (83, 0);
            formula = "GetValue(\"DIM_C\")";
            datatype = DOUBLE;
            class = "Length";
            cacheable = TRUE;
            justify = RIGHT;
            visibility = TRUE;
            angle = 0;
            length = 7;
            decimals = 0;
            sortdirection = NONE;
            fontname = "Courier New";
            fontcolor = 153;
            fonttype = 2;
            fontsize = 1;
            fontratio = 1;
            fontstyle = 0;
            fontslant = 0;
            pen = -1;
            oncombine = NONE;
            unit = "mm";
        };

        text _tmp_13214
        {
            name = "Text_226";
            x1 = 90;
            y1 = 0;
            x2 = 90;
            y2 = 0;
            string = "\\t";
            fontname = "fixfont";
            fontcolor = 160;
            fonttype = 4;
            fontsize = 5;
            fontratio = 1.5;
            fontslant = 0;
            fontstyle = 0;
            angle = 0;
            justify = LEFT;
            pen = -1;
        };

        valuefield _tmp_13215
        {
            name = "ValueField_181";
            location = (92, 0);
            formula = "GetValue(\"DIM_D\")";
            datatype = DOUBLE;
            class = "Length";
            cacheable = TRUE;
            justify = RIGHT;
            visibility = TRUE;
            angle = 0;
            length = 7;
            decimals = 0;
            sortdirection = NONE;
            fontname = "Courier New";
            fontcolor = 153;
            fonttype = 2;
            fontsize = 1;
            fontratio = 1;
            fontstyle = 0;
            fontslant = 0;
            pen = -1;
            oncombine = NONE;
            unit = "mm";
        };

        text _tmp_13216
        {
            name = "Text_227";
            x1 = 99;
            y1 = 0;
            x2 = 99;
            y2 = 0;
            string = "\\t";
            fontname = "fixfont";
            fontcolor = 160;
            fonttype = 4;
            fontsize = 5;
            fontratio = 1.5;
            fontslant = 0;
            fontstyle = 0;
            angle = 0;
            justify = LEFT;
            pen = -1;
        };

        valuefield _tmp_13217
        {
            name = "ValueField_182";
            location = (101, 0);
            formula = "GetValue(\"DIM_E\")";
            datatype = DOUBLE;
            class = "Length";
            cacheable = TRUE;
            justify = RIGHT;
            visibility = TRUE;
            angle = 0;
            length = 7;
            decimals = 0;
            sortdirection = NONE;
            fontname = "Courier New";
            fontcolor = 153;
            fonttype = 2;
            fontsize = 1;
            fontratio = 1;
            fontstyle = 0;
            fontslant = 0;
            pen = -1;
            oncombine = NONE;
            unit = "mm";
        };

        text _tmp_13218
        {
            name = "Text_228";
            x1 = 108;
            y1 = 0;
            x2 = 108;
            y2 = 0;
            string = "\\t";
            fontname = "fixfont";
            fontcolor = 160;
            fonttype = 4;
            fontsize = 5;
            fontratio = 1.5;
            fontslant = 0;
            fontstyle = 0;
            angle = 0;
            justify = LEFT;
            pen = -1;
        };

        valuefield _tmp_13219
        {
            name = "ValueField_183";
            location = (119, 0);
            formula = "GetValue(\"DIM_G\")";
            datatype = DOUBLE;
            class = "Length";
            cacheable = TRUE;
            justify = RIGHT;
            visibility = TRUE;
            angle = 0;
            length = 7;
            decimals = 0;
            sortdirection = NONE;
            fontname = "Courier New";
            fontcolor = 153;
            fonttype = 2;
            fontsize = 1;
            fontratio = 1;
            fontstyle = 0;
            fontslant = 0;
            pen = -1;
            oncombine = NONE;
            unit = "mm";
        };

        text _tmp_13220
        {
            name = "Text_229";
            x1 = 117;
            y1 = 0;
            x2 = 117;
            y2 = 0;
            string = "\\t";
            fontname = "fixfont";
            fontcolor = 160;
            fonttype = 4;
            fontsize = 5;
            fontratio = 1.5;
            fontslant = 0;
            fontstyle = 0;
            angle = 0;
            justify = LEFT;
            pen = -1;
        };

        valuefield _tmp_13221
        {
            name = "ValueField_184";
            location = (128, 0);
            formula = "GetValue(\"DIM_H1\")";
            datatype = DOUBLE;
            class = "Length";
            cacheable = TRUE;
            justify = RIGHT;
            visibility = TRUE;
            angle = 0;
            length = 7;
            decimals = 0;
            sortdirection = NONE;
            fontname = "Courier New";
            fontcolor = 153;
            fonttype = 2;
            fontsize = 1;
            fontratio = 1;
            fontstyle = 0;
            fontslant = 0;
            pen = -1;
            oncombine = NONE;
            unit = "mm";
        };

        text _tmp_13222
        {
            name = "Text_230";
            x1 = 126;
            y1 = 0;
            x2 = 126;
            y2 = 0;
            string = "\\t";
            fontname = "fixfont";
            fontcolor = 160;
            fonttype = 4;
            fontsize = 5;
            fontratio = 1.5;
            fontslant = 0;
            fontstyle = 0;
            angle = 0;
            justify = LEFT;
            pen = -1;
        };

        valuefield _tmp_13223
        {
            name = "ValueField_185";
            location = (173, 0);
            formula = "GetValue(\"DIM_TD\")";
            datatype = DOUBLE;
            class = "Length";
            cacheable = TRUE;
            justify = RIGHT;
            visibility = TRUE;
            angle = 0;
            length = 7;
            decimals = 0;
            sortdirection = NONE;
            fontname = "Courier New";
            fontcolor = 153;
            fonttype = 2;
            fontsize = 1;
            fontratio = 1;
            fontstyle = 0;
            fontslant = 0;
            pen = -1;
            oncombine = NONE;
            unit = "mm";
        };

        text _tmp_13226
        {
            name = "Text_232";
            x1 = 180;
            y1 = 0;
            x2 = 180;
            y2 = 0;
            string = "\\t";
            fontname = "fixfont";
            fontcolor = 160;
            fonttype = 4;
            fontsize = 5;
            fontratio = 1.5;
            fontslant = 0;
            fontstyle = 0;
            angle = 0;
            justify = LEFT;
            pen = -1;
        };

        valuefield _tmp_13227
        {
            name = "무게51";
            location = (198, 0);
            formula = "GetFieldFormula(\"무게151\")*GetFieldFormula(\"몇개12\")";
            datatype = DOUBLE;
            class = "Weight";
            cacheable = TRUE;
            justify = RIGHT;
            visibility = TRUE;
            angle = 0;
            length = 7;
            decimals = 2;
            sortdirection = ASCENDING;
            fontname = "Courier New";
            fontcolor = 153;
            fonttype = 2;
            fontsize = 1;
            fontratio = 1;
            fontstyle = 0;
            fontslant = 0;
            pen = -1;
            oncombine = SUM;
            unit = "kg";
        };

        text _tmp_13228
        {
            name = "Text_233";
            x1 = 193;
            y1 = 0;
            x2 = 193;
            y2 = 0;
            string = "\\t";
            fontname = "fixfont";
            fontcolor = 160;
            fonttype = 4;
            fontsize = 5;
            fontratio = 1.5;
            fontslant = 0;
            fontstyle = 0;
            angle = 0;
            justify = LEFT;
            pen = -1;
        };

        valuefield _tmp_13229
        {
            name = "지름51";
            location = (207, 0);
            formula = "GetFieldFormula(\"길이1\")*GetFieldFormula(\"몇개\")";
            datatype = DOUBLE;
            class = "Length";
            cacheable = TRUE;
            justify = RIGHT;
            visibility = FALSE;
            angle = 0;
            length = 4;
            decimals = 2;
            sortdirection = ASCENDING;
            fontname = "Courier New";
            fontcolor = 153;
            fonttype = 2;
            fontsize = 1;
            fontratio = 1;
            fontstyle = 0;
            fontslant = 0;
            pen = -1;
            oncombine = SUM;
            unit = "m";
        };

        valuefield _tmp_2604
        {
            name = "무게151";
            location = (185, 0);
            formula = "(GetFieldFormula(\"길이12\")*15.9)/1000 ";
            datatype = DOUBLE;
            class = "Weight";
            cacheable = TRUE;
            justify = RIGHT;
            visibility = TRUE;
            angle = 0;
            length = 7;
            decimals = 2;
            sortdirection = ASCENDING;
            fontname = "Courier New";
            fontcolor = 153;
            fonttype = 2;
            fontsize = 1;
            fontratio = 1;
            fontstyle = 0;
            fontslant = 0;
            pen = -1;
            oncombine = NONE;
            unit = "kg";
        };

        valuefield _tmp_25
        {
            name = "ValueField_119";
            location = (110, 0);
            formula = "GetValue(\"DIM_F\")";
            datatype = DOUBLE;
            class = "Length";
            cacheable = TRUE;
            justify = RIGHT;
            visibility = TRUE;
            angle = 0;
            length = 7;
            decimals = 0;
            sortdirection = NONE;
            fontname = "Courier New";
            fontcolor = 153;
            fonttype = 2;
            fontsize = 1;
            fontratio = 1;
            fontstyle = 0;
            fontslant = 0;
            pen = -1;
            oncombine = NONE;
            unit = "mm";
        };

        text _tmp_61435
        {
            name = "Text_267";
            x1 = 135;
            y1 = 0;
            x2 = 135;
            y2 = 0;
            string = "\\t";
            fontname = "fixfont";
            fontcolor = 160;
            fonttype = 4;
            fontsize = 5;
            fontratio = 1.5;
            fontslant = 0;
            fontstyle = 0;
            angle = 0;
            justify = LEFT;
            pen = -1;
        };

        valuefield _tmp_61436
        {
            name = "ValueField_187";
            location = (137, 0);
            formula = "GetValue(\"DIM_J\")";
            datatype = DOUBLE;
            class = "Length";
            cacheable = TRUE;
            justify = RIGHT;
            visibility = TRUE;
            angle = 0;
            length = 7;
            decimals = 0;
            sortdirection = NONE;
            fontname = "Courier New";
            fontcolor = 153;
            fonttype = 2;
            fontsize = 1;
            fontratio = 1;
            fontstyle = 0;
            fontslant = 0;
            pen = -1;
            oncombine = NONE;
            unit = "mm";
        };

        text _tmp_61437
        {
            name = "Text_268";
            x1 = 144;
            y1 = 0;
            x2 = 144;
            y2 = 0;
            string = "\\t";
            fontname = "fixfont";
            fontcolor = 160;
            fonttype = 4;
            fontsize = 5;
            fontratio = 1.5;
            fontslant = 0;
            fontstyle = 0;
            angle = 0;
            justify = LEFT;
            pen = -1;
        };

        valuefield _tmp_64386
        {
            name = "ValueField_197";
            location = (146, 0);
            formula = "GetValue(\"DIM_K1\")";
            datatype = DOUBLE;
            class = "Length";
            cacheable = TRUE;
            justify = RIGHT;
            visibility = TRUE;
            angle = 0;
            length = 7;
            decimals = 0;
            sortdirection = NONE;
            fontname = "Courier New";
            fontcolor = 153;
            fonttype = 2;
            fontsize = 1;
            fontratio = 1;
            fontstyle = 0;
            fontslant = 0;
            pen = -1;
            oncombine = NONE;
            unit = "mm";
        };

        text _tmp_64387
        {
            name = "Text_280";
            x1 = 153;
            y1 = 0;
            x2 = 153;
            y2 = 0;
            string = "\\t";
            fontname = "fixfont";
            fontcolor = 160;
            fonttype = 4;
            fontsize = 5;
            fontratio = 1.5;
            fontslant = 0;
            fontstyle = 0;
            angle = 0;
            justify = LEFT;
            pen = -1;
        };

        valuefield _tmp_64840
        {
            name = "ValueField_208";
            location = (155, 0);
            formula = "GetValue(\"DIM_O\")";
            datatype = DOUBLE;
            class = "Length";
            cacheable = TRUE;
            justify = RIGHT;
            visibility = TRUE;
            angle = 0;
            length = 7;
            decimals = 0;
            sortdirection = NONE;
            fontname = "Courier New";
            fontcolor = 153;
            fonttype = 2;
            fontsize = 1;
            fontratio = 1;
            fontstyle = 0;
            fontslant = 0;
            pen = -1;
            oncombine = NONE;
            unit = "mm";
        };

        text _tmp_64841
        {
            name = "Text_292";
            x1 = 162;
            y1 = 0;
            x2 = 162;
            y2 = 0;
            string = "\\t";
            fontname = "fixfont";
            fontcolor = 160;
            fonttype = 4;
            fontsize = 5;
            fontratio = 1.5;
            fontslant = 0;
            fontstyle = 0;
            angle = 0;
            justify = LEFT;
            pen = -1;
        };

        valuefield _tmp_65296
        {
            name = "ValueField_219";
            location = (164, 0);
            formula = "GetValue(\"DIM_R\")";
            datatype = DOUBLE;
            class = "Length";
            cacheable = TRUE;
            justify = RIGHT;
            visibility = TRUE;
            angle = 0;
            length = 7;
            decimals = 0;
            sortdirection = NONE;
            fontname = "Courier New";
            fontcolor = 153;
            fonttype = 2;
            fontsize = 1;
            fontratio = 1;
            fontstyle = 0;
            fontslant = 0;
            pen = -1;
            oncombine = NONE;
            unit = "mm";
        };

        text _tmp_65297
        {
            name = "Text_231";
            x1 = 171;
            y1 = 0;
            x2 = 171;
            y2 = 0;
            string = "\\t";
            fontname = "fixfont";
            fontcolor = 160;
            fonttype = 4;
            fontsize = 5;
            fontratio = 1.5;
            fontslant = 0;
            fontstyle = 0;
            angle = 0;
            justify = LEFT;
            pen = -1;
        };

        valuefield _tmp_31646
        {
            name = "합길이12";
            location = (47, 0);
            formula = "GetFieldFormula(\"길이12\")*GetFieldFormula(\"몇개12\")";
            datatype = DOUBLE;
            class = "Length";
            cacheable = TRUE;
            justify = RIGHT;
            visibility = TRUE;
            angle = 0;
            length = 5;
            decimals = 2;
            sortdirection = ASCENDING;
            fontname = "Arial";
            fontcolor = 153;
            fonttype = 2;
            fontsize = 1;
            fontratio = 1;
            fontstyle = 0;
            fontslant = 0;
            pen = -1;
            oncombine = SUM;
            unit = "m";
        };
    };

    row _tmp_13697
    {
        name = "D51합";
        height = 1;
        visibility = TRUE;
        usecolumns = FALSE;
        rule = "if (GetValue(\"SIZE\") == \"51\") then\r\n  Output()\r\nelse\r\n  StepOver()\r\nendif\r\n";
        contenttype = "REBAR";
        sorttype = COMBINE;

        valuefield _tmp_13698
        {
            name = "151";
            location = (40, 0);
            formula = "Sum(\"합길이12\")";
            datatype = DOUBLE;
            class = "Length";
            cacheable = TRUE;
            justify = RIGHT;
            visibility = TRUE;
            angle = 0;
            length = 10;
            decimals = 2;
            sortdirection = NONE;
            fontname = "Arial";
            fontcolor = 153;
            fonttype = 2;
            fontsize = 1;
            fontratio = 1;
            fontstyle = 0;
            fontslant = 0;
            pen = -1;
            oncombine = SUM;
            unit = "m";
        };

        text _tmp_13699
        {
            name = "Text_234";
            x1 = 29;
            y1 = 0;
            x2 = 29;
            y2 = 0;
            string = "중간길이합:";
            fontname = "Arial";
            fontcolor = 153;
            fonttype = 2;
            fontsize = 1;
            fontratio = 1;
            fontslant = 0;
            fontstyle = 0;
            angle = 0;
            justify = LEFT;
            pen = -1;
        };

        text _tmp_13700
        {
            name = "Text_235";
            x1 = 144;
            y1 = 0;
            x2 = 144;
            y2 = 0;
            string = "중간무게합:";
            fontname = "Arial";
            fontcolor = 153;
            fonttype = 2;
            fontsize = 1;
            fontratio = 1;
            fontslant = 0;
            fontstyle = 0;
            angle = 0;
            justify = LEFT;
            pen = -1;
        };

        valuefield _tmp_13701
        {
            name = "12";
            location = (155, 0);
            formula = "Sum(\"무게51\")";
            datatype = DOUBLE;
            class = "Weight";
            cacheable = TRUE;
            justify = RIGHT;
            visibility = TRUE;
            angle = 0;
            length = 10;
            decimals = 2;
            sortdirection = NONE;
            fontname = "Arial";
            fontcolor = 153;
            fonttype = 2;
            fontsize = 1;
            fontratio = 1;
            fontstyle = 0;
            fontslant = 0;
            pen = -1;
            oncombine = NONE;
            unit = "kg";
        };
    };

    pagefooter _tmp_6833
    {
        name = "PageFooter";
        height = 1;
        outputpolicy = NONE;

        text _tmp_7494
        {
            name = "--------------------------------";
            x1 = 0;
            y1 = 0;
            x2 = 0;
            y2 = 0;
            string = "------------------------------------------------------------------------------------------------------------------------------------------------------------------------";
            fontname = "Arial";
            fontcolor = 153;
            fonttype = 2;
            fontsize = 1;
            fontratio = 1;
            fontslant = 0;
            fontstyle = 0;
            angle = 0;
            justify = LEFT;
            pen = -1;
        };
    };

    footer _tmp_6389
    {
        name = "Footer";
        height = 1;

        text _tmp_6390
        {
            name = "합:";
            x1 = 144;
            y1 = 0;
            x2 = 144;
            y2 = 0;
            string = "총무게:";
            fontname = "Arial";
            fontcolor = 153;
            fonttype = 2;
            fontsize = 1;
            fontratio = 1;
            fontslant = 0;
            fontstyle = 0;
            angle = 0;
            justify = LEFT;
            pen = -1;
        };

        valuefield _tmp_6391
        {
            name = "합";
            location = (155, 0);
            formula = "Total(\"1\")+Total(\"2\")+Total(\"3\")+Total(\"4\")+Total(\"5\")+Total(\"6\")+Total(\"7\")+Total(\"8\")+Total(\"9\")+Total(\"10\")\r\n+Total(\"11\")+Total(\"12\")";
            datatype = DOUBLE;
            class = "Weight";
            cacheable = TRUE;
            justify = RIGHT;
            visibility = TRUE;
            angle = 0;
            length = 10;
            decimals = 2;
            sortdirection = NONE;
            fontname = "Arial";
            fontcolor = 153;
            fonttype = 2;
            fontsize = 1;
            fontratio = 1;
            fontstyle = 0;
            fontslant = 0;
            pen = -1;
            oncombine = NONE;
            unit = "kg";
        };

        valuefield _tmp_852
        {
            name = "총길이";
            location = (40, 0);
            formula = "Total(\"110\")+Total(\"113\")+Total(\"116\")+Total(\"119\")+Total(\"122\")+Total(\"125\")+Total(\"129\")+Total(\"132\")+Total(\"135\")+Total(\"138\")\r\n+Total(\"141\")+Total(\"151\")";
            datatype = DOUBLE;
            class = "Length";
            cacheable = TRUE;
            justify = RIGHT;
            visibility = TRUE;
            angle = 0;
            length = 10;
            decimals = 2;
            sortdirection = NONE;
            fontname = "Arial";
            fontcolor = 153;
            fonttype = 2;
            fontsize = 1;
            fontratio = 1;
            fontstyle = 0;
            fontslant = 0;
            pen = -1;
            oncombine = NONE;
            unit = "m";
        };

        text _tmp_2789
        {
            name = "Text_35";
            x1 = 33;
            y1 = 0;
            x2 = 33;
            y2 = 0;
            string = "총길이:";
            fontname = "Arial";
            fontcolor = 153;
            fonttype = 2;
            fontsize = 1;
            fontratio = 1;
            fontslant = 0;
            fontstyle = 0;
            angle = 0;
            justify = LEFT;
            pen = -1;
        };
    };
};
