
template _tmp_833
{
    name = "template1";
    type = TEXTUAL;
    width = 150;
    maxheight = 1e+018;
    columns = (3, 3);
    gap = 1;
    fillpolicy = CONTINUOUS;
    filldirection = HORIZONTAL;
    margins = (1, 1, 1, 1);
    gridxspacing = 1;
    gridyspacing = 1;
    version = 3.21;
    created = "24.01.2007 13:07";
    modified = "04.12.2015 18:46";
    notes = "";

    header _tmp_19169
    {
        name = "ReportHeader";
        height = 5;

        valuefield _tmp_19170
        {
            name = "field_NUMBER";
            location = (17, 2);
            formula = "GetValue(\"PROJECT.NUMBER\")";
            datatype = STRING;
            class = "";
            cacheable = TRUE;
            justify = LEFT;
            visibility = TRUE;
            angle = 0;
            length = 15;
            sortdirection = NONE;
            fontname = "Courier New";
            fontcolor = 153;
            fonttype = 2;
            fontsize = 0.8;
            fontratio = 1.125;
            fontstyle = 0;
            fontslant = 0;
            pen = 0;
            oncombine = NONE;
            fontlinewidth = 1;
        };

        valuefield _tmp_19171
        {
            name = "field_NAME";
            location = (49, 2);
            formula = "GetValue(\"PROJECT.NAME\")";
            datatype = STRING;
            class = "";
            cacheable = TRUE;
            justify = LEFT;
            visibility = TRUE;
            angle = 0;
            length = 30;
            sortdirection = NONE;
            fontname = "Courier New";
            fontcolor = 153;
            fonttype = 2;
            fontsize = 0.8;
            fontratio = 1.125;
            fontstyle = 0;
            fontslant = 0;
            pen = 0;
            oncombine = NONE;
            fontlinewidth = 1;
        };

        text _tmp_19172
        {
            name = "lbl_ProjectNo";
            x1 = 2;
            y1 = 2;
            x2 = 2;
            y2 = 2;
            string = "Project Number:";
            fontname = "Courier New";
            fontcolor = 153;
            fonttype = 2;
            fontsize = 0.8;
            fontratio = 1.125;
            fontslant = 0;
            fontstyle = 0;
            angle = 0;
            justify = LEFT;
            pen = 0;
            fontlinewidth = 1;
        };

        text _tmp_19173
        {
            name = "lbl_ProjectName";
            x1 = 35;
            y1 = 2;
            x2 = 35;
            y2 = 2;
            string = "Project Name:";
            fontname = "Courier New";
            fontcolor = 153;
            fonttype = 2;
            fontsize = 0.8;
            fontratio = 1.125;
            fontslant = 0;
            fontstyle = 0;
            angle = 0;
            justify = LEFT;
            pen = 0;
            fontlinewidth = 1;
        };

        text _tmp_19174
        {
            name = "Text_83";
            x1 = 1;
            y1 = 4;
            x2 = 1;
            y2 = 4;
            string = "Precast Bill of Materials";
            fontname = "fixfont";
            fontcolor = 160;
            fonttype = 4;
            fontsize = 1;
            fontratio = 1;
            fontslant = 0;
            fontstyle = 0;
            angle = 0;
            justify = LEFT;
            pen = 0;
        };

        text _tmp_19175
        {
            name = "Text_5";
            x1 = 1;
            y1 = 1;
            x2 = 1;
            y2 = 1;
            string = "___________________________________________________________________________________________________________________________________________________";
            fontname = "fixfont";
            fontcolor = 153;
            fonttype = 4;
            fontsize = 1;
            fontratio = 1;
            fontslant = 0;
            fontstyle = 0;
            angle = 0;
            justify = LEFT;
            pen = -1;
        };

        valuefield _tmp_19176
        {
            name = "ValueField";
            location = (80, 2);
            formula = "\"Created by: \" + GetValue(\"CURRENT_USER\") + \" on \" + format(GetValue(\"DATE\"), \"Date&Time\", \"mm/dd/yyyy\", \"\")";
            datatype = STRING;
            class = "";
            cacheable = TRUE;
            justify = LEFT;
            visibility = TRUE;
            angle = 0;
            length = 40;
            sortdirection = NONE;
            fontname = "Courier New";
            fontcolor = 153;
            fonttype = 2;
            fontsize = 0.8;
            fontratio = 1.125;
            fontstyle = 0;
            fontslant = 0;
            pen = 0;
            oncombine = NONE;
        };
    };

    row _tmp_258
    {
        name = "CAST_UNIT_SALB";
        height = 4;
        visibility = TRUE;
        usecolumns = FALSE;
        rule = "if match(GetValue(\"CAST_UNIT_TYPE\"),\"*Precast*\") && match(GetValue(\"MAINPART.NAME\"),\"*SLAB*\")\r\n then\r\n  Output()\r\nelse\r\n  StepOver()\r\nendif\r\n";
        contenttype = "CAST_UNIT";
        sorttype = COMBINE;

        valuefield _tmp_259
        {
            name = "ValueField_6";
            location = (9, 1);
            formula = "GetValue(\"MAINPART.NAME\")";
            datatype = STRING;
            class = "";
            cacheable = TRUE;
            justify = LEFT;
            visibility = TRUE;
            angle = 0;
            length = 15;
            decimals = 0;
            sortdirection = ASCENDING;
            fontname = "Courier New";
            fontcolor = 153;
            fonttype = 2;
            fontsize = 1;
            fontratio = 1;
            fontstyle = 0;
            fontslant = 0;
            pen = 0;
            oncombine = NONE;
        };

        valuefield _tmp_260
        {
            name = "ValueField_7";
            location = (37, 1);
            formula = "GetValue(\"MATERIAL\")";
            datatype = STRING;
            class = "";
            cacheable = TRUE;
            justify = LEFT;
            visibility = TRUE;
            angle = 0;
            length = 7;
            decimals = 0;
            sortdirection = ASCENDING;
            fontname = "Courier New";
            fontcolor = 153;
            fonttype = 2;
            fontsize = 1;
            fontratio = 1;
            fontstyle = 0;
            fontslant = 0;
            pen = 0;
            oncombine = NONE;
        };

        valuefield _tmp_261
        {
            name = "ValueField_8";
            location = (51, 1);
            formula = "\"Thk.\"+mid(GetValue(\"MAINPART.PROFILE.HEIGHT\"),0,find(GetValue(\"MAINPART.PROFILE.HEIGHT\"), \".\"))";
            datatype = STRING;
            class = "";
            cacheable = TRUE;
            justify = LEFT;
            visibility = TRUE;
            angle = 0;
            length = 20;
            decimals = 0;
            sortdirection = ASCENDING;
            fontname = "Courier New";
            fontcolor = 164;
            fonttype = 2;
            fontsize = 2.38;
            fontratio = 1;
            fontstyle = 0;
            fontslant = 0;
            pen = 0;
            oncombine = NONE;
        };

        text _tmp_263
        {
            name = "Text_68";
            x1 = 2;
            y1 = 2;
            x2 = 2;
            y2 = 2;
            string = "Qty:";
            fontname = "Courier New";
            fontcolor = 162;
            fonttype = 2;
            fontsize = 1;
            fontratio = 1;
            fontslant = 0;
            fontstyle = 0;
            angle = 0;
            justify = LEFT;
            pen = 0;
        };

        text _tmp_264
        {
            name = "Text_69";
            x1 = 37;
            y1 = 2;
            x2 = 37;
            y2 = 2;
            string = "Material:";
            fontname = "Courier New";
            fontcolor = 162;
            fonttype = 2;
            fontsize = 1;
            fontratio = 1;
            fontslant = 0;
            fontstyle = 0;
            angle = 0;
            justify = LEFT;
            pen = 0;
        };

        text _tmp_265
        {
            name = "Text_70";
            x1 = 1;
            y1 = 3;
            x2 = 1;
            y2 = 3;
            string = "________________________________________________________________________________________________________________________________________";
            fontname = "Courier New";
            fontcolor = 162;
            fonttype = 2;
            fontsize = 2.38;
            fontratio = 1;
            fontslant = 0;
            fontstyle = 0;
            angle = 0;
            justify = LEFT;
            pen = 0;
        };

        text _tmp_266
        {
            name = "Text_71";
            x1 = 51;
            y1 = 2;
            x2 = 51;
            y2 = 2;
            string = "Profile:";
            fontname = "Courier New";
            fontcolor = 162;
            fonttype = 2;
            fontsize = 1;
            fontratio = 1;
            fontslant = 0;
            fontstyle = 0;
            angle = 0;
            justify = LEFT;
            pen = 0;
        };

        valuefield _tmp_268
        {
            name = "ValueField_10";
            location = (2, 1);
            formula = "GetValue(\"NUMBER\")";
            datatype = INTEGER;
            class = "";
            cacheable = TRUE;
            justify = LEFT;
            visibility = TRUE;
            angle = 0;
            length = 4;
            sortdirection = NONE;
            fontname = "Courier New";
            fontcolor = 153;
            fonttype = 2;
            fontsize = 1;
            fontratio = 1;
            fontstyle = 0;
            fontslant = 0;
            pen = 0;
            oncombine = SUM;
        };

        text _tmp_269
        {
            name = "Text_73";
            x1 = 9;
            y1 = 2;
            x2 = 9;
            y2 = 2;
            string = "Name:";
            fontname = "Courier New";
            fontcolor = 162;
            fonttype = 2;
            fontsize = 1;
            fontratio = 1;
            fontslant = 0;
            fontstyle = 0;
            angle = 0;
            justify = LEFT;
            pen = 0;
        };

        valuefield _tmp_270
        {
            name = "ValueField_11";
            location = (105, 1);
            formula = "GetValue(\"VOLUME\")*GetValue(\"NUMBER\")";
            datatype = DOUBLE;
            class = "Volume";
            cacheable = TRUE;
            justify = RIGHT;
            visibility = TRUE;
            angle = 0;
            length = 12;
            decimals = 2;
            sortdirection = NONE;
            fontname = "Courier New";
            fontcolor = 153;
            fonttype = 2;
            fontsize = 1;
            fontratio = 1;
            fontstyle = 0;
            fontslant = 0;
            pen = 0;
            oncombine = SUM;
            unit = "m3";
        };

        text _tmp_271
        {
            name = "Text_74";
            x1 = 102;
            y1 = 2;
            x2 = 102;
            y2 = 2;
            string = "Total Volume (§©):";
            fontname = "Courier New";
            fontcolor = 162;
            fonttype = 2;
            fontsize = 1;
            fontratio = 1;
            fontslant = 0;
            fontstyle = 0;
            angle = 0;
            justify = LEFT;
            pen = 0;
        };

        valuefield _tmp_272
        {
            name = "ValueField_12";
            location = (121, 1);
            formula = "GetValue(\"WEIGHT\")";
            datatype = DOUBLE;
            class = "Weight";
            cacheable = TRUE;
            justify = RIGHT;
            visibility = TRUE;
            angle = 0;
            length = 12;
            decimals = 0;
            sortdirection = NONE;
            fontname = "Courier New";
            fontcolor = 153;
            fonttype = 2;
            fontsize = 1;
            fontratio = 1;
            fontstyle = 0;
            fontslant = 0;
            pen = 0;
            oncombine = NONE;
            unit = "kg";
        };

        text _tmp_273
        {
            name = "Text_75";
            x1 = 122;
            y1 = 2;
            x2 = 122;
            y2 = 2;
            string = "Weight (kg):";
            fontname = "Courier New";
            fontcolor = 162;
            fonttype = 2;
            fontsize = 1;
            fontratio = 1;
            fontslant = 0;
            fontstyle = 0;
            angle = 0;
            justify = LEFT;
            pen = 0;
        };

        text _tmp_274
        {
            name = "Text_76";
            x1 = 27;
            y1 = 2;
            x2 = 27;
            y2 = 2;
            string = "Mark:";
            fontname = "Courier New";
            fontcolor = 162;
            fonttype = 2;
            fontsize = 1;
            fontratio = 1;
            fontslant = 0;
            fontstyle = 0;
            angle = 0;
            justify = LEFT;
            pen = 0;
        };

        valuefield _tmp_275
        {
            name = "ValueField_13";
            location = (27, 1);
            formula = "GetValue(\"CAST_UNIT_POS\")";
            datatype = STRING;
            class = "";
            cacheable = TRUE;
            justify = LEFT;
            visibility = TRUE;
            angle = 0;
            length = 7;
            decimals = 0;
            sortdirection = ASCENDING;
            fontname = "Courier New";
            fontcolor = 153;
            fonttype = 2;
            fontsize = 1;
            fontratio = 1;
            fontstyle = 0;
            fontslant = 0;
            pen = 0;
            oncombine = NONE;
        };

        row _tmp_276
        {
            name = "Row_1";
            height = 3;
            visibility = TRUE;
            usecolumns = FALSE;
            rule = "if (GetValue(\"MAINPART.MATERIAL_TYPE\") != \"CONCRETE\") then\n  Output()\nelse\n  StepOver()\nendif\n";
            contenttype = "ASSEMBLY";
            sorttype = COMBINE;

            text _tmp_277
            {
                name = "Text_77";
                x1 = 29;
                y1 = 0;
                x2 = 29;
                y2 = 0;
                string = "Name:";
                fontname = "Courier New";
                fontcolor = 162;
                fonttype = 2;
                fontsize = 2.38;
                fontratio = 1;
                fontslant = 0;
                fontstyle = 0;
                angle = 0;
                justify = LEFT;
                pen = 0;
            };

            text _tmp_278
            {
                name = "Text_78";
                x1 = 54;
                y1 = 0;
                x2 = 54;
                y2 = 0;
                string = "Profile:";
                fontname = "Courier New";
                fontcolor = 162;
                fonttype = 2;
                fontsize = 2.38;
                fontratio = 1;
                fontslant = 0;
                fontstyle = 0;
                angle = 0;
                justify = LEFT;
                pen = 0;
            };

            text _tmp_279
            {
                name = "Text_79";
                x1 = 22;
                y1 = 0;
                x2 = 22;
                y2 = 0;
                string = "Qty:";
                fontname = "Courier New";
                fontcolor = 162;
                fonttype = 2;
                fontsize = 1;
                fontratio = 1;
                fontslant = 0;
                fontstyle = 0;
                angle = 0;
                justify = LEFT;
                pen = 0;
            };

            text _tmp_280
            {
                name = "Text_80";
                x1 = 42;
                y1 = 0;
                x2 = 42;
                y2 = 0;
                string = "Material:";
                fontname = "Courier New";
                fontcolor = 162;
                fonttype = 2;
                fontsize = 2.38;
                fontratio = 1;
                fontslant = 0;
                fontstyle = 0;
                angle = 0;
                justify = LEFT;
                pen = 0;
            };

            text _tmp_281
            {
                name = "Text_81";
                x1 = 15;
                y1 = 1;
                x2 = 15;
                y2 = 1;
                string = "Component Parts:";
                fontname = "Courier New";
                fontcolor = 162;
                fonttype = 2;
                fontsize = 2.38;
                fontratio = 1;
                fontslant = 0;
                fontstyle = 0;
                angle = 0;
                justify = LEFT;
                pen = 0;
            };

            text _tmp_282
            {
                name = "Text_82";
                x1 = 15;
                y1 = 2;
                x2 = 15;
                y2 = 2;
                string = "_____________________________________________________________________________________________________________________";
                fontname = "Courier New";
                fontcolor = 162;
                fonttype = 2;
                fontsize = 2.38;
                fontratio = 1;
                fontslant = 0;
                fontstyle = 0;
                angle = 0;
                justify = LEFT;
                pen = 0;
            };

            text _tmp_283
            {
                name = "Text_84";
                x1 = 104;
                y1 = 0;
                x2 = 104;
                y2 = 0;
                string = "Description:";
                fontname = "Courier New";
                fontcolor = 162;
                fonttype = 2;
                fontsize = 2.38;
                fontratio = 1;
                fontslant = 0;
                fontstyle = 0;
                angle = 0;
                justify = LEFT;
                pen = 0;
            };

            text _tmp_284
            {
                name = "Text_85";
                x1 = 71;
                y1 = 0;
                x2 = 71;
                y2 = 0;
                string = "Length(mm):";
                fontname = "Courier New";
                fontcolor = 162;
                fonttype = 2;
                fontsize = 2.38;
                fontratio = 1;
                fontslant = 0;
                fontstyle = 0;
                angle = 0;
                justify = LEFT;
                pen = 0;
            };

            text _tmp_285
            {
                name = "Text_86";
                x1 = 83;
                y1 = 0;
                x2 = 83;
                y2 = 0;
                string = "Finish:";
                fontname = "Courier New";
                fontcolor = 162;
                fonttype = 2;
                fontsize = 2.38;
                fontratio = 1;
                fontslant = 0;
                fontstyle = 0;
                angle = 0;
                justify = LEFT;
                pen = 0;
            };

            text _tmp_286
            {
                name = "Text_87";
                x1 = 95;
                y1 = 0;
                x2 = 95;
                y2 = 0;
                string = "Class:";
                fontname = "Courier New";
                fontcolor = 162;
                fonttype = 2;
                fontsize = 2.38;
                fontratio = 1;
                fontslant = 0;
                fontstyle = 0;
                angle = 0;
                justify = LEFT;
                pen = 0;
            };
        };

        row _tmp_287
        {
            name = "Row_2";
            height = 1;
            visibility = TRUE;
            usecolumns = FALSE;
            rule = "if (GetValue(\"MAINPART.MATERIAL_TYPE\") != \"CONCRETE\") then\n  Output()\nelse\n  StepOver()\nendif\n";
            contenttype = "ASSEMBLY";
            sorttype = COMBINE;

            valuefield _tmp_288
            {
                name = "ValueField_14";
                location = (29, 0);
                formula = "GetValue(\"MAINPART.NAME\")";
                datatype = STRING;
                class = "";
                cacheable = TRUE;
                justify = LEFT;
                visibility = TRUE;
                angle = 0;
                length = 10;
                sortdirection = ASCENDING;
                fontname = "Courier New";
                fontcolor = 153;
                fonttype = 2;
                fontsize = 1;
                fontratio = 1;
                fontstyle = 0;
                fontslant = 0;
                pen = 0;
                oncombine = NONE;
            };

            valuefield _tmp_289
            {
                name = "ValueField_15";
                location = (42, 0);
                formula = "GetValue(\"MAINPART.MATERIAL\")";
                datatype = STRING;
                class = "";
                cacheable = TRUE;
                justify = LEFT;
                visibility = TRUE;
                angle = 0;
                length = 7;
                sortdirection = ASCENDING;
                fontname = "Courier New";
                fontcolor = 153;
                fonttype = 2;
                fontsize = 1;
                fontratio = 1;
                fontstyle = 0;
                fontslant = 0;
                pen = 0;
                oncombine = NONE;
            };

            valuefield _tmp_290
            {
                name = "ValueField_16";
                location = (53, 0);
                formula = "GetValue(\"MAINPART.PROFILE\")";
                datatype = STRING;
                class = "";
                cacheable = TRUE;
                justify = LEFT;
                visibility = TRUE;
                angle = 0;
                length = 14;
                sortdirection = ASCENDING;
                fontname = "Courier New";
                fontcolor = 153;
                fonttype = 2;
                fontsize = 1;
                fontratio = 1;
                fontstyle = 0;
                fontslant = 0;
                pen = 0;
                oncombine = NONE;
            };

            valuefield _tmp_291
            {
                name = "ValueField_17";
                location = (69, 0);
                formula = "GetValue(\"MAINPART.LENGTH\")";
                datatype = DOUBLE;
                class = "Length";
                cacheable = TRUE;
                justify = RIGHT;
                visibility = TRUE;
                angle = 0;
                length = 12;
                decimals = 0;
                sortdirection = ASCENDING;
                fontname = "Courier New";
                fontcolor = 153;
                fonttype = 2;
                fontsize = 1;
                fontratio = 1;
                fontstyle = 0;
                fontslant = 0;
                pen = 0;
                oncombine = NONE;
                unit = "mm";
            };

            valuefield _tmp_292
            {
                name = "ValueField_18";
                location = (83, 0);
                formula = "GetValue(\"MAINPART.FINISH\")";
                datatype = STRING;
                class = "";
                cacheable = TRUE;
                justify = LEFT;
                visibility = TRUE;
                angle = 0;
                length = 10;
                sortdirection = ASCENDING;
                fontname = "Courier New";
                fontcolor = 153;
                fonttype = 2;
                fontsize = 1;
                fontratio = 1;
                fontstyle = 0;
                fontslant = 0;
                pen = 0;
                oncombine = NONE;
            };

            valuefield _tmp_293
            {
                name = "ValueField_19";
                location = (95, 0);
                formula = "GetValue(\"MAINPART.CLASS_ATTR\")";
                datatype = STRING;
                class = "";
                cacheable = TRUE;
                justify = LEFT;
                visibility = TRUE;
                angle = 0;
                length = 6;
                sortdirection = ASCENDING;
                fontname = "Courier New";
                fontcolor = 153;
                fonttype = 2;
                fontsize = 1;
                fontratio = 1;
                fontstyle = 0;
                fontslant = 0;
                pen = 0;
                oncombine = NONE;
            };

            valuefield _tmp_294
            {
                name = "ValueField_20";
                location = (22, 0);
                formula = "GetValue(\"NUMBER\")";
                datatype = INTEGER;
                class = "";
                cacheable = TRUE;
                justify = LEFT;
                visibility = TRUE;
                angle = 0;
                length = 3;
                sortdirection = NONE;
                fontname = "Courier New";
                fontcolor = 153;
                fonttype = 2;
                fontsize = 1;
                fontratio = 1;
                fontstyle = 0;
                fontslant = 0;
                pen = 0;
                oncombine = SUM;
            };

            valuefield _tmp_295
            {
                name = "ValueField_21";
                location = (104, 0);
                formula = "GetValue(\"MAINPART.USERDEFINED.USER_FIELD_1\")";
                datatype = STRING;
                class = "";
                cacheable = TRUE;
                justify = LEFT;
                visibility = TRUE;
                angle = 0;
                length = 20;
                sortdirection = NONE;
                fontname = "Courier New";
                fontcolor = 153;
                fonttype = 2;
                fontsize = 1;
                fontratio = 1;
                fontstyle = 0;
                fontslant = 0;
                pen = 0;
                oncombine = NONE;
            };
        };

        row _tmp_296
        {
            name = "Row_3";
            height = 3;
            visibility = TRUE;
            usecolumns = FALSE;
            rule = "if (GetValue(\"MATERIAL_TYPE\") != \"CONCRETE\" ) then\n  Output()\nelse\n  StepOver()\nendif\n";
            contenttype = "PART";
            sorttype = COMBINE;

            text _tmp_297
            {
                name = "Text_88";
                x1 = 30;
                y1 = 0;
                x2 = 30;
                y2 = 0;
                string = "Name:";
                fontname = "Courier New";
                fontcolor = 162;
                fonttype = 2;
                fontsize = 2.38;
                fontratio = 1;
                fontslant = 0;
                fontstyle = 0;
                angle = 0;
                justify = LEFT;
                pen = 0;
            };

            text _tmp_298
            {
                name = "Text_89";
                x1 = 71;
                y1 = 0;
                x2 = 71;
                y2 = 0;
                string = "Length(mm):";
                fontname = "Courier New";
                fontcolor = 162;
                fonttype = 2;
                fontsize = 2.38;
                fontratio = 1;
                fontslant = 0;
                fontstyle = 0;
                angle = 0;
                justify = LEFT;
                pen = 0;
            };

            text _tmp_299
            {
                name = "Text_90";
                x1 = 22;
                y1 = 0;
                x2 = 22;
                y2 = 0;
                string = "Qty:";
                fontname = "Courier New";
                fontcolor = 162;
                fonttype = 2;
                fontsize = 1;
                fontratio = 1;
                fontslant = 0;
                fontstyle = 0;
                angle = 0;
                justify = LEFT;
                pen = 0;
            };

            text _tmp_300
            {
                name = "Text_91";
                x1 = 42;
                y1 = 0;
                x2 = 42;
                y2 = 0;
                string = "Material:";
                fontname = "Courier New";
                fontcolor = 162;
                fonttype = 2;
                fontsize = 2.38;
                fontratio = 1;
                fontslant = 0;
                fontstyle = 0;
                angle = 0;
                justify = LEFT;
                pen = 0;
            };

            text _tmp_301
            {
                name = "Text_92";
                x1 = 15;
                y1 = 1;
                x2 = 15;
                y2 = 1;
                string = "Free Parts:";
                fontname = "Courier New";
                fontcolor = 162;
                fonttype = 2;
                fontsize = 2.38;
                fontratio = 1;
                fontslant = 0;
                fontstyle = 0;
                angle = 0;
                justify = LEFT;
                pen = 0;
            };

            text _tmp_302
            {
                name = "Text_93";
                x1 = 15;
                y1 = 2;
                x2 = 15;
                y2 = 2;
                string = "_____________________________________________________________________________________________________________________";
                fontname = "Courier New";
                fontcolor = 162;
                fonttype = 2;
                fontsize = 2.38;
                fontratio = 1;
                fontslant = 0;
                fontstyle = 0;
                angle = 0;
                justify = LEFT;
                pen = 0;
            };

            text _tmp_303
            {
                name = "Text_94";
                x1 = 104;
                y1 = 0;
                x2 = 104;
                y2 = 0;
                string = "Description:";
                fontname = "Courier New";
                fontcolor = 162;
                fonttype = 2;
                fontsize = 2.38;
                fontratio = 1;
                fontslant = 0;
                fontstyle = 0;
                angle = 0;
                justify = LEFT;
                pen = 0;
            };

            text _tmp_304
            {
                name = "Text_95";
                x1 = 54;
                y1 = 0;
                x2 = 54;
                y2 = 0;
                string = "Profile:";
                fontname = "Courier New";
                fontcolor = 162;
                fonttype = 2;
                fontsize = 2.38;
                fontratio = 1;
                fontslant = 0;
                fontstyle = 0;
                angle = 0;
                justify = LEFT;
                pen = 0;
            };

            text _tmp_305
            {
                name = "Text_96";
                x1 = 83;
                y1 = 0;
                x2 = 83;
                y2 = 0;
                string = "Finish:";
                fontname = "Courier New";
                fontcolor = 162;
                fonttype = 2;
                fontsize = 2.38;
                fontratio = 1;
                fontslant = 0;
                fontstyle = 0;
                angle = 0;
                justify = LEFT;
                pen = 0;
            };

            text _tmp_306
            {
                name = "Text_97";
                x1 = 95;
                y1 = 0;
                x2 = 95;
                y2 = 0;
                string = "Class:";
                fontname = "Courier New";
                fontcolor = 162;
                fonttype = 2;
                fontsize = 2.38;
                fontratio = 1;
                fontslant = 0;
                fontstyle = 0;
                angle = 0;
                justify = LEFT;
                pen = 0;
            };
        };

        row _tmp_307
        {
            name = "Row_4";
            height = 1;
            visibility = TRUE;
            usecolumns = FALSE;
            rule = "if (GetValue(\"MATERIAL_TYPE\") != \"CONCRETE\" ) then\n  Output()\nelse\n  StepOver()\nendif\n";
            contenttype = "PART";
            sorttype = COMBINE;

            valuefield _tmp_308
            {
                name = "ValueField_22";
                location = (29, 0);
                formula = "GetValue(\"NAME\")";
                datatype = STRING;
                class = "";
                cacheable = TRUE;
                justify = LEFT;
                visibility = TRUE;
                angle = 0;
                length = 10;
                sortdirection = ASCENDING;
                fontname = "Courier New";
                fontcolor = 153;
                fonttype = 2;
                fontsize = 1;
                fontratio = 1;
                fontstyle = 0;
                fontslant = 0;
                pen = 0;
                oncombine = NONE;
            };

            valuefield _tmp_309
            {
                name = "ValueField_23";
                location = (42, 0);
                formula = "GetValue(\"MATERIAL\")";
                datatype = STRING;
                class = "";
                cacheable = TRUE;
                justify = LEFT;
                visibility = TRUE;
                angle = 0;
                length = 7;
                sortdirection = ASCENDING;
                fontname = "Courier New";
                fontcolor = 153;
                fonttype = 2;
                fontsize = 1;
                fontratio = 1;
                fontstyle = 0;
                fontslant = 0;
                pen = 0;
                oncombine = NONE;
            };

            valuefield _tmp_310
            {
                name = "ValueField_24";
                location = (53, 0);
                formula = "GetValue(\"PROFILE\")";
                datatype = STRING;
                class = "";
                cacheable = TRUE;
                justify = LEFT;
                visibility = TRUE;
                angle = 0;
                length = 14;
                sortdirection = ASCENDING;
                fontname = "Courier New";
                fontcolor = 153;
                fonttype = 2;
                fontsize = 1;
                fontratio = 1;
                fontstyle = 0;
                fontslant = 0;
                pen = 0;
                oncombine = NONE;
            };

            valuefield _tmp_311
            {
                name = "ValueField_25";
                location = (69, 0);
                formula = "GetValue(\"MAINPART.LENGTH\")";
                datatype = DOUBLE;
                class = "Length";
                cacheable = TRUE;
                justify = RIGHT;
                visibility = TRUE;
                angle = 0;
                length = 12;
                decimals = 0;
                sortdirection = ASCENDING;
                fontname = "Courier New";
                fontcolor = 153;
                fonttype = 2;
                fontsize = 1;
                fontratio = 1;
                fontstyle = 0;
                fontslant = 0;
                pen = 0;
                oncombine = NONE;
                unit = "mm";
            };

            valuefield _tmp_312
            {
                name = "ValueField_26";
                location = (83, 0);
                formula = "GetValue(\"MAINPART.FINISH\")";
                datatype = STRING;
                class = "";
                cacheable = TRUE;
                justify = LEFT;
                visibility = TRUE;
                angle = 0;
                length = 10;
                sortdirection = ASCENDING;
                fontname = "Courier New";
                fontcolor = 153;
                fonttype = 2;
                fontsize = 1;
                fontratio = 1;
                fontstyle = 0;
                fontslant = 0;
                pen = 0;
                oncombine = NONE;
            };

            valuefield _tmp_313
            {
                name = "ValueField_27";
                location = (95, 0);
                formula = "GetValue(\"MAINPART.CLASS_ATTR\")";
                datatype = STRING;
                class = "";
                cacheable = TRUE;
                justify = LEFT;
                visibility = TRUE;
                angle = 0;
                length = 6;
                sortdirection = ASCENDING;
                fontname = "Courier New";
                fontcolor = 153;
                fonttype = 2;
                fontsize = 1;
                fontratio = 1;
                fontstyle = 0;
                fontslant = 0;
                pen = 0;
                oncombine = NONE;
            };

            valuefield _tmp_314
            {
                name = "ValueField_28";
                location = (22, 0);
                formula = "GetValue(\"NUMBER\")";
                datatype = INTEGER;
                class = "";
                cacheable = TRUE;
                justify = LEFT;
                visibility = TRUE;
                angle = 0;
                length = 3;
                sortdirection = NONE;
                fontname = "Courier New";
                fontcolor = 153;
                fonttype = 2;
                fontsize = 1;
                fontratio = 1;
                fontstyle = 0;
                fontslant = 0;
                pen = 0;
                oncombine = SUM;
            };

            valuefield _tmp_315
            {
                name = "ValueField_29";
                location = (104, 0);
                formula = "GetValue(\"USERDEFINED.USER_FIELD_1\")";
                datatype = STRING;
                class = "";
                cacheable = TRUE;
                justify = LEFT;
                visibility = TRUE;
                angle = 0;
                length = 20;
                sortdirection = NONE;
                fontname = "Courier New";
                fontcolor = 153;
                fonttype = 2;
                fontsize = 1;
                fontratio = 1;
                fontstyle = 0;
                fontslant = 0;
                pen = 0;
                oncombine = NONE;
            };
        };

        row _tmp_316
        {
            name = "Row_5";
            height = 3;
            visibility = FALSE;
            usecolumns = FALSE;
            rule = "";
            contenttype = "PART";
            sorttype = COMBINE;

            row _tmp_317
            {
                name = "Row_6";
                height = 3;
                visibility = TRUE;
                usecolumns = FALSE;
                rule = "if (GetValue(\"SHAPE\") == \"STR\") then\r\n  Output()\r\nelse\r\n  StepOver()\r\nendif\r\n";
                contenttype = "REBAR";
                sorttype = COMBINE;

                text _tmp_318
                {
                    name = "Text_98";
                    x1 = 15;
                    y1 = 2;
                    x2 = 15;
                    y2 = 2;
                    string = "_____________________________________________________________________________________";
                    fontname = "Courier New";
                    fontcolor = 162;
                    fonttype = 2;
                    fontsize = 2.38;
                    fontratio = 1;
                    fontslant = 0;
                    fontstyle = 0;
                    angle = 0;
                    justify = LEFT;
                    pen = 0;
                };

                text _tmp_319
                {
                    name = "Text_99";
                    x1 = 45;
                    y1 = 0;
                    x2 = 45;
                    y2 = 0;
                    string = "Size:";
                    fontname = "Courier New";
                    fontcolor = 162;
                    fonttype = 2;
                    fontsize = 2.38;
                    fontratio = 1;
                    fontslant = 0;
                    fontstyle = 0;
                    angle = 0;
                    justify = LEFT;
                    pen = 0;
                };

                text _tmp_320
                {
                    name = "Text_100";
                    x1 = 15;
                    y1 = 1;
                    x2 = 15;
                    y2 = 1;
                    string = "Straight Rebar List:";
                    fontname = "Courier New";
                    fontcolor = 162;
                    fonttype = 2;
                    fontsize = 2.38;
                    fontratio = 1;
                    fontslant = 0;
                    fontstyle = 0;
                    angle = 0;
                    justify = LEFT;
                    pen = 0;
                };

                text _tmp_321
                {
                    name = "Text_101";
                    x1 = 22;
                    y1 = 0;
                    x2 = 22;
                    y2 = 0;
                    string = "Qty:";
                    fontname = "Courier New";
                    fontcolor = 162;
                    fonttype = 2;
                    fontsize = 1;
                    fontratio = 1;
                    fontslant = 0;
                    fontstyle = 0;
                    angle = 0;
                    justify = LEFT;
                    pen = 0;
                };

                text _tmp_322
                {
                    name = "Text_102";
                    x1 = 52;
                    y1 = 0;
                    x2 = 52;
                    y2 = 0;
                    string = "Length(mm):";
                    fontname = "Courier New";
                    fontcolor = 162;
                    fonttype = 2;
                    fontsize = 2.38;
                    fontratio = 1;
                    fontslant = 0;
                    fontstyle = 0;
                    angle = 0;
                    justify = LEFT;
                    pen = 0;
                };

                text _tmp_323
                {
                    name = "Text_103";
                    x1 = 33;
                    y1 = 0;
                    x2 = 33;
                    y2 = 0;
                    string = "Grade:";
                    fontname = "Courier New";
                    fontcolor = 162;
                    fonttype = 2;
                    fontsize = 2.38;
                    fontratio = 1;
                    fontslant = 0;
                    fontstyle = 0;
                    angle = 0;
                    justify = LEFT;
                    pen = 0;
                };

                text _tmp_324
                {
                    name = "Text_104";
                    x1 = 65;
                    y1 = 0;
                    x2 = 65;
                    y2 = 0;
                    string = "Length(mm):";
                    fontname = "Courier New";
                    fontcolor = 162;
                    fonttype = 2;
                    fontsize = 2.38;
                    fontratio = 1;
                    fontslant = 0;
                    fontstyle = 0;
                    angle = 0;
                    justify = LEFT;
                    pen = 0;
                };

                text _tmp_325
                {
                    name = "Text_105";
                    x1 = 65;
                    y1 = 1;
                    x2 = 65;
                    y2 = 1;
                    string = "Total";
                    fontname = "Courier New";
                    fontcolor = 162;
                    fonttype = 2;
                    fontsize = 2.38;
                    fontratio = 1;
                    fontslant = 0;
                    fontstyle = 0;
                    angle = 0;
                    justify = LEFT;
                    pen = 0;
                };

                text _tmp_326
                {
                    name = "Text_106";
                    x1 = 79;
                    y1 = 1;
                    x2 = 79;
                    y2 = 1;
                    string = "Total";
                    fontname = "Courier New";
                    fontcolor = 162;
                    fonttype = 2;
                    fontsize = 2.38;
                    fontratio = 1;
                    fontslant = 0;
                    fontstyle = 0;
                    angle = 0;
                    justify = LEFT;
                    pen = 0;
                };

                text _tmp_327
                {
                    name = "Text_107";
                    x1 = 79;
                    y1 = 0;
                    x2 = 79;
                    y2 = 0;
                    string = "Weight(kg):";
                    fontname = "Courier New";
                    fontcolor = 162;
                    fonttype = 2;
                    fontsize = 2.38;
                    fontratio = 1;
                    fontslant = 0;
                    fontstyle = 0;
                    angle = 0;
                    justify = LEFT;
                    pen = 0;
                };
            };

            row _tmp_328
            {
                name = "Row_7";
                height = 1;
                visibility = TRUE;
                usecolumns = FALSE;
                rule = "if (GetValue(\"SHAPE\") == \"STR\") then\r\n  Output()\r\nelse\r\n  StepOver()\r\nendif\r\n";
                contenttype = "REBAR";
                sorttype = COMBINE;

                valuefield _tmp_329
                {
                    name = "ValueField_30";
                    location = (33, 0);
                    formula = "GetValue(\"GRADE\")";
                    datatype = STRING;
                    class = "";
                    cacheable = TRUE;
                    justify = LEFT;
                    visibility = TRUE;
                    angle = 0;
                    length = 7;
                    decimals = 0;
                    sortdirection = ASCENDING;
                    fontname = "Courier New";
                    fontcolor = 153;
                    fonttype = 2;
                    fontsize = 1;
                    fontratio = 1;
                    fontstyle = 0;
                    fontslant = 0;
                    pen = 0;
                    oncombine = NONE;
                };

                valuefield _tmp_330
                {
                    name = "ValueField_31";
                    location = (44, 0);
                    formula = "GetValue(\"SIZE\")";
                    datatype = STRING;
                    class = "";
                    cacheable = TRUE;
                    justify = CENTERED;
                    visibility = TRUE;
                    angle = 0;
                    length = 6;
                    decimals = 0;
                    sortdirection = ASCENDING;
                    fontname = "Courier New";
                    fontcolor = 153;
                    fonttype = 2;
                    fontsize = 1;
                    fontratio = 1;
                    fontstyle = 0;
                    fontslant = 0;
                    pen = 0;
                    oncombine = NONE;
                };

                valuefield _tmp_331
                {
                    name = "ValueField_32";
                    location = (53, 0);
                    formula = "GetValue(\"LENGTH\")";
                    datatype = DOUBLE;
                    class = "Length";
                    cacheable = TRUE;
                    justify = RIGHT;
                    visibility = TRUE;
                    angle = 0;
                    length = 8;
                    decimals = 0;
                    sortdirection = ASCENDING;
                    fontname = "Courier New";
                    fontcolor = 153;
                    fonttype = 2;
                    fontsize = 1;
                    fontratio = 1;
                    fontstyle = 0;
                    fontslant = 0;
                    pen = 0;
                    oncombine = NONE;
                    unit = "mm";
                };

                valuefield _tmp_332
                {
                    name = "ValueField_33";
                    location = (22, 0);
                    formula = "GetValue(\"NUMBER\")";
                    datatype = INTEGER;
                    class = "";
                    cacheable = TRUE;
                    justify = RIGHT;
                    visibility = TRUE;
                    angle = 0;
                    length = 3;
                    decimals = 0;
                    sortdirection = NONE;
                    fontname = "Courier New";
                    fontcolor = 153;
                    fonttype = 2;
                    fontsize = 1;
                    fontratio = 1;
                    fontstyle = 0;
                    fontslant = 0;
                    pen = 0;
                    oncombine = SUM;
                };

                valuefield _tmp_333
                {
                    name = "ValueField_34";
                    location = (64, 0);
                    formula = "GetValue(\"LENGTH\")*GetValue(\"NUMBER\")";
                    datatype = DOUBLE;
                    class = "Length";
                    cacheable = TRUE;
                    justify = RIGHT;
                    visibility = TRUE;
                    angle = 0;
                    length = 10;
                    decimals = 0;
                    sortdirection = NONE;
                    fontname = "Courier New";
                    fontcolor = 153;
                    fonttype = 2;
                    fontsize = 1;
                    fontratio = 1;
                    fontstyle = 0;
                    fontslant = 0;
                    pen = 0;
                    oncombine = SUM;
                    unit = "mm";
                };

                valuefield _tmp_334
                {
                    name = "ValueField_35";
                    location = (80, 0);
                    formula = "GetValue(\"WEIGHT_TOTAL\")";
                    datatype = DOUBLE;
                    class = "Weight";
                    cacheable = TRUE;
                    justify = RIGHT;
                    visibility = TRUE;
                    angle = 0;
                    length = 8;
                    decimals = 0;
                    sortdirection = NONE;
                    fontname = "Courier New";
                    fontcolor = 153;
                    fonttype = 2;
                    fontsize = 1;
                    fontratio = 1;
                    fontstyle = 0;
                    fontslant = 0;
                    pen = 0;
                    oncombine = SUM;
                    unit = "kg";
                };
            };

            row _tmp_335
            {
                name = "Row_8";
                height = 3;
                visibility = TRUE;
                usecolumns = FALSE;
                rule = "if (GetValue(\"SHAPE\") != \"STR\") then\r\n  Output()\r\nelse\r\n  StepOver()\r\nendif";
                contenttype = "REBAR";
                sorttype = COMBINE;

                text _tmp_336
                {
                    name = "Text_108";
                    x1 = 15;
                    y1 = 1;
                    x2 = 15;
                    y2 = 1;
                    string = "Bent Rebar List:";
                    fontname = "Courier New";
                    fontcolor = 162;
                    fonttype = 2;
                    fontsize = 2.38;
                    fontratio = 1;
                    fontslant = 0;
                    fontstyle = 0;
                    angle = 0;
                    justify = LEFT;
                    pen = 0;
                };

                text _tmp_337
                {
                    name = "Text_109";
                    x1 = 15;
                    y1 = 2;
                    x2 = 15;
                    y2 = 2;
                    string = "_____________________________________________________________________________________";
                    fontname = "Courier New";
                    fontcolor = 162;
                    fonttype = 2;
                    fontsize = 2.38;
                    fontratio = 1;
                    fontslant = 0;
                    fontstyle = 0;
                    angle = 0;
                    justify = LEFT;
                    pen = 0;
                };

                text _tmp_338
                {
                    name = "Text_110";
                    x1 = 27;
                    y1 = 0;
                    x2 = 27;
                    y2 = 0;
                    string = "Typ:";
                    fontname = "Courier New";
                    fontcolor = 162;
                    fonttype = 2;
                    fontsize = 1;
                    fontratio = 1;
                    fontslant = 0;
                    fontstyle = 0;
                    angle = 0;
                    justify = LEFT;
                    pen = 0;
                };

                text _tmp_339
                {
                    name = "Text_111";
                    x1 = 22;
                    y1 = 0;
                    x2 = 22;
                    y2 = 0;
                    string = "Qty:";
                    fontname = "Courier New";
                    fontcolor = 162;
                    fonttype = 2;
                    fontsize = 1;
                    fontratio = 1;
                    fontslant = 0;
                    fontstyle = 0;
                    angle = 0;
                    justify = LEFT;
                    pen = 0;
                };

                text _tmp_340
                {
                    name = "Text_112";
                    x1 = 33;
                    y1 = 0;
                    x2 = 33;
                    y2 = 0;
                    string = "Grade:";
                    fontname = "Courier New";
                    fontcolor = 162;
                    fonttype = 2;
                    fontsize = 2.38;
                    fontratio = 1;
                    fontslant = 0;
                    fontstyle = 0;
                    angle = 0;
                    justify = LEFT;
                    pen = 0;
                };

                text _tmp_341
                {
                    name = "Text_113";
                    x1 = 45;
                    y1 = 0;
                    x2 = 45;
                    y2 = 0;
                    string = "Size:";
                    fontname = "Courier New";
                    fontcolor = 162;
                    fonttype = 2;
                    fontsize = 2.38;
                    fontratio = 1;
                    fontslant = 0;
                    fontstyle = 0;
                    angle = 0;
                    justify = LEFT;
                    pen = 0;
                };

                text _tmp_342
                {
                    name = "Text_114";
                    x1 = 52;
                    y1 = 0;
                    x2 = 52;
                    y2 = 0;
                    string = "Length(mm):";
                    fontname = "Courier New";
                    fontcolor = 162;
                    fonttype = 2;
                    fontsize = 2.38;
                    fontratio = 1;
                    fontslant = 0;
                    fontstyle = 0;
                    angle = 0;
                    justify = LEFT;
                    pen = 0;
                };

                text _tmp_343
                {
                    name = "Text_115";
                    x1 = 65;
                    y1 = 1;
                    x2 = 65;
                    y2 = 1;
                    string = "Total";
                    fontname = "Courier New";
                    fontcolor = 162;
                    fonttype = 2;
                    fontsize = 2.38;
                    fontratio = 1;
                    fontslant = 0;
                    fontstyle = 0;
                    angle = 0;
                    justify = LEFT;
                    pen = 0;
                };

                text _tmp_344
                {
                    name = "Text_116";
                    x1 = 65;
                    y1 = 0;
                    x2 = 65;
                    y2 = 0;
                    string = "Length(mm):";
                    fontname = "Courier New";
                    fontcolor = 162;
                    fonttype = 2;
                    fontsize = 2.38;
                    fontratio = 1;
                    fontslant = 0;
                    fontstyle = 0;
                    angle = 0;
                    justify = LEFT;
                    pen = 0;
                };

                text _tmp_345
                {
                    name = "Text_117";
                    x1 = 79;
                    y1 = 1;
                    x2 = 79;
                    y2 = 1;
                    string = "Total";
                    fontname = "Courier New";
                    fontcolor = 162;
                    fonttype = 2;
                    fontsize = 2.38;
                    fontratio = 1;
                    fontslant = 0;
                    fontstyle = 0;
                    angle = 0;
                    justify = LEFT;
                    pen = 0;
                };

                text _tmp_346
                {
                    name = "Text_118";
                    x1 = 79;
                    y1 = 0;
                    x2 = 79;
                    y2 = 0;
                    string = "Weight(kg):";
                    fontname = "Courier New";
                    fontcolor = 162;
                    fonttype = 2;
                    fontsize = 2.38;
                    fontratio = 1;
                    fontslant = 0;
                    fontstyle = 0;
                    angle = 0;
                    justify = LEFT;
                    pen = 0;
                };
            };

            row _tmp_347
            {
                name = "Row_9";
                height = 1;
                visibility = TRUE;
                usecolumns = FALSE;
                rule = "if (GetValue(\"SHAPE\") != \"STR\") then\r\n  Output()\r\nelse\r\n  StepOver()\r\nendif\r\n";
                contenttype = "REBAR";
                sorttype = COMBINE;

                valuefield _tmp_348
                {
                    name = "ValueField_36";
                    location = (33, 0);
                    formula = "GetValue(\"GRADE\")";
                    datatype = STRING;
                    class = "";
                    cacheable = TRUE;
                    justify = LEFT;
                    visibility = TRUE;
                    angle = 0;
                    length = 7;
                    decimals = 0;
                    sortdirection = ASCENDING;
                    fontname = "Courier New";
                    fontcolor = 153;
                    fonttype = 2;
                    fontsize = 1;
                    fontratio = 1;
                    fontstyle = 0;
                    fontslant = 0;
                    pen = 0;
                    oncombine = NONE;
                };

                valuefield _tmp_349
                {
                    name = "ValueField_37";
                    location = (44, 0);
                    formula = "GetValue(\"SIZE\")";
                    datatype = STRING;
                    class = "";
                    cacheable = TRUE;
                    justify = CENTERED;
                    visibility = TRUE;
                    angle = 0;
                    length = 6;
                    decimals = 0;
                    sortdirection = ASCENDING;
                    fontname = "Courier New";
                    fontcolor = 153;
                    fonttype = 2;
                    fontsize = 1;
                    fontratio = 1;
                    fontstyle = 0;
                    fontslant = 0;
                    pen = 0;
                    oncombine = NONE;
                };

                valuefield _tmp_350
                {
                    name = "ValueField_38";
                    location = (27, 0);
                    formula = "GetValue(\"SHAPE\")";
                    datatype = STRING;
                    class = "";
                    cacheable = TRUE;
                    justify = LEFT;
                    visibility = TRUE;
                    angle = 0;
                    length = 4;
                    decimals = 0;
                    sortdirection = ASCENDING;
                    fontname = "Courier New";
                    fontcolor = 153;
                    fonttype = 2;
                    fontsize = 1;
                    fontratio = 1;
                    fontstyle = 0;
                    fontslant = 0;
                    pen = 0;
                    oncombine = NONE;
                };

                valuefield _tmp_351
                {
                    name = "ValueField_39";
                    location = (53, 0);
                    formula = "GetValue(\"LENGTH\")";
                    datatype = DOUBLE;
                    class = "Length";
                    cacheable = TRUE;
                    justify = RIGHT;
                    visibility = TRUE;
                    angle = 0;
                    length = 8;
                    decimals = 0;
                    sortdirection = ASCENDING;
                    fontname = "Courier New";
                    fontcolor = 153;
                    fonttype = 2;
                    fontsize = 1;
                    fontratio = 1;
                    fontstyle = 0;
                    fontslant = 0;
                    pen = 0;
                    oncombine = NONE;
                    unit = "mm";
                };

                valuefield _tmp_352
                {
                    name = "ValueField_40";
                    location = (22, 0);
                    formula = "GetValue(\"NUMBER\")";
                    datatype = INTEGER;
                    class = "";
                    cacheable = TRUE;
                    justify = RIGHT;
                    visibility = TRUE;
                    angle = 0;
                    length = 3;
                    decimals = 0;
                    sortdirection = NONE;
                    fontname = "Courier New";
                    fontcolor = 153;
                    fonttype = 2;
                    fontsize = 1;
                    fontratio = 1;
                    fontstyle = 0;
                    fontslant = 0;
                    pen = 0;
                    oncombine = SUM;
                };

                valuefield _tmp_353
                {
                    name = "ValueField_41";
                    location = (64, 0);
                    formula = "GetValue(\"LENGTH\")*GetValue(\"NUMBER\")";
                    datatype = DOUBLE;
                    class = "Length";
                    cacheable = TRUE;
                    justify = RIGHT;
                    visibility = TRUE;
                    angle = 0;
                    length = 10;
                    decimals = 0;
                    sortdirection = NONE;
                    fontname = "Courier New";
                    fontcolor = 153;
                    fonttype = 2;
                    fontsize = 1;
                    fontratio = 1;
                    fontstyle = 0;
                    fontslant = 0;
                    pen = 0;
                    oncombine = SUM;
                    unit = "mm";
                };

                valuefield _tmp_354
                {
                    name = "ValueField_42";
                    location = (80, 0);
                    formula = "GetValue(\"WEIGHT_TOTAL\")";
                    datatype = DOUBLE;
                    class = "Weight";
                    cacheable = TRUE;
                    justify = RIGHT;
                    visibility = TRUE;
                    angle = 0;
                    length = 8;
                    decimals = 0;
                    sortdirection = NONE;
                    fontname = "Courier New";
                    fontcolor = 153;
                    fonttype = 2;
                    fontsize = 1;
                    fontratio = 1;
                    fontstyle = 0;
                    fontslant = 0;
                    pen = 0;
                    oncombine = SUM;
                    unit = "kg";
                };
            };

            row _tmp_355
            {
                name = "Row_10";
                height = 3;
                visibility = TRUE;
                usecolumns = FALSE;
                rule = "";
                contenttype = "STRAND";
                sorttype = COMBINE;

                text _tmp_356
                {
                    name = "Text_119";
                    x1 = 15;
                    y1 = 2;
                    x2 = 15;
                    y2 = 2;
                    string = "_____________________________________________________________________________________";
                    fontname = "Courier New";
                    fontcolor = 162;
                    fonttype = 2;
                    fontsize = 2.38;
                    fontratio = 1;
                    fontslant = 0;
                    fontstyle = 0;
                    angle = 0;
                    justify = LEFT;
                    pen = 0;
                };

                text _tmp_357
                {
                    name = "Text_120";
                    x1 = 15;
                    y1 = 1;
                    x2 = 15;
                    y2 = 1;
                    string = "Strand:";
                    fontname = "Courier New";
                    fontcolor = 162;
                    fonttype = 2;
                    fontsize = 2.38;
                    fontratio = 1;
                    fontslant = 0;
                    fontstyle = 0;
                    angle = 0;
                    justify = LEFT;
                    pen = 0;
                };

                text _tmp_358
                {
                    name = "Text_121";
                    x1 = 33;
                    y1 = 0;
                    x2 = 33;
                    y2 = 0;
                    string = "Grade:";
                    fontname = "Courier New";
                    fontcolor = 162;
                    fonttype = 2;
                    fontsize = 2.38;
                    fontratio = 1;
                    fontslant = 0;
                    fontstyle = 0;
                    angle = 0;
                    justify = LEFT;
                    pen = 0;
                };

                text _tmp_359
                {
                    name = "Text_122";
                    x1 = 22;
                    y1 = 0;
                    x2 = 22;
                    y2 = 0;
                    string = "Qty:";
                    fontname = "Courier New";
                    fontcolor = 162;
                    fonttype = 2;
                    fontsize = 1;
                    fontratio = 1;
                    fontslant = 0;
                    fontstyle = 0;
                    angle = 0;
                    justify = LEFT;
                    pen = 0;
                };

                text _tmp_360
                {
                    name = "Text_123";
                    x1 = 52;
                    y1 = 0;
                    x2 = 52;
                    y2 = 0;
                    string = "Length(mm):";
                    fontname = "Courier New";
                    fontcolor = 162;
                    fonttype = 2;
                    fontsize = 2.38;
                    fontratio = 1;
                    fontslant = 0;
                    fontstyle = 0;
                    angle = 0;
                    justify = LEFT;
                    pen = 0;
                };

                text _tmp_361
                {
                    name = "Text_124";
                    x1 = 94;
                    y1 = 0;
                    x2 = 94;
                    y2 = 0;
                    string = "Pi (KN):";
                    fontname = "Courier New";
                    fontcolor = 162;
                    fonttype = 2;
                    fontsize = 2.38;
                    fontratio = 1;
                    fontslant = 0;
                    fontstyle = 0;
                    angle = 0;
                    justify = LEFT;
                    pen = 0;
                };

                text _tmp_362
                {
                    name = "Text_125";
                    x1 = 65;
                    y1 = 1;
                    x2 = 65;
                    y2 = 1;
                    string = "Total";
                    fontname = "Courier New";
                    fontcolor = 162;
                    fonttype = 2;
                    fontsize = 2.38;
                    fontratio = 1;
                    fontslant = 0;
                    fontstyle = 0;
                    angle = 0;
                    justify = LEFT;
                    pen = 0;
                };

                text _tmp_363
                {
                    name = "Text_126";
                    x1 = 65;
                    y1 = 0;
                    x2 = 65;
                    y2 = 0;
                    string = "Length(mm):";
                    fontname = "Courier New";
                    fontcolor = 162;
                    fonttype = 2;
                    fontsize = 2.38;
                    fontratio = 1;
                    fontslant = 0;
                    fontstyle = 0;
                    angle = 0;
                    justify = LEFT;
                    pen = 0;
                };

                text _tmp_364
                {
                    name = "Text_127";
                    x1 = 45;
                    y1 = 0;
                    x2 = 45;
                    y2 = 0;
                    string = "Size:";
                    fontname = "Courier New";
                    fontcolor = 162;
                    fonttype = 2;
                    fontsize = 2.38;
                    fontratio = 1;
                    fontslant = 0;
                    fontstyle = 0;
                    angle = 0;
                    justify = LEFT;
                    pen = 0;
                };

                text _tmp_365
                {
                    name = "Text_128";
                    x1 = 79;
                    y1 = 1;
                    x2 = 79;
                    y2 = 1;
                    string = "Total";
                    fontname = "Courier New";
                    fontcolor = 162;
                    fonttype = 2;
                    fontsize = 2.38;
                    fontratio = 1;
                    fontslant = 0;
                    fontstyle = 0;
                    angle = 0;
                    justify = LEFT;
                    pen = 0;
                };

                text _tmp_366
                {
                    name = "Text_129";
                    x1 = 79;
                    y1 = 0;
                    x2 = 79;
                    y2 = 0;
                    string = "Weight(kg):";
                    fontname = "Courier New";
                    fontcolor = 162;
                    fonttype = 2;
                    fontsize = 2.38;
                    fontratio = 1;
                    fontslant = 0;
                    fontstyle = 0;
                    angle = 0;
                    justify = LEFT;
                    pen = 0;
                };
            };

            row _tmp_367
            {
                name = "Row_11";
                height = 1;
                visibility = TRUE;
                usecolumns = FALSE;
                rule = "";
                contenttype = "STRAND";
                sorttype = COMBINE;

                valuefield _tmp_368
                {
                    name = "ValueField_43";
                    location = (33, 0);
                    formula = "GetValue(\"MATERIAL\")";
                    datatype = STRING;
                    class = "";
                    cacheable = TRUE;
                    justify = LEFT;
                    visibility = TRUE;
                    angle = 0;
                    length = 7;
                    decimals = 0;
                    sortdirection = ASCENDING;
                    fontname = "Courier New";
                    fontcolor = 153;
                    fonttype = 2;
                    fontsize = 1;
                    fontratio = 1;
                    fontstyle = 0;
                    fontslant = 0;
                    pen = 0;
                    oncombine = NONE;
                };

                valuefield _tmp_369
                {
                    name = "ValueField_44";
                    location = (53, 0);
                    formula = "GetValue(\"LENGTH\")";
                    datatype = DOUBLE;
                    class = "Length";
                    cacheable = TRUE;
                    justify = RIGHT;
                    visibility = TRUE;
                    angle = 0;
                    length = 8;
                    decimals = 0;
                    sortdirection = ASCENDING;
                    fontname = "Courier New";
                    fontcolor = 153;
                    fonttype = 2;
                    fontsize = 1;
                    fontratio = 1;
                    fontstyle = 0;
                    fontslant = 0;
                    pen = 0;
                    oncombine = NONE;
                    unit = "mm";
                };

                valuefield _tmp_370
                {
                    name = "ValueField_45";
                    location = (94, 0);
                    formula = "GetValue(\"STRAND_PULL_FORCE\")";
                    datatype = DOUBLE;
                    class = "Force";
                    cacheable = TRUE;
                    justify = RIGHT;
                    visibility = TRUE;
                    angle = 0;
                    length = 8;
                    decimals = 2;
                    sortdirection = ASCENDING;
                    fontname = "Courier New";
                    fontcolor = 153;
                    fonttype = 2;
                    fontsize = 1;
                    fontratio = 1;
                    fontstyle = 0;
                    fontslant = 0;
                    pen = 0;
                    oncombine = NONE;
                    unit = "kN";
                };

                valuefield _tmp_371
                {
                    name = "ValueField_46";
                    location = (22, 0);
                    formula = "GetValue(\"NUMBER\")";
                    datatype = INTEGER;
                    class = "";
                    cacheable = TRUE;
                    justify = RIGHT;
                    visibility = TRUE;
                    angle = 0;
                    length = 3;
                    decimals = 0;
                    sortdirection = NONE;
                    fontname = "Courier New";
                    fontcolor = 153;
                    fonttype = 2;
                    fontsize = 1;
                    fontratio = 1;
                    fontstyle = 0;
                    fontslant = 0;
                    pen = 0;
                    oncombine = SUM;
                };

                valuefield _tmp_372
                {
                    name = "ValueField_47";
                    location = (64, 0);
                    formula = "GetValue(\"NUMBER\")*GetValue(\"LENGTH\")";
                    datatype = DOUBLE;
                    class = "Length";
                    cacheable = TRUE;
                    justify = RIGHT;
                    visibility = TRUE;
                    angle = 0;
                    length = 10;
                    decimals = 0;
                    sortdirection = NONE;
                    fontname = "Courier New";
                    fontcolor = 153;
                    fonttype = 2;
                    fontsize = 1;
                    fontratio = 1;
                    fontstyle = 0;
                    fontslant = 0;
                    pen = 0;
                    oncombine = SUM;
                    unit = "mm";
                };

                valuefield _tmp_373
                {
                    name = "ValueField_48";
                    location = (44, 0);
                    formula = "GetValue(\"SIZE\")";
                    datatype = STRING;
                    class = "";
                    cacheable = TRUE;
                    justify = CENTERED;
                    visibility = TRUE;
                    angle = 0;
                    length = 6;
                    decimals = 0;
                    sortdirection = ASCENDING;
                    fontname = "Courier New";
                    fontcolor = 153;
                    fonttype = 2;
                    fontsize = 1;
                    fontratio = 1;
                    fontstyle = 0;
                    fontslant = 0;
                    pen = 0;
                    oncombine = NONE;
                };

                valuefield _tmp_374
                {
                    name = "ValueField_49";
                    location = (80, 0);
                    formula = "GetValue(\"WEIGHT_TOTAL\")";
                    datatype = DOUBLE;
                    class = "Weight";
                    cacheable = TRUE;
                    justify = RIGHT;
                    visibility = TRUE;
                    angle = 0;
                    length = 8;
                    decimals = 0;
                    sortdirection = NONE;
                    fontname = "Courier New";
                    fontcolor = 153;
                    fonttype = 2;
                    fontsize = 1;
                    fontratio = 1;
                    fontstyle = 0;
                    fontslant = 0;
                    pen = 0;
                    oncombine = SUM;
                    unit = "kg";
                };
            };

            row _tmp_375
            {
                name = "Row_12";
                height = 3;
                visibility = TRUE;
                usecolumns = FALSE;
                rule = "";
                contenttype = "MESH";
                sorttype = COMBINE;

                text _tmp_376
                {
                    name = "Text_130";
                    x1 = 15;
                    y1 = 1;
                    x2 = 15;
                    y2 = 1;
                    string = "Mesh:";
                    fontname = "Courier New";
                    fontcolor = 162;
                    fonttype = 2;
                    fontsize = 2.38;
                    fontratio = 1;
                    fontslant = 0;
                    fontstyle = 0;
                    angle = 0;
                    justify = LEFT;
                    pen = 0;
                };

                text _tmp_377
                {
                    name = "Text_131";
                    x1 = 15;
                    y1 = 2;
                    x2 = 15;
                    y2 = 2;
                    string = "_____________________________________________________________________________________";
                    fontname = "Courier New";
                    fontcolor = 162;
                    fonttype = 2;
                    fontsize = 2.38;
                    fontratio = 1;
                    fontslant = 0;
                    fontstyle = 0;
                    angle = 0;
                    justify = LEFT;
                    pen = 0;
                };

                text _tmp_378
                {
                    name = "Text_132";
                    x1 = 45;
                    y1 = 0;
                    x2 = 45;
                    y2 = 0;
                    string = "Catalog Size:";
                    fontname = "Courier New";
                    fontcolor = 162;
                    fonttype = 2;
                    fontsize = 2.38;
                    fontratio = 1;
                    fontslant = 0;
                    fontstyle = 0;
                    angle = 0;
                    justify = LEFT;
                    pen = 0;
                };

                text _tmp_379
                {
                    name = "Text_133";
                    x1 = 73;
                    y1 = 0;
                    x2 = 73;
                    y2 = 0;
                    string = "Area (§³):";
                    fontname = "Courier New";
                    fontcolor = 162;
                    fonttype = 2;
                    fontsize = 2.38;
                    fontratio = 1;
                    fontslant = 0;
                    fontstyle = 0;
                    angle = 0;
                    justify = LEFT;
                    pen = 0;
                };

                text _tmp_380
                {
                    name = "Text_134";
                    x1 = 33;
                    y1 = 0;
                    x2 = 33;
                    y2 = 0;
                    string = "Grade:";
                    fontname = "Courier New";
                    fontcolor = 162;
                    fonttype = 2;
                    fontsize = 2.38;
                    fontratio = 1;
                    fontslant = 0;
                    fontstyle = 0;
                    angle = 0;
                    justify = LEFT;
                    pen = 0;
                };

                text _tmp_381
                {
                    name = "Text_135";
                    x1 = 22;
                    y1 = 0;
                    x2 = 22;
                    y2 = 0;
                    string = "Qty:";
                    fontname = "Courier New";
                    fontcolor = 162;
                    fonttype = 2;
                    fontsize = 1;
                    fontratio = 1;
                    fontslant = 0;
                    fontstyle = 0;
                    angle = 0;
                    justify = LEFT;
                    pen = 0;
                };
            };

            row _tmp_382
            {
                name = "Row_13";
                height = 1;
                visibility = TRUE;
                usecolumns = FALSE;
                rule = "";
                contenttype = "MESH";
                sorttype = COMBINE;

                valuefield _tmp_383
                {
                    name = "ValueField_50";
                    location = (33, 0);
                    formula = "GetValue(\"GRADE\")";
                    datatype = STRING;
                    class = "";
                    cacheable = TRUE;
                    justify = LEFT;
                    visibility = TRUE;
                    angle = 0;
                    length = 8;
                    decimals = 0;
                    sortdirection = ASCENDING;
                    fontname = "Courier New";
                    fontcolor = 153;
                    fonttype = 2;
                    fontsize = 1;
                    fontratio = 1;
                    fontstyle = 0;
                    fontslant = 0;
                    pen = 0;
                    oncombine = NONE;
                };

                valuefield _tmp_384
                {
                    name = "ValueField_51";
                    location = (45, 0);
                    formula = "GetValue(\"CATALOG_NAME\")";
                    datatype = STRING;
                    class = "";
                    cacheable = TRUE;
                    justify = LEFT;
                    visibility = TRUE;
                    angle = 0;
                    length = 20;
                    decimals = 0;
                    sortdirection = ASCENDING;
                    fontname = "Courier New";
                    fontcolor = 153;
                    fonttype = 2;
                    fontsize = 1;
                    fontratio = 1;
                    fontstyle = 0;
                    fontslant = 0;
                    pen = 0;
                    oncombine = NONE;
                };

                valuefield _tmp_385
                {
                    name = "ValueField_52";
                    location = (75, 0);
                    formula = "GetValue(\"AREA\")";
                    datatype = DOUBLE;
                    class = "Area";
                    cacheable = TRUE;
                    justify = RIGHT;
                    visibility = TRUE;
                    angle = 0;
                    length = 8;
                    decimals = 2;
                    sortdirection = ASCENDING;
                    fontname = "Courier New";
                    fontcolor = 153;
                    fonttype = 2;
                    fontsize = 1;
                    fontratio = 1;
                    fontstyle = 0;
                    fontslant = 0;
                    pen = 0;
                    oncombine = NONE;
                    unit = "m2";
                };

                valuefield _tmp_386
                {
                    name = "ValueField_53";
                    location = (22, 0);
                    formula = "GetValue(\"NUMBER\")";
                    datatype = INTEGER;
                    class = "";
                    cacheable = TRUE;
                    justify = RIGHT;
                    visibility = TRUE;
                    angle = 0;
                    length = 3;
                    decimals = 0;
                    sortdirection = NONE;
                    fontname = "Courier New";
                    fontcolor = 153;
                    fonttype = 2;
                    fontsize = 1;
                    fontratio = 1;
                    fontstyle = 0;
                    fontslant = 0;
                    pen = 0;
                    oncombine = SUM;
                };
            };
        };

        text _tmp_4
        {
            name = "Text_72";
            x1 = 87;
            y1 = 2;
            x2 = 87;
            y2 = 2;
            string = "Volume (§©):";
            fontname = "Courier New";
            fontcolor = 162;
            fonttype = 2;
            fontsize = 1;
            fontratio = 1;
            fontslant = 0;
            fontstyle = 0;
            angle = 0;
            justify = LEFT;
            pen = 0;
        };

        valuefield _tmp_5
        {
            name = "ValueField_9";
            location = (86, 1);
            formula = "GetValue(\"VOLUME\")";
            datatype = DOUBLE;
            class = "Volume";
            cacheable = TRUE;
            justify = RIGHT;
            visibility = TRUE;
            angle = 0;
            length = 12;
            decimals = 2;
            sortdirection = NONE;
            fontname = "Courier New";
            fontcolor = 153;
            fonttype = 2;
            fontsize = 1;
            fontratio = 1;
            fontstyle = 0;
            fontslant = 0;
            pen = 0;
            oncombine = NONE;
            unit = "m3";
        };
    };

    row _tmp_835
    {
        name = "CAST_UNIT_GIRDER";
        height = 4;
        visibility = TRUE;
        usecolumns = FALSE;
        rule = "if match(GetValue(\"CAST_UNIT_TYPE\"),\"*Precast*\") && match(GetValue(\"MAINPART.NAME\"),\"*GIRDER*\")\r\n then\r\n  Output()\r\nelse\r\n  StepOver()\r\nendif";
        contenttype = "CAST_UNIT";
        sorttype = COMBINE;

        valuefield _tmp_842
        {
            name = "CastUnit_Name";
            location = (9, 1);
            formula = "GetValue(\"MAINPART.NAME\")";
            datatype = STRING;
            class = "";
            cacheable = TRUE;
            justify = LEFT;
            visibility = TRUE;
            angle = 0;
            length = 15;
            decimals = 0;
            sortdirection = ASCENDING;
            fontname = "Courier New";
            fontcolor = 153;
            fonttype = 2;
            fontsize = 1;
            fontratio = 1;
            fontstyle = 0;
            fontslant = 0;
            pen = 0;
            oncombine = NONE;
        };

        valuefield _tmp_857
        {
            name = "CastUnit_Material";
            location = (37, 1);
            formula = "GetValue(\"MATERIAL\")";
            datatype = STRING;
            class = "";
            cacheable = TRUE;
            justify = LEFT;
            visibility = TRUE;
            angle = 0;
            length = 7;
            decimals = 0;
            sortdirection = ASCENDING;
            fontname = "Courier New";
            fontcolor = 153;
            fonttype = 2;
            fontsize = 1;
            fontratio = 1;
            fontstyle = 0;
            fontslant = 0;
            pen = 0;
            oncombine = NONE;
        };

        valuefield _tmp_843
        {
            name = "CastUnit_Profile";
            location = (66, 1);
            formula = "mid(GetValue(\"MAINPART.PROFILE.WIDTH\"),0,find(GetValue(\"MAINPART.PROFILE.WIDTH\"), \".\"))\r\n+\"X\"+mid(GetValue(\"MAINPART.PROFILE.HEIGHT\"),0,find(GetValue(\"MAINPART.PROFILE.HEIGHT\"), \".\"))";
            datatype = STRING;
            class = "";
            cacheable = TRUE;
            justify = LEFT;
            visibility = TRUE;
            angle = 0;
            length = 20;
            decimals = 0;
            sortdirection = ASCENDING;
            fontname = "Courier New";
            fontcolor = 164;
            fonttype = 2;
            fontsize = 2.38;
            fontratio = 1;
            fontstyle = 0;
            fontslant = 0;
            pen = 0;
            oncombine = NONE;
        };

        valuefield _tmp_846
        {
            name = "CastUnit_Length";
            location = (49, 1);
            formula = "GetValue(\"LENGTH\")";
            datatype = DOUBLE;
            class = "Length";
            cacheable = TRUE;
            justify = RIGHT;
            visibility = TRUE;
            angle = 0;
            length = 12;
            decimals = 0;
            sortdirection = ASCENDING;
            fontname = "Courier New";
            fontcolor = 164;
            fonttype = 2;
            fontsize = 2.38;
            fontratio = 1;
            fontstyle = 0;
            fontslant = 0;
            pen = 0;
            oncombine = NONE;
            unit = "mm";
        };

        text _tmp_847
        {
            name = "Text_1";
            x1 = 2;
            y1 = 2;
            x2 = 2;
            y2 = 2;
            string = "Qty:";
            fontname = "Courier New";
            fontcolor = 162;
            fonttype = 2;
            fontsize = 1;
            fontratio = 1;
            fontslant = 0;
            fontstyle = 0;
            angle = 0;
            justify = LEFT;
            pen = 0;
        };

        text _tmp_856
        {
            name = "Text_4";
            x1 = 37;
            y1 = 2;
            x2 = 37;
            y2 = 2;
            string = "Material:";
            fontname = "Courier New";
            fontcolor = 162;
            fonttype = 2;
            fontsize = 1;
            fontratio = 1;
            fontslant = 0;
            fontstyle = 0;
            angle = 0;
            justify = LEFT;
            pen = 0;
        };

        text _tmp_1093
        {
            name = "Text_11";
            x1 = 1;
            y1 = 3;
            x2 = 1;
            y2 = 3;
            string = "________________________________________________________________________________________________________________________________________";
            fontname = "Courier New";
            fontcolor = 162;
            fonttype = 2;
            fontsize = 2.38;
            fontratio = 1;
            fontslant = 0;
            fontstyle = 0;
            angle = 0;
            justify = LEFT;
            pen = 0;
        };

        text _tmp_845
        {
            name = "Text_56";
            x1 = 66;
            y1 = 2;
            x2 = 66;
            y2 = 2;
            string = "Profile:";
            fontname = "Courier New";
            fontcolor = 162;
            fonttype = 2;
            fontsize = 1;
            fontratio = 1;
            fontslant = 0;
            fontstyle = 0;
            angle = 0;
            justify = LEFT;
            pen = 0;
        };

        text _tmp_848
        {
            name = "Text_57";
            x1 = 51;
            y1 = 2;
            x2 = 51;
            y2 = 2;
            string = "Length(mm):";
            fontname = "Courier New";
            fontcolor = 162;
            fonttype = 2;
            fontsize = 1;
            fontratio = 1;
            fontslant = 0;
            fontstyle = 0;
            angle = 0;
            justify = LEFT;
            pen = 0;
        };

        valuefield _tmp_9348
        {
            name = "CastUnit_Number";
            location = (2, 1);
            formula = "GetValue(\"NUMBER\")";
            datatype = INTEGER;
            class = "";
            cacheable = TRUE;
            justify = LEFT;
            visibility = TRUE;
            angle = 0;
            length = 4;
            sortdirection = NONE;
            fontname = "Courier New";
            fontcolor = 153;
            fonttype = 2;
            fontsize = 1;
            fontratio = 1;
            fontstyle = 0;
            fontslant = 0;
            pen = 0;
            oncombine = SUM;
        };

        text _tmp_9350
        {
            name = "Text";
            x1 = 9;
            y1 = 2;
            x2 = 9;
            y2 = 2;
            string = "Name:";
            fontname = "Courier New";
            fontcolor = 162;
            fonttype = 2;
            fontsize = 1;
            fontratio = 1;
            fontslant = 0;
            fontstyle = 0;
            angle = 0;
            justify = LEFT;
            pen = 0;
        };

        valuefield _tmp_9355
        {
            name = "CastUnit_VolumeEA";
            location = (86, 1);
            formula = "GetValue(\"VOLUME\")";
            datatype = DOUBLE;
            class = "Volume";
            cacheable = TRUE;
            justify = RIGHT;
            visibility = TRUE;
            angle = 0;
            length = 12;
            decimals = 2;
            sortdirection = NONE;
            fontname = "Courier New";
            fontcolor = 153;
            fonttype = 2;
            fontsize = 1;
            fontratio = 1;
            fontstyle = 0;
            fontslant = 0;
            pen = 0;
            oncombine = NONE;
            unit = "m3";
        };

        text _tmp_9356
        {
            name = "Text_2";
            x1 = 87;
            y1 = 2;
            x2 = 87;
            y2 = 2;
            string = "Volume (§©):";
            fontname = "Courier New";
            fontcolor = 162;
            fonttype = 2;
            fontsize = 1;
            fontratio = 1;
            fontslant = 0;
            fontstyle = 0;
            angle = 0;
            justify = LEFT;
            pen = 0;
        };

        valuefield _tmp_9357
        {
            name = "CastUnit_WeightEA";
            location = (121, 1);
            formula = "GetValue(\"WEIGHT\")";
            datatype = DOUBLE;
            class = "Weight";
            cacheable = TRUE;
            justify = RIGHT;
            visibility = TRUE;
            angle = 0;
            length = 12;
            decimals = 0;
            sortdirection = NONE;
            fontname = "Courier New";
            fontcolor = 153;
            fonttype = 2;
            fontsize = 1;
            fontratio = 1;
            fontstyle = 0;
            fontslant = 0;
            pen = 0;
            oncombine = NONE;
            unit = "kg";
        };

        text _tmp_9358
        {
            name = "Text_3";
            x1 = 122;
            y1 = 2;
            x2 = 122;
            y2 = 2;
            string = "Weight (kg):";
            fontname = "Courier New";
            fontcolor = 162;
            fonttype = 2;
            fontsize = 1;
            fontratio = 1;
            fontslant = 0;
            fontstyle = 0;
            angle = 0;
            justify = LEFT;
            pen = 0;
        };

        text _tmp_37858
        {
            name = "Text_44";
            x1 = 27;
            y1 = 2;
            x2 = 27;
            y2 = 2;
            string = "Mark:";
            fontname = "Courier New";
            fontcolor = 162;
            fonttype = 2;
            fontsize = 1;
            fontratio = 1;
            fontslant = 0;
            fontstyle = 0;
            angle = 0;
            justify = LEFT;
            pen = 0;
        };

        valuefield _tmp_37860
        {
            name = "ValueField_1";
            location = (27, 1);
            formula = "GetValue(\"CAST_UNIT_POS\")";
            datatype = STRING;
            class = "";
            cacheable = TRUE;
            justify = LEFT;
            visibility = TRUE;
            angle = 0;
            length = 7;
            decimals = 0;
            sortdirection = ASCENDING;
            fontname = "Courier New";
            fontcolor = 153;
            fonttype = 2;
            fontsize = 1;
            fontratio = 1;
            fontstyle = 0;
            fontslant = 0;
            pen = 0;
            oncombine = NONE;
        };

        row _tmp_901
        {
            name = "SubAssembly_Text";
            height = 3;
            visibility = TRUE;
            usecolumns = FALSE;
            rule = "if (GetValue(\"MAINPART.MATERIAL_TYPE\") != \"CONCRETE\") then\n  Output()\nelse\n  StepOver()\nendif\n";
            contenttype = "ASSEMBLY";
            sorttype = COMBINE;

            text _tmp_904
            {
                name = "Text_28";
                x1 = 29;
                y1 = 0;
                x2 = 29;
                y2 = 0;
                string = "Name:";
                fontname = "Courier New";
                fontcolor = 162;
                fonttype = 2;
                fontsize = 2.38;
                fontratio = 1;
                fontslant = 0;
                fontstyle = 0;
                angle = 0;
                justify = LEFT;
                pen = 0;
            };

            text _tmp_907
            {
                name = "Text_29";
                x1 = 54;
                y1 = 0;
                x2 = 54;
                y2 = 0;
                string = "Profile:";
                fontname = "Courier New";
                fontcolor = 162;
                fonttype = 2;
                fontsize = 2.38;
                fontratio = 1;
                fontslant = 0;
                fontstyle = 0;
                angle = 0;
                justify = LEFT;
                pen = 0;
            };

            text _tmp_915
            {
                name = "Text_31";
                x1 = 22;
                y1 = 0;
                x2 = 22;
                y2 = 0;
                string = "Qty:";
                fontname = "Courier New";
                fontcolor = 162;
                fonttype = 2;
                fontsize = 1;
                fontratio = 1;
                fontslant = 0;
                fontstyle = 0;
                angle = 0;
                justify = LEFT;
                pen = 0;
            };

            text _tmp_931
            {
                name = "Text_34";
                x1 = 42;
                y1 = 0;
                x2 = 42;
                y2 = 0;
                string = "Material:";
                fontname = "Courier New";
                fontcolor = 162;
                fonttype = 2;
                fontsize = 2.38;
                fontratio = 1;
                fontslant = 0;
                fontstyle = 0;
                angle = 0;
                justify = LEFT;
                pen = 0;
            };

            text _tmp_934
            {
                name = "Text_37";
                x1 = 15;
                y1 = 1;
                x2 = 15;
                y2 = 1;
                string = "Component Parts:";
                fontname = "Courier New";
                fontcolor = 162;
                fonttype = 2;
                fontsize = 2.38;
                fontratio = 1;
                fontslant = 0;
                fontstyle = 0;
                angle = 0;
                justify = LEFT;
                pen = 0;
            };

            text _tmp_935
            {
                name = "Text_38";
                x1 = 15;
                y1 = 2;
                x2 = 15;
                y2 = 2;
                string = "_____________________________________________________________________________________________________________________";
                fontname = "Courier New";
                fontcolor = 162;
                fonttype = 2;
                fontsize = 2.38;
                fontratio = 1;
                fontslant = 0;
                fontstyle = 0;
                angle = 0;
                justify = LEFT;
                pen = 0;
            };

            text _tmp_2351
            {
                name = "Text_19";
                x1 = 104;
                y1 = 0;
                x2 = 104;
                y2 = 0;
                string = "Description:";
                fontname = "Courier New";
                fontcolor = 162;
                fonttype = 2;
                fontsize = 2.38;
                fontratio = 1;
                fontslant = 0;
                fontstyle = 0;
                angle = 0;
                justify = LEFT;
                pen = 0;
            };

            text _tmp_929
            {
                name = "Text_20";
                x1 = 71;
                y1 = 0;
                x2 = 71;
                y2 = 0;
                string = "Length(mm):";
                fontname = "Courier New";
                fontcolor = 162;
                fonttype = 2;
                fontsize = 2.38;
                fontratio = 1;
                fontslant = 0;
                fontstyle = 0;
                angle = 0;
                justify = LEFT;
                pen = 0;
            };

            text _tmp_1512
            {
                name = "Text_46";
                x1 = 83;
                y1 = 0;
                x2 = 83;
                y2 = 0;
                string = "Finish:";
                fontname = "Courier New";
                fontcolor = 162;
                fonttype = 2;
                fontsize = 2.38;
                fontratio = 1;
                fontslant = 0;
                fontstyle = 0;
                angle = 0;
                justify = LEFT;
                pen = 0;
            };

            text _tmp_1516
            {
                name = "Text_48";
                x1 = 95;
                y1 = 0;
                x2 = 95;
                y2 = 0;
                string = "Class:";
                fontname = "Courier New";
                fontcolor = 162;
                fonttype = 2;
                fontsize = 2.38;
                fontratio = 1;
                fontslant = 0;
                fontstyle = 0;
                angle = 0;
                justify = LEFT;
                pen = 0;
            };
        };

        row _tmp_899
        {
            name = "SubAssembly";
            height = 1;
            visibility = TRUE;
            usecolumns = FALSE;
            rule = "if (GetValue(\"MAINPART.MATERIAL_TYPE\") != \"CONCRETE\") then\n  Output()\nelse\n  StepOver()\nendif\n";
            contenttype = "ASSEMBLY";
            sorttype = COMBINE;

            valuefield _tmp_900
            {
                name = "SubAssembly_Name";
                location = (29, 0);
                formula = "GetValue(\"MAINPART.NAME\")";
                datatype = STRING;
                class = "";
                cacheable = TRUE;
                justify = LEFT;
                visibility = TRUE;
                angle = 0;
                length = 10;
                sortdirection = ASCENDING;
                fontname = "Courier New";
                fontcolor = 153;
                fonttype = 2;
                fontsize = 1;
                fontratio = 1;
                fontstyle = 0;
                fontslant = 0;
                pen = 0;
                oncombine = NONE;
            };

            valuefield _tmp_929
            {
                name = "SubAssembly_Material";
                location = (42, 0);
                formula = "GetValue(\"MAINPART.MATERIAL\")";
                datatype = STRING;
                class = "";
                cacheable = TRUE;
                justify = LEFT;
                visibility = TRUE;
                angle = 0;
                length = 7;
                sortdirection = ASCENDING;
                fontname = "Courier New";
                fontcolor = 153;
                fonttype = 2;
                fontsize = 1;
                fontratio = 1;
                fontstyle = 0;
                fontslant = 0;
                pen = 0;
                oncombine = NONE;
            };

            valuefield _tmp_868
            {
                name = "SubAssembly_Profile";
                location = (53, 0);
                formula = "GetValue(\"MAINPART.PROFILE\")";
                datatype = STRING;
                class = "";
                cacheable = TRUE;
                justify = LEFT;
                visibility = TRUE;
                angle = 0;
                length = 14;
                sortdirection = ASCENDING;
                fontname = "Courier New";
                fontcolor = 153;
                fonttype = 2;
                fontsize = 1;
                fontratio = 1;
                fontstyle = 0;
                fontslant = 0;
                pen = 0;
                oncombine = NONE;
            };

            valuefield _tmp_1043
            {
                name = "SubAssembly_MainPartLengthEA";
                location = (69, 0);
                formula = "GetValue(\"MAINPART.LENGTH\")";
                datatype = DOUBLE;
                class = "Length";
                cacheable = TRUE;
                justify = RIGHT;
                visibility = TRUE;
                angle = 0;
                length = 12;
                decimals = 0;
                sortdirection = ASCENDING;
                fontname = "Courier New";
                fontcolor = 153;
                fonttype = 2;
                fontsize = 1;
                fontratio = 1;
                fontstyle = 0;
                fontslant = 0;
                pen = 0;
                oncombine = NONE;
                unit = "mm";
            };

            valuefield _tmp_1604
            {
                name = "SubAssembly_Finish";
                location = (83, 0);
                formula = "GetValue(\"MAINPART.FINISH\")";
                datatype = STRING;
                class = "";
                cacheable = TRUE;
                justify = LEFT;
                visibility = TRUE;
                angle = 0;
                length = 10;
                sortdirection = ASCENDING;
                fontname = "Courier New";
                fontcolor = 153;
                fonttype = 2;
                fontsize = 1;
                fontratio = 1;
                fontstyle = 0;
                fontslant = 0;
                pen = 0;
                oncombine = NONE;
            };

            valuefield _tmp_1773
            {
                name = "SubAssembly_Class";
                location = (95, 0);
                formula = "GetValue(\"MAINPART.CLASS_ATTR\")";
                datatype = STRING;
                class = "";
                cacheable = TRUE;
                justify = LEFT;
                visibility = TRUE;
                angle = 0;
                length = 6;
                sortdirection = ASCENDING;
                fontname = "Courier New";
                fontcolor = 153;
                fonttype = 2;
                fontsize = 1;
                fontratio = 1;
                fontstyle = 0;
                fontslant = 0;
                pen = 0;
                oncombine = NONE;
            };

            valuefield _tmp_916
            {
                name = "SubAssembly_Number";
                location = (22, 0);
                formula = "GetValue(\"NUMBER\")";
                datatype = INTEGER;
                class = "";
                cacheable = TRUE;
                justify = LEFT;
                visibility = TRUE;
                angle = 0;
                length = 3;
                sortdirection = NONE;
                fontname = "Courier New";
                fontcolor = 153;
                fonttype = 2;
                fontsize = 1;
                fontratio = 1;
                fontstyle = 0;
                fontslant = 0;
                pen = 0;
                oncombine = SUM;
            };

            valuefield _tmp_2355
            {
                name = "SubAssembly_Description";
                location = (104, 0);
                formula = "GetValue(\"MAINPART.USERDEFINED.USER_FIELD_1\")";
                datatype = STRING;
                class = "";
                cacheable = TRUE;
                justify = LEFT;
                visibility = TRUE;
                angle = 0;
                length = 20;
                sortdirection = NONE;
                fontname = "Courier New";
                fontcolor = 153;
                fonttype = 2;
                fontsize = 1;
                fontratio = 1;
                fontstyle = 0;
                fontslant = 0;
                pen = 0;
                oncombine = NONE;
            };
        };

        row _tmp_943
        {
            name = "FreeParts_Text";
            height = 3;
            visibility = TRUE;
            usecolumns = FALSE;
            rule = "if (GetValue(\"MATERIAL_TYPE\") != \"CONCRETE\" ) then\n  Output()\nelse\n  StepOver()\nendif\n";
            contenttype = "PART";
            sorttype = COMBINE;

            text _tmp_944
            {
                name = "Text_52";
                x1 = 30;
                y1 = 0;
                x2 = 30;
                y2 = 0;
                string = "Name:";
                fontname = "Courier New";
                fontcolor = 162;
                fonttype = 2;
                fontsize = 2.38;
                fontratio = 1;
                fontslant = 0;
                fontstyle = 0;
                angle = 0;
                justify = LEFT;
                pen = 0;
            };

            text _tmp_945
            {
                name = "Text_53";
                x1 = 71;
                y1 = 0;
                x2 = 71;
                y2 = 0;
                string = "Length(mm):";
                fontname = "Courier New";
                fontcolor = 162;
                fonttype = 2;
                fontsize = 2.38;
                fontratio = 1;
                fontslant = 0;
                fontstyle = 0;
                angle = 0;
                justify = LEFT;
                pen = 0;
            };

            text _tmp_946
            {
                name = "Text_54";
                x1 = 22;
                y1 = 0;
                x2 = 22;
                y2 = 0;
                string = "Qty:";
                fontname = "Courier New";
                fontcolor = 162;
                fonttype = 2;
                fontsize = 1;
                fontratio = 1;
                fontslant = 0;
                fontstyle = 0;
                angle = 0;
                justify = LEFT;
                pen = 0;
            };

            text _tmp_947
            {
                name = "Text_59";
                x1 = 42;
                y1 = 0;
                x2 = 42;
                y2 = 0;
                string = "Material:";
                fontname = "Courier New";
                fontcolor = 162;
                fonttype = 2;
                fontsize = 2.38;
                fontratio = 1;
                fontslant = 0;
                fontstyle = 0;
                angle = 0;
                justify = LEFT;
                pen = 0;
            };

            text _tmp_948
            {
                name = "Text_60";
                x1 = 15;
                y1 = 1;
                x2 = 15;
                y2 = 1;
                string = "Free Parts:";
                fontname = "Courier New";
                fontcolor = 162;
                fonttype = 2;
                fontsize = 2.38;
                fontratio = 1;
                fontslant = 0;
                fontstyle = 0;
                angle = 0;
                justify = LEFT;
                pen = 0;
            };

            text _tmp_949
            {
                name = "Text_61";
                x1 = 15;
                y1 = 2;
                x2 = 15;
                y2 = 2;
                string = "_____________________________________________________________________________________________________________________";
                fontname = "Courier New";
                fontcolor = 162;
                fonttype = 2;
                fontsize = 2.38;
                fontratio = 1;
                fontslant = 0;
                fontstyle = 0;
                angle = 0;
                justify = LEFT;
                pen = 0;
            };

            text _tmp_2353
            {
                name = "Text_39";
                x1 = 104;
                y1 = 0;
                x2 = 104;
                y2 = 0;
                string = "Description:";
                fontname = "Courier New";
                fontcolor = 162;
                fonttype = 2;
                fontsize = 2.38;
                fontratio = 1;
                fontslant = 0;
                fontstyle = 0;
                angle = 0;
                justify = LEFT;
                pen = 0;
            };

            text _tmp_931
            {
                name = "Text_45";
                x1 = 54;
                y1 = 0;
                x2 = 54;
                y2 = 0;
                string = "Profile:";
                fontname = "Courier New";
                fontcolor = 162;
                fonttype = 2;
                fontsize = 2.38;
                fontratio = 1;
                fontslant = 0;
                fontstyle = 0;
                angle = 0;
                justify = LEFT;
                pen = 0;
            };

            text _tmp_1514
            {
                name = "Text_47";
                x1 = 83;
                y1 = 0;
                x2 = 83;
                y2 = 0;
                string = "Finish:";
                fontname = "Courier New";
                fontcolor = 162;
                fonttype = 2;
                fontsize = 2.38;
                fontratio = 1;
                fontslant = 0;
                fontstyle = 0;
                angle = 0;
                justify = LEFT;
                pen = 0;
            };

            text _tmp_1518
            {
                name = "Text_49";
                x1 = 95;
                y1 = 0;
                x2 = 95;
                y2 = 0;
                string = "Class:";
                fontname = "Courier New";
                fontcolor = 162;
                fonttype = 2;
                fontsize = 2.38;
                fontratio = 1;
                fontslant = 0;
                fontstyle = 0;
                angle = 0;
                justify = LEFT;
                pen = 0;
            };
        };

        row _tmp_929
        {
            name = "FreeParts";
            height = 1;
            visibility = TRUE;
            usecolumns = FALSE;
            rule = "if (GetValue(\"MATERIAL_TYPE\") != \"CONCRETE\" ) then\n  Output()\nelse\n  StepOver()\nendif\n";
            contenttype = "PART";
            sorttype = COMBINE;

            valuefield _tmp_930
            {
                name = "SecParts_Name";
                location = (29, 0);
                formula = "GetValue(\"NAME\")";
                datatype = STRING;
                class = "";
                cacheable = TRUE;
                justify = LEFT;
                visibility = TRUE;
                angle = 0;
                length = 10;
                sortdirection = ASCENDING;
                fontname = "Courier New";
                fontcolor = 153;
                fonttype = 2;
                fontsize = 1;
                fontratio = 1;
                fontstyle = 0;
                fontslant = 0;
                pen = 0;
                oncombine = NONE;
            };

            valuefield _tmp_933
            {
                name = "SecParts_Material";
                location = (42, 0);
                formula = "GetValue(\"MATERIAL\")";
                datatype = STRING;
                class = "";
                cacheable = TRUE;
                justify = LEFT;
                visibility = TRUE;
                angle = 0;
                length = 7;
                sortdirection = ASCENDING;
                fontname = "Courier New";
                fontcolor = 153;
                fonttype = 2;
                fontsize = 1;
                fontratio = 1;
                fontstyle = 0;
                fontslant = 0;
                pen = 0;
                oncombine = NONE;
            };

            valuefield _tmp_869
            {
                name = "SecParts_ProfileStringAndLength";
                location = (53, 0);
                formula = "GetValue(\"PROFILE\")";
                datatype = STRING;
                class = "";
                cacheable = TRUE;
                justify = LEFT;
                visibility = TRUE;
                angle = 0;
                length = 14;
                sortdirection = ASCENDING;
                fontname = "Courier New";
                fontcolor = 153;
                fonttype = 2;
                fontsize = 1;
                fontratio = 1;
                fontstyle = 0;
                fontslant = 0;
                pen = 0;
                oncombine = NONE;
            };

            valuefield _tmp_1340
            {
                name = "SecParts_MainPartLengthEA";
                location = (69, 0);
                formula = "GetValue(\"MAINPART.LENGTH\")";
                datatype = DOUBLE;
                class = "Length";
                cacheable = TRUE;
                justify = RIGHT;
                visibility = TRUE;
                angle = 0;
                length = 12;
                decimals = 0;
                sortdirection = ASCENDING;
                fontname = "Courier New";
                fontcolor = 153;
                fonttype = 2;
                fontsize = 1;
                fontratio = 1;
                fontstyle = 0;
                fontslant = 0;
                pen = 0;
                oncombine = NONE;
                unit = "mm";
            };

            valuefield _tmp_1661
            {
                name = "SecParts_Finish";
                location = (83, 0);
                formula = "GetValue(\"MAINPART.FINISH\")";
                datatype = STRING;
                class = "";
                cacheable = TRUE;
                justify = LEFT;
                visibility = TRUE;
                angle = 0;
                length = 10;
                sortdirection = ASCENDING;
                fontname = "Courier New";
                fontcolor = 153;
                fonttype = 2;
                fontsize = 1;
                fontratio = 1;
                fontstyle = 0;
                fontslant = 0;
                pen = 0;
                oncombine = NONE;
            };

            valuefield _tmp_1830
            {
                name = "SecParts_Class";
                location = (95, 0);
                formula = "GetValue(\"MAINPART.CLASS_ATTR\")";
                datatype = STRING;
                class = "";
                cacheable = TRUE;
                justify = LEFT;
                visibility = TRUE;
                angle = 0;
                length = 6;
                sortdirection = ASCENDING;
                fontname = "Courier New";
                fontcolor = 153;
                fonttype = 2;
                fontsize = 1;
                fontratio = 1;
                fontstyle = 0;
                fontslant = 0;
                pen = 0;
                oncombine = NONE;
            };

            valuefield _tmp_932
            {
                name = "SecParts_Number";
                location = (22, 0);
                formula = "GetValue(\"NUMBER\")";
                datatype = INTEGER;
                class = "";
                cacheable = TRUE;
                justify = LEFT;
                visibility = TRUE;
                angle = 0;
                length = 3;
                sortdirection = NONE;
                fontname = "Courier New";
                fontcolor = 153;
                fonttype = 2;
                fontsize = 1;
                fontratio = 1;
                fontstyle = 0;
                fontslant = 0;
                pen = 0;
                oncombine = SUM;
            };

            valuefield _tmp_2411
            {
                name = "SecParts_Description";
                location = (104, 0);
                formula = "GetValue(\"USERDEFINED.USER_FIELD_1\")";
                datatype = STRING;
                class = "";
                cacheable = TRUE;
                justify = LEFT;
                visibility = TRUE;
                angle = 0;
                length = 20;
                sortdirection = NONE;
                fontname = "Courier New";
                fontcolor = 153;
                fonttype = 2;
                fontsize = 1;
                fontratio = 1;
                fontstyle = 0;
                fontslant = 0;
                pen = 0;
                oncombine = NONE;
            };
        };

        row _tmp_849
        {
            name = "Part_Reinforcement";
            height = 3;
            visibility = FALSE;
            usecolumns = FALSE;
            rule = "";
            contenttype = "PART";
            sorttype = COMBINE;

            row _tmp_997
            {
                name = "Text_STR_Rebar";
                height = 3;
                visibility = TRUE;
                usecolumns = FALSE;
                rule = "if (GetValue(\"SHAPE\") == \"STR\") then\r\n  Output()\r\nelse\r\n  StepOver()\r\nendif\r\n";
                contenttype = "REBAR";
                sorttype = COMBINE;

                text _tmp_999
                {
                    name = "Text_8";
                    x1 = 15;
                    y1 = 2;
                    x2 = 15;
                    y2 = 2;
                    string = "_____________________________________________________________________________________";
                    fontname = "Courier New";
                    fontcolor = 162;
                    fonttype = 2;
                    fontsize = 2.38;
                    fontratio = 1;
                    fontslant = 0;
                    fontstyle = 0;
                    angle = 0;
                    justify = LEFT;
                    pen = 0;
                };

                text _tmp_1008
                {
                    name = "Text_15";
                    x1 = 45;
                    y1 = 0;
                    x2 = 45;
                    y2 = 0;
                    string = "Size:";
                    fontname = "Courier New";
                    fontcolor = 162;
                    fonttype = 2;
                    fontsize = 2.38;
                    fontratio = 1;
                    fontslant = 0;
                    fontstyle = 0;
                    angle = 0;
                    justify = LEFT;
                    pen = 0;
                };

                text _tmp_1009
                {
                    name = "Text_12";
                    x1 = 15;
                    y1 = 1;
                    x2 = 15;
                    y2 = 1;
                    string = "Straight Rebar List:";
                    fontname = "Courier New";
                    fontcolor = 162;
                    fonttype = 2;
                    fontsize = 2.38;
                    fontratio = 1;
                    fontslant = 0;
                    fontstyle = 0;
                    angle = 0;
                    justify = LEFT;
                    pen = 0;
                };

                text _tmp_1010
                {
                    name = "Text_17";
                    x1 = 22;
                    y1 = 0;
                    x2 = 22;
                    y2 = 0;
                    string = "Qty:";
                    fontname = "Courier New";
                    fontcolor = 162;
                    fonttype = 2;
                    fontsize = 1;
                    fontratio = 1;
                    fontslant = 0;
                    fontstyle = 0;
                    angle = 0;
                    justify = LEFT;
                    pen = 0;
                };

                text _tmp_1011
                {
                    name = "Text_16";
                    x1 = 52;
                    y1 = 0;
                    x2 = 52;
                    y2 = 0;
                    string = "Length(mm):";
                    fontname = "Courier New";
                    fontcolor = 162;
                    fonttype = 2;
                    fontsize = 2.38;
                    fontratio = 1;
                    fontslant = 0;
                    fontstyle = 0;
                    angle = 0;
                    justify = LEFT;
                    pen = 0;
                };

                text _tmp_3047
                {
                    name = "Text_40";
                    x1 = 33;
                    y1 = 0;
                    x2 = 33;
                    y2 = 0;
                    string = "Grade:";
                    fontname = "Courier New";
                    fontcolor = 162;
                    fonttype = 2;
                    fontsize = 2.38;
                    fontratio = 1;
                    fontslant = 0;
                    fontstyle = 0;
                    angle = 0;
                    justify = LEFT;
                    pen = 0;
                };

                text _tmp_3429
                {
                    name = "Text_41";
                    x1 = 65;
                    y1 = 0;
                    x2 = 65;
                    y2 = 0;
                    string = "Length(mm):";
                    fontname = "Courier New";
                    fontcolor = 162;
                    fonttype = 2;
                    fontsize = 2.38;
                    fontratio = 1;
                    fontslant = 0;
                    fontstyle = 0;
                    angle = 0;
                    justify = LEFT;
                    pen = 0;
                };

                text _tmp_3439
                {
                    name = "Text_50";
                    x1 = 65;
                    y1 = 1;
                    x2 = 65;
                    y2 = 1;
                    string = "Total";
                    fontname = "Courier New";
                    fontcolor = 162;
                    fonttype = 2;
                    fontsize = 2.38;
                    fontratio = 1;
                    fontslant = 0;
                    fontstyle = 0;
                    angle = 0;
                    justify = LEFT;
                    pen = 0;
                };

                text _tmp_4373
                {
                    name = "Text_58";
                    x1 = 79;
                    y1 = 1;
                    x2 = 79;
                    y2 = 1;
                    string = "Total";
                    fontname = "Courier New";
                    fontcolor = 162;
                    fonttype = 2;
                    fontsize = 2.38;
                    fontratio = 1;
                    fontslant = 0;
                    fontstyle = 0;
                    angle = 0;
                    justify = LEFT;
                    pen = 0;
                };

                text _tmp_4374
                {
                    name = "Text_62";
                    x1 = 79;
                    y1 = 0;
                    x2 = 79;
                    y2 = 0;
                    string = "Weight(kg):";
                    fontname = "Courier New";
                    fontcolor = 162;
                    fonttype = 2;
                    fontsize = 2.38;
                    fontratio = 1;
                    fontslant = 0;
                    fontstyle = 0;
                    angle = 0;
                    justify = LEFT;
                    pen = 0;
                };
            };

            row _tmp_914
            {
                name = "STR_Rebar";
                height = 1;
                visibility = TRUE;
                usecolumns = FALSE;
                rule = "if (GetValue(\"SHAPE\") == \"STR\") then\r\n  Output()\r\nelse\r\n  StepOver()\r\nendif\r\n";
                contenttype = "REBAR";
                sorttype = COMBINE;

                valuefield _tmp_3049
                {
                    name = "StrBar_Grade";
                    location = (33, 0);
                    formula = "GetValue(\"GRADE\")";
                    datatype = STRING;
                    class = "";
                    cacheable = TRUE;
                    justify = LEFT;
                    visibility = TRUE;
                    angle = 0;
                    length = 7;
                    decimals = 0;
                    sortdirection = ASCENDING;
                    fontname = "Courier New";
                    fontcolor = 153;
                    fonttype = 2;
                    fontsize = 1;
                    fontratio = 1;
                    fontstyle = 0;
                    fontslant = 0;
                    pen = 0;
                    oncombine = NONE;
                };

                valuefield _tmp_3105
                {
                    name = "StrBar_Size";
                    location = (44, 0);
                    formula = "GetValue(\"SIZE\")";
                    datatype = STRING;
                    class = "";
                    cacheable = TRUE;
                    justify = CENTERED;
                    visibility = TRUE;
                    angle = 0;
                    length = 6;
                    decimals = 0;
                    sortdirection = ASCENDING;
                    fontname = "Courier New";
                    fontcolor = 153;
                    fonttype = 2;
                    fontsize = 1;
                    fontratio = 1;
                    fontstyle = 0;
                    fontslant = 0;
                    pen = 0;
                    oncombine = NONE;
                };

                valuefield _tmp_923
                {
                    name = "StrBar_LengthEA";
                    location = (53, 0);
                    formula = "GetValue(\"LENGTH\")";
                    datatype = DOUBLE;
                    class = "Length";
                    cacheable = TRUE;
                    justify = RIGHT;
                    visibility = TRUE;
                    angle = 0;
                    length = 8;
                    decimals = 0;
                    sortdirection = ASCENDING;
                    fontname = "Courier New";
                    fontcolor = 153;
                    fonttype = 2;
                    fontsize = 1;
                    fontratio = 1;
                    fontstyle = 0;
                    fontslant = 0;
                    pen = 0;
                    oncombine = NONE;
                    unit = "mm";
                };

                valuefield _tmp_920
                {
                    name = "StrBar_Number";
                    location = (22, 0);
                    formula = "GetValue(\"NUMBER\")";
                    datatype = INTEGER;
                    class = "";
                    cacheable = TRUE;
                    justify = RIGHT;
                    visibility = TRUE;
                    angle = 0;
                    length = 3;
                    decimals = 0;
                    sortdirection = NONE;
                    fontname = "Courier New";
                    fontcolor = 153;
                    fonttype = 2;
                    fontsize = 1;
                    fontratio = 1;
                    fontstyle = 0;
                    fontslant = 0;
                    pen = 0;
                    oncombine = SUM;
                };

                valuefield _tmp_3427
                {
                    name = "StrBar_LengthTotal";
                    location = (64, 0);
                    formula = "GetValue(\"LENGTH\")*GetValue(\"NUMBER\")";
                    datatype = DOUBLE;
                    class = "Length";
                    cacheable = TRUE;
                    justify = RIGHT;
                    visibility = TRUE;
                    angle = 0;
                    length = 10;
                    decimals = 0;
                    sortdirection = NONE;
                    fontname = "Courier New";
                    fontcolor = 153;
                    fonttype = 2;
                    fontsize = 1;
                    fontratio = 1;
                    fontstyle = 0;
                    fontslant = 0;
                    pen = 0;
                    oncombine = SUM;
                    unit = "mm";
                };

                valuefield _tmp_4377
                {
                    name = "ValueField_2";
                    location = (80, 0);
                    formula = "GetValue(\"WEIGHT_TOTAL\")";
                    datatype = DOUBLE;
                    class = "Weight";
                    cacheable = TRUE;
                    justify = RIGHT;
                    visibility = TRUE;
                    angle = 0;
                    length = 8;
                    decimals = 0;
                    sortdirection = NONE;
                    fontname = "Courier New";
                    fontcolor = 153;
                    fonttype = 2;
                    fontsize = 1;
                    fontratio = 1;
                    fontstyle = 0;
                    fontslant = 0;
                    pen = 0;
                    oncombine = SUM;
                    unit = "kg";
                };
            };

            row _tmp_977
            {
                name = "Text_Bent_Rebar";
                height = 3;
                visibility = TRUE;
                usecolumns = FALSE;
                rule = "if (GetValue(\"SHAPE\") != \"STR\") then\r\n  Output()\r\nelse\r\n  StepOver()\r\nendif";
                contenttype = "REBAR";
                sorttype = COMBINE;

                text _tmp_979
                {
                    name = "Rebar";
                    x1 = 15;
                    y1 = 1;
                    x2 = 15;
                    y2 = 1;
                    string = "Bent Rebar List:";
                    fontname = "Courier New";
                    fontcolor = 162;
                    fonttype = 2;
                    fontsize = 2.38;
                    fontratio = 1;
                    fontslant = 0;
                    fontstyle = 0;
                    angle = 0;
                    justify = LEFT;
                    pen = 0;
                };

                text _tmp_981
                {
                    name = "Text_6";
                    x1 = 15;
                    y1 = 2;
                    x2 = 15;
                    y2 = 2;
                    string = "_____________________________________________________________________________________";
                    fontname = "Courier New";
                    fontcolor = 162;
                    fonttype = 2;
                    fontsize = 2.38;
                    fontratio = 1;
                    fontslant = 0;
                    fontstyle = 0;
                    angle = 0;
                    justify = LEFT;
                    pen = 0;
                };

                text _tmp_987
                {
                    name = "Text_10";
                    x1 = 27;
                    y1 = 0;
                    x2 = 27;
                    y2 = 0;
                    string = "Typ:";
                    fontname = "Courier New";
                    fontcolor = 162;
                    fonttype = 2;
                    fontsize = 1;
                    fontratio = 1;
                    fontslant = 0;
                    fontstyle = 0;
                    angle = 0;
                    justify = LEFT;
                    pen = 0;
                };

                text _tmp_988
                {
                    name = "Text_9";
                    x1 = 22;
                    y1 = 0;
                    x2 = 22;
                    y2 = 0;
                    string = "Qty:";
                    fontname = "Courier New";
                    fontcolor = 162;
                    fonttype = 2;
                    fontsize = 1;
                    fontratio = 1;
                    fontslant = 0;
                    fontstyle = 0;
                    angle = 0;
                    justify = LEFT;
                    pen = 0;
                };

                text _tmp_3767
                {
                    name = "Text_13";
                    x1 = 33;
                    y1 = 0;
                    x2 = 33;
                    y2 = 0;
                    string = "Grade:";
                    fontname = "Courier New";
                    fontcolor = 162;
                    fonttype = 2;
                    fontsize = 2.38;
                    fontratio = 1;
                    fontslant = 0;
                    fontstyle = 0;
                    angle = 0;
                    justify = LEFT;
                    pen = 0;
                };

                text _tmp_3774
                {
                    name = "Text_42";
                    x1 = 45;
                    y1 = 0;
                    x2 = 45;
                    y2 = 0;
                    string = "Size:";
                    fontname = "Courier New";
                    fontcolor = 162;
                    fonttype = 2;
                    fontsize = 2.38;
                    fontratio = 1;
                    fontslant = 0;
                    fontstyle = 0;
                    angle = 0;
                    justify = LEFT;
                    pen = 0;
                };

                text _tmp_4016
                {
                    name = "Text_14";
                    x1 = 52;
                    y1 = 0;
                    x2 = 52;
                    y2 = 0;
                    string = "Length(mm):";
                    fontname = "Courier New";
                    fontcolor = 162;
                    fonttype = 2;
                    fontsize = 2.38;
                    fontratio = 1;
                    fontslant = 0;
                    fontstyle = 0;
                    angle = 0;
                    justify = LEFT;
                    pen = 0;
                };

                text _tmp_3442
                {
                    name = "Text_43";
                    x1 = 65;
                    y1 = 1;
                    x2 = 65;
                    y2 = 1;
                    string = "Total";
                    fontname = "Courier New";
                    fontcolor = 162;
                    fonttype = 2;
                    fontsize = 2.38;
                    fontratio = 1;
                    fontslant = 0;
                    fontstyle = 0;
                    angle = 0;
                    justify = LEFT;
                    pen = 0;
                };

                text _tmp_3443
                {
                    name = "Text_51";
                    x1 = 65;
                    y1 = 0;
                    x2 = 65;
                    y2 = 0;
                    string = "Length(mm):";
                    fontname = "Courier New";
                    fontcolor = 162;
                    fonttype = 2;
                    fontsize = 2.38;
                    fontratio = 1;
                    fontslant = 0;
                    fontstyle = 0;
                    angle = 0;
                    justify = LEFT;
                    pen = 0;
                };

                text _tmp_7731
                {
                    name = "Text_63";
                    x1 = 79;
                    y1 = 1;
                    x2 = 79;
                    y2 = 1;
                    string = "Total";
                    fontname = "Courier New";
                    fontcolor = 162;
                    fonttype = 2;
                    fontsize = 2.38;
                    fontratio = 1;
                    fontslant = 0;
                    fontstyle = 0;
                    angle = 0;
                    justify = LEFT;
                    pen = 0;
                };

                text _tmp_7732
                {
                    name = "Text_64";
                    x1 = 79;
                    y1 = 0;
                    x2 = 79;
                    y2 = 0;
                    string = "Weight(kg):";
                    fontname = "Courier New";
                    fontcolor = 162;
                    fonttype = 2;
                    fontsize = 2.38;
                    fontratio = 1;
                    fontslant = 0;
                    fontstyle = 0;
                    angle = 0;
                    justify = LEFT;
                    pen = 0;
                };
            };

            row _tmp_874
            {
                name = "Bent_Rebar";
                height = 1;
                visibility = TRUE;
                usecolumns = FALSE;
                rule = "if (GetValue(\"SHAPE\") != \"STR\") then\r\n  Output()\r\nelse\r\n  StepOver()\r\nendif\r\n";
                contenttype = "REBAR";
                sorttype = COMBINE;

                valuefield _tmp_3769
                {
                    name = "BentBar_Grade";
                    location = (33, 0);
                    formula = "GetValue(\"GRADE\")";
                    datatype = STRING;
                    class = "";
                    cacheable = TRUE;
                    justify = LEFT;
                    visibility = TRUE;
                    angle = 0;
                    length = 7;
                    decimals = 0;
                    sortdirection = ASCENDING;
                    fontname = "Courier New";
                    fontcolor = 153;
                    fonttype = 2;
                    fontsize = 1;
                    fontratio = 1;
                    fontstyle = 0;
                    fontslant = 0;
                    pen = 0;
                    oncombine = NONE;
                };

                valuefield _tmp_3772
                {
                    name = "BentBar_Size";
                    location = (44, 0);
                    formula = "GetValue(\"SIZE\")";
                    datatype = STRING;
                    class = "";
                    cacheable = TRUE;
                    justify = CENTERED;
                    visibility = TRUE;
                    angle = 0;
                    length = 6;
                    decimals = 0;
                    sortdirection = ASCENDING;
                    fontname = "Courier New";
                    fontcolor = 153;
                    fonttype = 2;
                    fontsize = 1;
                    fontratio = 1;
                    fontstyle = 0;
                    fontslant = 0;
                    pen = 0;
                    oncombine = NONE;
                };

                valuefield _tmp_898
                {
                    name = "BentBar_Shape";
                    location = (27, 0);
                    formula = "GetValue(\"SHAPE\")";
                    datatype = STRING;
                    class = "";
                    cacheable = TRUE;
                    justify = LEFT;
                    visibility = TRUE;
                    angle = 0;
                    length = 4;
                    decimals = 0;
                    sortdirection = ASCENDING;
                    fontname = "Courier New";
                    fontcolor = 153;
                    fonttype = 2;
                    fontsize = 1;
                    fontratio = 1;
                    fontstyle = 0;
                    fontslant = 0;
                    pen = 0;
                    oncombine = NONE;
                };

                valuefield _tmp_4014
                {
                    name = "BentBar_LengthEA";
                    location = (53, 0);
                    formula = "GetValue(\"LENGTH\")";
                    datatype = DOUBLE;
                    class = "Length";
                    cacheable = TRUE;
                    justify = RIGHT;
                    visibility = TRUE;
                    angle = 0;
                    length = 8;
                    decimals = 0;
                    sortdirection = ASCENDING;
                    fontname = "Courier New";
                    fontcolor = 153;
                    fonttype = 2;
                    fontsize = 1;
                    fontratio = 1;
                    fontstyle = 0;
                    fontslant = 0;
                    pen = 0;
                    oncombine = NONE;
                    unit = "mm";
                };

                valuefield _tmp_893
                {
                    name = "BentBar_Number";
                    location = (22, 0);
                    formula = "GetValue(\"NUMBER\")";
                    datatype = INTEGER;
                    class = "";
                    cacheable = TRUE;
                    justify = RIGHT;
                    visibility = TRUE;
                    angle = 0;
                    length = 3;
                    decimals = 0;
                    sortdirection = NONE;
                    fontname = "Courier New";
                    fontcolor = 153;
                    fonttype = 2;
                    fontsize = 1;
                    fontratio = 1;
                    fontstyle = 0;
                    fontslant = 0;
                    pen = 0;
                    oncombine = SUM;
                };

                valuefield _tmp_4020
                {
                    name = "BentBar_LengthTotal";
                    location = (64, 0);
                    formula = "GetValue(\"LENGTH\")*GetValue(\"NUMBER\")";
                    datatype = DOUBLE;
                    class = "Length";
                    cacheable = TRUE;
                    justify = RIGHT;
                    visibility = TRUE;
                    angle = 0;
                    length = 10;
                    decimals = 0;
                    sortdirection = NONE;
                    fontname = "Courier New";
                    fontcolor = 153;
                    fonttype = 2;
                    fontsize = 1;
                    fontratio = 1;
                    fontstyle = 0;
                    fontslant = 0;
                    pen = 0;
                    oncombine = SUM;
                    unit = "mm";
                };

                valuefield _tmp_7734
                {
                    name = "ValueField_3";
                    location = (80, 0);
                    formula = "GetValue(\"WEIGHT_TOTAL\")";
                    datatype = DOUBLE;
                    class = "Weight";
                    cacheable = TRUE;
                    justify = RIGHT;
                    visibility = TRUE;
                    angle = 0;
                    length = 8;
                    decimals = 0;
                    sortdirection = NONE;
                    fontname = "Courier New";
                    fontcolor = 153;
                    fonttype = 2;
                    fontsize = 1;
                    fontratio = 1;
                    fontstyle = 0;
                    fontslant = 0;
                    pen = 0;
                    oncombine = SUM;
                    unit = "kg";
                };
            };

            row _tmp_1018
            {
                name = "Text_Strand";
                height = 3;
                visibility = TRUE;
                usecolumns = FALSE;
                rule = "";
                contenttype = "STRAND";
                sorttype = COMBINE;

                text _tmp_1019
                {
                    name = "Text_7";
                    x1 = 15;
                    y1 = 2;
                    x2 = 15;
                    y2 = 2;
                    string = "_____________________________________________________________________________________";
                    fontname = "Courier New";
                    fontcolor = 162;
                    fonttype = 2;
                    fontsize = 2.38;
                    fontratio = 1;
                    fontslant = 0;
                    fontstyle = 0;
                    angle = 0;
                    justify = LEFT;
                    pen = 0;
                };

                text _tmp_1032
                {
                    name = "Text_21";
                    x1 = 15;
                    y1 = 1;
                    x2 = 15;
                    y2 = 1;
                    string = "Strand:";
                    fontname = "Courier New";
                    fontcolor = 162;
                    fonttype = 2;
                    fontsize = 2.38;
                    fontratio = 1;
                    fontslant = 0;
                    fontstyle = 0;
                    angle = 0;
                    justify = LEFT;
                    pen = 0;
                };

                text _tmp_1033
                {
                    name = "Text_23";
                    x1 = 33;
                    y1 = 0;
                    x2 = 33;
                    y2 = 0;
                    string = "Grade:";
                    fontname = "Courier New";
                    fontcolor = 162;
                    fonttype = 2;
                    fontsize = 2.38;
                    fontratio = 1;
                    fontslant = 0;
                    fontstyle = 0;
                    angle = 0;
                    justify = LEFT;
                    pen = 0;
                };

                text _tmp_1034
                {
                    name = "Text_24";
                    x1 = 22;
                    y1 = 0;
                    x2 = 22;
                    y2 = 0;
                    string = "Qty:";
                    fontname = "Courier New";
                    fontcolor = 162;
                    fonttype = 2;
                    fontsize = 1;
                    fontratio = 1;
                    fontslant = 0;
                    fontstyle = 0;
                    angle = 0;
                    justify = LEFT;
                    pen = 0;
                };

                text _tmp_1036
                {
                    name = "Text_22";
                    x1 = 52;
                    y1 = 0;
                    x2 = 52;
                    y2 = 0;
                    string = "Length(mm):";
                    fontname = "Courier New";
                    fontcolor = 162;
                    fonttype = 2;
                    fontsize = 2.38;
                    fontratio = 1;
                    fontslant = 0;
                    fontstyle = 0;
                    angle = 0;
                    justify = LEFT;
                    pen = 0;
                };

                text _tmp_1039
                {
                    name = "Text_25";
                    x1 = 94;
                    y1 = 0;
                    x2 = 94;
                    y2 = 0;
                    string = "Pi (KN):";
                    fontname = "Courier New";
                    fontcolor = 162;
                    fonttype = 2;
                    fontsize = 2.38;
                    fontratio = 1;
                    fontslant = 0;
                    fontstyle = 0;
                    angle = 0;
                    justify = LEFT;
                    pen = 0;
                };

                text _tmp_3446
                {
                    name = "Text_27";
                    x1 = 65;
                    y1 = 1;
                    x2 = 65;
                    y2 = 1;
                    string = "Total";
                    fontname = "Courier New";
                    fontcolor = 162;
                    fonttype = 2;
                    fontsize = 2.38;
                    fontratio = 1;
                    fontslant = 0;
                    fontstyle = 0;
                    angle = 0;
                    justify = LEFT;
                    pen = 0;
                };

                text _tmp_3447
                {
                    name = "Text_55";
                    x1 = 65;
                    y1 = 0;
                    x2 = 65;
                    y2 = 0;
                    string = "Length(mm):";
                    fontname = "Courier New";
                    fontcolor = 162;
                    fonttype = 2;
                    fontsize = 2.38;
                    fontratio = 1;
                    fontslant = 0;
                    fontstyle = 0;
                    angle = 0;
                    justify = LEFT;
                    pen = 0;
                };

                text _tmp_11967
                {
                    name = "Text_65";
                    x1 = 45;
                    y1 = 0;
                    x2 = 45;
                    y2 = 0;
                    string = "Size:";
                    fontname = "Courier New";
                    fontcolor = 162;
                    fonttype = 2;
                    fontsize = 2.38;
                    fontratio = 1;
                    fontslant = 0;
                    fontstyle = 0;
                    angle = 0;
                    justify = LEFT;
                    pen = 0;
                };

                text _tmp_13000
                {
                    name = "Text_66";
                    x1 = 79;
                    y1 = 1;
                    x2 = 79;
                    y2 = 1;
                    string = "Total";
                    fontname = "Courier New";
                    fontcolor = 162;
                    fonttype = 2;
                    fontsize = 2.38;
                    fontratio = 1;
                    fontslant = 0;
                    fontstyle = 0;
                    angle = 0;
                    justify = LEFT;
                    pen = 0;
                };

                text _tmp_13001
                {
                    name = "Text_67";
                    x1 = 79;
                    y1 = 0;
                    x2 = 79;
                    y2 = 0;
                    string = "Weight(kg):";
                    fontname = "Courier New";
                    fontcolor = 162;
                    fonttype = 2;
                    fontsize = 2.38;
                    fontratio = 1;
                    fontslant = 0;
                    fontstyle = 0;
                    angle = 0;
                    justify = LEFT;
                    pen = 0;
                };
            };

            row _tmp_947
            {
                name = "Strand";
                height = 1;
                visibility = TRUE;
                usecolumns = FALSE;
                rule = "";
                contenttype = "STRAND";
                sorttype = COMBINE;

                valuefield _tmp_953
                {
                    name = "Strand_Material";
                    location = (33, 0);
                    formula = "GetValue(\"MATERIAL\")";
                    datatype = STRING;
                    class = "";
                    cacheable = TRUE;
                    justify = LEFT;
                    visibility = TRUE;
                    angle = 0;
                    length = 7;
                    decimals = 0;
                    sortdirection = ASCENDING;
                    fontname = "Courier New";
                    fontcolor = 153;
                    fonttype = 2;
                    fontsize = 1;
                    fontratio = 1;
                    fontstyle = 0;
                    fontslant = 0;
                    pen = 0;
                    oncombine = NONE;
                };

                valuefield _tmp_948
                {
                    name = "Strand_LengthEA";
                    location = (53, 0);
                    formula = "GetValue(\"LENGTH\")";
                    datatype = DOUBLE;
                    class = "Length";
                    cacheable = TRUE;
                    justify = RIGHT;
                    visibility = TRUE;
                    angle = 0;
                    length = 8;
                    decimals = 0;
                    sortdirection = ASCENDING;
                    fontname = "Courier New";
                    fontcolor = 153;
                    fonttype = 2;
                    fontsize = 1;
                    fontratio = 1;
                    fontstyle = 0;
                    fontslant = 0;
                    pen = 0;
                    oncombine = NONE;
                    unit = "mm";
                };

                valuefield _tmp_960
                {
                    name = "Strand_Pull";
                    location = (94, 0);
                    formula = "GetValue(\"STRAND_PULL_FORCE\")";
                    datatype = DOUBLE;
                    class = "Force";
                    cacheable = TRUE;
                    justify = RIGHT;
                    visibility = TRUE;
                    angle = 0;
                    length = 8;
                    decimals = 2;
                    sortdirection = ASCENDING;
                    fontname = "Courier New";
                    fontcolor = 153;
                    fonttype = 2;
                    fontsize = 1;
                    fontratio = 1;
                    fontstyle = 0;
                    fontslant = 0;
                    pen = 0;
                    oncombine = NONE;
                    unit = "kN";
                };

                valuefield _tmp_959
                {
                    name = "Strand_Number";
                    location = (22, 0);
                    formula = "GetValue(\"NUMBER\")";
                    datatype = INTEGER;
                    class = "";
                    cacheable = TRUE;
                    justify = RIGHT;
                    visibility = TRUE;
                    angle = 0;
                    length = 3;
                    decimals = 0;
                    sortdirection = NONE;
                    fontname = "Courier New";
                    fontcolor = 153;
                    fonttype = 2;
                    fontsize = 1;
                    fontratio = 1;
                    fontstyle = 0;
                    fontslant = 0;
                    pen = 0;
                    oncombine = SUM;
                };

                valuefield _tmp_970
                {
                    name = "Strand_LengthTotal";
                    location = (64, 0);
                    formula = "GetValue(\"NUMBER\")*GetValue(\"LENGTH\")";
                    datatype = DOUBLE;
                    class = "Length";
                    cacheable = TRUE;
                    justify = RIGHT;
                    visibility = TRUE;
                    angle = 0;
                    length = 10;
                    decimals = 0;
                    sortdirection = NONE;
                    fontname = "Courier New";
                    fontcolor = 153;
                    fonttype = 2;
                    fontsize = 1;
                    fontratio = 1;
                    fontstyle = 0;
                    fontslant = 0;
                    pen = 0;
                    oncombine = SUM;
                    unit = "mm";
                };

                valuefield _tmp_11969
                {
                    name = "ValueField_4";
                    location = (44, 0);
                    formula = "GetValue(\"SIZE\")";
                    datatype = STRING;
                    class = "";
                    cacheable = TRUE;
                    justify = CENTERED;
                    visibility = TRUE;
                    angle = 0;
                    length = 6;
                    decimals = 0;
                    sortdirection = ASCENDING;
                    fontname = "Courier New";
                    fontcolor = 153;
                    fonttype = 2;
                    fontsize = 1;
                    fontratio = 1;
                    fontstyle = 0;
                    fontslant = 0;
                    pen = 0;
                    oncombine = NONE;
                };

                valuefield _tmp_13003
                {
                    name = "ValueField_5";
                    location = (80, 0);
                    formula = "GetValue(\"WEIGHT_TOTAL\")";
                    datatype = DOUBLE;
                    class = "Weight";
                    cacheable = TRUE;
                    justify = RIGHT;
                    visibility = TRUE;
                    angle = 0;
                    length = 8;
                    decimals = 0;
                    sortdirection = NONE;
                    fontname = "Courier New";
                    fontcolor = 153;
                    fonttype = 2;
                    fontsize = 1;
                    fontratio = 1;
                    fontstyle = 0;
                    fontslant = 0;
                    pen = 0;
                    oncombine = SUM;
                    unit = "kg";
                };
            };

            row _tmp_841
            {
                name = "Text_Mesh";
                height = 3;
                visibility = TRUE;
                usecolumns = FALSE;
                rule = "";
                contenttype = "MESH";
                sorttype = COMBINE;

                text _tmp_851
                {
                    name = "Text_18";
                    x1 = 15;
                    y1 = 1;
                    x2 = 15;
                    y2 = 1;
                    string = "Mesh:";
                    fontname = "Courier New";
                    fontcolor = 162;
                    fonttype = 2;
                    fontsize = 2.38;
                    fontratio = 1;
                    fontslant = 0;
                    fontstyle = 0;
                    angle = 0;
                    justify = LEFT;
                    pen = 0;
                };

                text _tmp_852
                {
                    name = "Text_26";
                    x1 = 15;
                    y1 = 2;
                    x2 = 15;
                    y2 = 2;
                    string = "_____________________________________________________________________________________";
                    fontname = "Courier New";
                    fontcolor = 162;
                    fonttype = 2;
                    fontsize = 2.38;
                    fontratio = 1;
                    fontslant = 0;
                    fontstyle = 0;
                    angle = 0;
                    justify = LEFT;
                    pen = 0;
                };

                text _tmp_853
                {
                    name = "Text_30";
                    x1 = 45;
                    y1 = 0;
                    x2 = 45;
                    y2 = 0;
                    string = "Catalog Size:";
                    fontname = "Courier New";
                    fontcolor = 162;
                    fonttype = 2;
                    fontsize = 2.38;
                    fontratio = 1;
                    fontslant = 0;
                    fontstyle = 0;
                    angle = 0;
                    justify = LEFT;
                    pen = 0;
                };

                text _tmp_855
                {
                    name = "Text_32";
                    x1 = 73;
                    y1 = 0;
                    x2 = 73;
                    y2 = 0;
                    string = "Area (§³):";
                    fontname = "Courier New";
                    fontcolor = 162;
                    fonttype = 2;
                    fontsize = 2.38;
                    fontratio = 1;
                    fontslant = 0;
                    fontstyle = 0;
                    angle = 0;
                    justify = LEFT;
                    pen = 0;
                };

                text _tmp_867
                {
                    name = "Text_33";
                    x1 = 33;
                    y1 = 0;
                    x2 = 33;
                    y2 = 0;
                    string = "Grade:";
                    fontname = "Courier New";
                    fontcolor = 162;
                    fonttype = 2;
                    fontsize = 2.38;
                    fontratio = 1;
                    fontslant = 0;
                    fontstyle = 0;
                    angle = 0;
                    justify = LEFT;
                    pen = 0;
                };

                text _tmp_854
                {
                    name = "Text_36";
                    x1 = 22;
                    y1 = 0;
                    x2 = 22;
                    y2 = 0;
                    string = "Qty:";
                    fontname = "Courier New";
                    fontcolor = 162;
                    fonttype = 2;
                    fontsize = 1;
                    fontratio = 1;
                    fontslant = 0;
                    fontstyle = 0;
                    angle = 0;
                    justify = LEFT;
                    pen = 0;
                };
            };

            row _tmp_891
            {
                name = "Mesh_Catalog";
                height = 1;
                visibility = TRUE;
                usecolumns = FALSE;
                rule = "";
                contenttype = "MESH";
                sorttype = COMBINE;

                valuefield _tmp_894
                {
                    name = "Mesh_Grade";
                    location = (33, 0);
                    formula = "GetValue(\"GRADE\")";
                    datatype = STRING;
                    class = "";
                    cacheable = TRUE;
                    justify = LEFT;
                    visibility = TRUE;
                    angle = 0;
                    length = 8;
                    decimals = 0;
                    sortdirection = ASCENDING;
                    fontname = "Courier New";
                    fontcolor = 153;
                    fonttype = 2;
                    fontsize = 1;
                    fontratio = 1;
                    fontstyle = 0;
                    fontslant = 0;
                    pen = 0;
                    oncombine = NONE;
                };

                valuefield _tmp_892
                {
                    name = "Mesh_Size";
                    location = (45, 0);
                    formula = "GetValue(\"CATALOG_NAME\")";
                    datatype = STRING;
                    class = "";
                    cacheable = TRUE;
                    justify = LEFT;
                    visibility = TRUE;
                    angle = 0;
                    length = 20;
                    decimals = 0;
                    sortdirection = ASCENDING;
                    fontname = "Courier New";
                    fontcolor = 153;
                    fonttype = 2;
                    fontsize = 1;
                    fontratio = 1;
                    fontstyle = 0;
                    fontslant = 0;
                    pen = 0;
                    oncombine = NONE;
                };

                valuefield _tmp_893
                {
                    name = "Mesh_Area";
                    location = (75, 0);
                    formula = "GetValue(\"AREA\")";
                    datatype = DOUBLE;
                    class = "Area";
                    cacheable = TRUE;
                    justify = RIGHT;
                    visibility = TRUE;
                    angle = 0;
                    length = 8;
                    decimals = 2;
                    sortdirection = ASCENDING;
                    fontname = "Courier New";
                    fontcolor = 153;
                    fonttype = 2;
                    fontsize = 1;
                    fontratio = 1;
                    fontstyle = 0;
                    fontslant = 0;
                    pen = 0;
                    oncombine = NONE;
                    unit = "m2";
                };

                valuefield _tmp_850
                {
                    name = "Mesh_Number";
                    location = (22, 0);
                    formula = "GetValue(\"NUMBER\")";
                    datatype = INTEGER;
                    class = "";
                    cacheable = TRUE;
                    justify = RIGHT;
                    visibility = TRUE;
                    angle = 0;
                    length = 3;
                    decimals = 0;
                    sortdirection = NONE;
                    fontname = "Courier New";
                    fontcolor = 153;
                    fonttype = 2;
                    fontsize = 1;
                    fontratio = 1;
                    fontstyle = 0;
                    fontslant = 0;
                    pen = 0;
                    oncombine = SUM;
                };
            };
        };

        valuefield _tmp_29
        {
            name = "ValueField_201";
            location = (105, 1);
            formula = "GetValue(\"VOLUME\")*GetValue(\"NUMBER\")";
            datatype = DOUBLE;
            class = "Volume";
            cacheable = TRUE;
            justify = RIGHT;
            visibility = TRUE;
            angle = 0;
            length = 12;
            decimals = 2;
            sortdirection = NONE;
            fontname = "Courier New";
            fontcolor = 153;
            fonttype = 2;
            fontsize = 1;
            fontratio = 1;
            fontstyle = 0;
            fontslant = 0;
            pen = 0;
            oncombine = SUM;
            unit = "m3";
        };

        text _tmp_30
        {
            name = "Text_341";
            x1 = 102;
            y1 = 2;
            x2 = 102;
            y2 = 2;
            string = "Total Volume (§©):";
            fontname = "Courier New";
            fontcolor = 162;
            fonttype = 2;
            fontsize = 1;
            fontratio = 1;
            fontslant = 0;
            fontstyle = 0;
            angle = 0;
            justify = LEFT;
            pen = 0;
        };
    };

    row _tmp_519
    {
        name = "CAST_UNIT_BEAM";
        height = 4;
        visibility = TRUE;
        usecolumns = FALSE;
        rule = "if match(GetValue(\"CAST_UNIT_TYPE\"),\"*Precast*\") && match(GetValue(\"MAINPART.NAME\"),\"*BEAM*\")\r\n then\r\n  Output()\r\nelse\r\n  StepOver()\r\nendif";
        contenttype = "CAST_UNIT";
        sorttype = COMBINE;

        valuefield _tmp_520
        {
            name = "ValueField_54";
            location = (9, 1);
            formula = "GetValue(\"MAINPART.NAME\")";
            datatype = STRING;
            class = "";
            cacheable = TRUE;
            justify = LEFT;
            visibility = TRUE;
            angle = 0;
            length = 15;
            decimals = 0;
            sortdirection = ASCENDING;
            fontname = "Courier New";
            fontcolor = 153;
            fonttype = 2;
            fontsize = 1;
            fontratio = 1;
            fontstyle = 0;
            fontslant = 0;
            pen = 0;
            oncombine = NONE;
        };

        valuefield _tmp_521
        {
            name = "ValueField_55";
            location = (37, 1);
            formula = "GetValue(\"MATERIAL\")";
            datatype = STRING;
            class = "";
            cacheable = TRUE;
            justify = LEFT;
            visibility = TRUE;
            angle = 0;
            length = 7;
            decimals = 0;
            sortdirection = ASCENDING;
            fontname = "Courier New";
            fontcolor = 153;
            fonttype = 2;
            fontsize = 1;
            fontratio = 1;
            fontstyle = 0;
            fontslant = 0;
            pen = 0;
            oncombine = NONE;
        };

        valuefield _tmp_522
        {
            name = "ValueField_56";
            location = (66, 1);
            formula = "mid(GetValue(\"MAINPART.PROFILE.WIDTH\"),0,find(GetValue(\"MAINPART.PROFILE.WIDTH\"), \".\"))\r\n+\"X\"+mid(GetValue(\"MAINPART.PROFILE.HEIGHT\"),0,find(GetValue(\"MAINPART.PROFILE.HEIGHT\"), \".\"))";
            datatype = STRING;
            class = "";
            cacheable = TRUE;
            justify = LEFT;
            visibility = TRUE;
            angle = 0;
            length = 20;
            decimals = 0;
            sortdirection = ASCENDING;
            fontname = "Courier New";
            fontcolor = 164;
            fonttype = 2;
            fontsize = 2.38;
            fontratio = 1;
            fontstyle = 0;
            fontslant = 0;
            pen = 0;
            oncombine = NONE;
        };

        valuefield _tmp_523
        {
            name = "ValueField_57";
            location = (49, 1);
            formula = "GetValue(\"LENGTH\")";
            datatype = DOUBLE;
            class = "Length";
            cacheable = TRUE;
            justify = RIGHT;
            visibility = TRUE;
            angle = 0;
            length = 12;
            decimals = 0;
            sortdirection = ASCENDING;
            fontname = "Courier New";
            fontcolor = 164;
            fonttype = 2;
            fontsize = 2.38;
            fontratio = 1;
            fontstyle = 0;
            fontslant = 0;
            pen = 0;
            oncombine = NONE;
            unit = "mm";
        };

        text _tmp_524
        {
            name = "Text_136";
            x1 = 2;
            y1 = 2;
            x2 = 2;
            y2 = 2;
            string = "Qty:";
            fontname = "Courier New";
            fontcolor = 162;
            fonttype = 2;
            fontsize = 1;
            fontratio = 1;
            fontslant = 0;
            fontstyle = 0;
            angle = 0;
            justify = LEFT;
            pen = 0;
        };

        text _tmp_525
        {
            name = "Text_137";
            x1 = 37;
            y1 = 2;
            x2 = 37;
            y2 = 2;
            string = "Material:";
            fontname = "Courier New";
            fontcolor = 162;
            fonttype = 2;
            fontsize = 1;
            fontratio = 1;
            fontslant = 0;
            fontstyle = 0;
            angle = 0;
            justify = LEFT;
            pen = 0;
        };

        text _tmp_526
        {
            name = "Text_138";
            x1 = 1;
            y1 = 3;
            x2 = 1;
            y2 = 3;
            string = "________________________________________________________________________________________________________________________________________";
            fontname = "Courier New";
            fontcolor = 162;
            fonttype = 2;
            fontsize = 2.38;
            fontratio = 1;
            fontslant = 0;
            fontstyle = 0;
            angle = 0;
            justify = LEFT;
            pen = 0;
        };

        text _tmp_527
        {
            name = "Text_139";
            x1 = 66;
            y1 = 2;
            x2 = 66;
            y2 = 2;
            string = "Profile:";
            fontname = "Courier New";
            fontcolor = 162;
            fonttype = 2;
            fontsize = 1;
            fontratio = 1;
            fontslant = 0;
            fontstyle = 0;
            angle = 0;
            justify = LEFT;
            pen = 0;
        };

        text _tmp_528
        {
            name = "Text_140";
            x1 = 51;
            y1 = 2;
            x2 = 51;
            y2 = 2;
            string = "Length(mm):";
            fontname = "Courier New";
            fontcolor = 162;
            fonttype = 2;
            fontsize = 1;
            fontratio = 1;
            fontslant = 0;
            fontstyle = 0;
            angle = 0;
            justify = LEFT;
            pen = 0;
        };

        valuefield _tmp_529
        {
            name = "ValueField_58";
            location = (2, 1);
            formula = "GetValue(\"NUMBER\")";
            datatype = INTEGER;
            class = "";
            cacheable = TRUE;
            justify = LEFT;
            visibility = TRUE;
            angle = 0;
            length = 4;
            sortdirection = NONE;
            fontname = "Courier New";
            fontcolor = 153;
            fonttype = 2;
            fontsize = 1;
            fontratio = 1;
            fontstyle = 0;
            fontslant = 0;
            pen = 0;
            oncombine = SUM;
        };

        text _tmp_530
        {
            name = "Text_141";
            x1 = 9;
            y1 = 2;
            x2 = 9;
            y2 = 2;
            string = "Name:";
            fontname = "Courier New";
            fontcolor = 162;
            fonttype = 2;
            fontsize = 1;
            fontratio = 1;
            fontslant = 0;
            fontstyle = 0;
            angle = 0;
            justify = LEFT;
            pen = 0;
        };

        valuefield _tmp_531
        {
            name = "ValueField_59";
            location = (86, 1);
            formula = "GetValue(\"VOLUME\")";
            datatype = DOUBLE;
            class = "Volume";
            cacheable = TRUE;
            justify = RIGHT;
            visibility = TRUE;
            angle = 0;
            length = 12;
            decimals = 2;
            sortdirection = NONE;
            fontname = "Courier New";
            fontcolor = 153;
            fonttype = 2;
            fontsize = 1;
            fontratio = 1;
            fontstyle = 0;
            fontslant = 0;
            pen = 0;
            oncombine = NONE;
            unit = "m3";
        };

        text _tmp_532
        {
            name = "Text_142";
            x1 = 87;
            y1 = 2;
            x2 = 87;
            y2 = 2;
            string = "Volume (§©):";
            fontname = "Courier New";
            fontcolor = 162;
            fonttype = 2;
            fontsize = 1;
            fontratio = 1;
            fontslant = 0;
            fontstyle = 0;
            angle = 0;
            justify = LEFT;
            pen = 0;
        };

        valuefield _tmp_533
        {
            name = "ValueField_60";
            location = (121, 1);
            formula = "GetValue(\"WEIGHT\")";
            datatype = DOUBLE;
            class = "Weight";
            cacheable = TRUE;
            justify = RIGHT;
            visibility = TRUE;
            angle = 0;
            length = 12;
            decimals = 0;
            sortdirection = NONE;
            fontname = "Courier New";
            fontcolor = 153;
            fonttype = 2;
            fontsize = 1;
            fontratio = 1;
            fontstyle = 0;
            fontslant = 0;
            pen = 0;
            oncombine = NONE;
            unit = "kg";
        };

        text _tmp_534
        {
            name = "Text_143";
            x1 = 122;
            y1 = 2;
            x2 = 122;
            y2 = 2;
            string = "Weight (kg):";
            fontname = "Courier New";
            fontcolor = 162;
            fonttype = 2;
            fontsize = 1;
            fontratio = 1;
            fontslant = 0;
            fontstyle = 0;
            angle = 0;
            justify = LEFT;
            pen = 0;
        };

        text _tmp_535
        {
            name = "Text_144";
            x1 = 27;
            y1 = 2;
            x2 = 27;
            y2 = 2;
            string = "Mark:";
            fontname = "Courier New";
            fontcolor = 162;
            fonttype = 2;
            fontsize = 1;
            fontratio = 1;
            fontslant = 0;
            fontstyle = 0;
            angle = 0;
            justify = LEFT;
            pen = 0;
        };

        valuefield _tmp_536
        {
            name = "ValueField_61";
            location = (27, 1);
            formula = "GetValue(\"CAST_UNIT_POS\")";
            datatype = STRING;
            class = "";
            cacheable = TRUE;
            justify = LEFT;
            visibility = TRUE;
            angle = 0;
            length = 7;
            decimals = 0;
            sortdirection = ASCENDING;
            fontname = "Courier New";
            fontcolor = 153;
            fonttype = 2;
            fontsize = 1;
            fontratio = 1;
            fontstyle = 0;
            fontslant = 0;
            pen = 0;
            oncombine = NONE;
        };

        row _tmp_537
        {
            name = "Row_14";
            height = 3;
            visibility = TRUE;
            usecolumns = FALSE;
            rule = "if (GetValue(\"MAINPART.MATERIAL_TYPE\") != \"CONCRETE\") then\n  Output()\nelse\n  StepOver()\nendif\n";
            contenttype = "ASSEMBLY";
            sorttype = COMBINE;

            text _tmp_538
            {
                name = "Text_145";
                x1 = 29;
                y1 = 0;
                x2 = 29;
                y2 = 0;
                string = "Name:";
                fontname = "Courier New";
                fontcolor = 162;
                fonttype = 2;
                fontsize = 2.38;
                fontratio = 1;
                fontslant = 0;
                fontstyle = 0;
                angle = 0;
                justify = LEFT;
                pen = 0;
            };

            text _tmp_539
            {
                name = "Text_146";
                x1 = 54;
                y1 = 0;
                x2 = 54;
                y2 = 0;
                string = "Profile:";
                fontname = "Courier New";
                fontcolor = 162;
                fonttype = 2;
                fontsize = 2.38;
                fontratio = 1;
                fontslant = 0;
                fontstyle = 0;
                angle = 0;
                justify = LEFT;
                pen = 0;
            };

            text _tmp_540
            {
                name = "Text_147";
                x1 = 22;
                y1 = 0;
                x2 = 22;
                y2 = 0;
                string = "Qty:";
                fontname = "Courier New";
                fontcolor = 162;
                fonttype = 2;
                fontsize = 1;
                fontratio = 1;
                fontslant = 0;
                fontstyle = 0;
                angle = 0;
                justify = LEFT;
                pen = 0;
            };

            text _tmp_541
            {
                name = "Text_148";
                x1 = 42;
                y1 = 0;
                x2 = 42;
                y2 = 0;
                string = "Material:";
                fontname = "Courier New";
                fontcolor = 162;
                fonttype = 2;
                fontsize = 2.38;
                fontratio = 1;
                fontslant = 0;
                fontstyle = 0;
                angle = 0;
                justify = LEFT;
                pen = 0;
            };

            text _tmp_542
            {
                name = "Text_149";
                x1 = 15;
                y1 = 1;
                x2 = 15;
                y2 = 1;
                string = "Component Parts:";
                fontname = "Courier New";
                fontcolor = 162;
                fonttype = 2;
                fontsize = 2.38;
                fontratio = 1;
                fontslant = 0;
                fontstyle = 0;
                angle = 0;
                justify = LEFT;
                pen = 0;
            };

            text _tmp_543
            {
                name = "Text_150";
                x1 = 15;
                y1 = 2;
                x2 = 15;
                y2 = 2;
                string = "_____________________________________________________________________________________________________________________";
                fontname = "Courier New";
                fontcolor = 162;
                fonttype = 2;
                fontsize = 2.38;
                fontratio = 1;
                fontslant = 0;
                fontstyle = 0;
                angle = 0;
                justify = LEFT;
                pen = 0;
            };

            text _tmp_544
            {
                name = "Text_151";
                x1 = 104;
                y1 = 0;
                x2 = 104;
                y2 = 0;
                string = "Description:";
                fontname = "Courier New";
                fontcolor = 162;
                fonttype = 2;
                fontsize = 2.38;
                fontratio = 1;
                fontslant = 0;
                fontstyle = 0;
                angle = 0;
                justify = LEFT;
                pen = 0;
            };

            text _tmp_545
            {
                name = "Text_152";
                x1 = 71;
                y1 = 0;
                x2 = 71;
                y2 = 0;
                string = "Length(mm):";
                fontname = "Courier New";
                fontcolor = 162;
                fonttype = 2;
                fontsize = 2.38;
                fontratio = 1;
                fontslant = 0;
                fontstyle = 0;
                angle = 0;
                justify = LEFT;
                pen = 0;
            };

            text _tmp_546
            {
                name = "Text_153";
                x1 = 83;
                y1 = 0;
                x2 = 83;
                y2 = 0;
                string = "Finish:";
                fontname = "Courier New";
                fontcolor = 162;
                fonttype = 2;
                fontsize = 2.38;
                fontratio = 1;
                fontslant = 0;
                fontstyle = 0;
                angle = 0;
                justify = LEFT;
                pen = 0;
            };

            text _tmp_547
            {
                name = "Text_154";
                x1 = 95;
                y1 = 0;
                x2 = 95;
                y2 = 0;
                string = "Class:";
                fontname = "Courier New";
                fontcolor = 162;
                fonttype = 2;
                fontsize = 2.38;
                fontratio = 1;
                fontslant = 0;
                fontstyle = 0;
                angle = 0;
                justify = LEFT;
                pen = 0;
            };
        };

        row _tmp_548
        {
            name = "Row_15";
            height = 1;
            visibility = TRUE;
            usecolumns = FALSE;
            rule = "if (GetValue(\"MAINPART.MATERIAL_TYPE\") != \"CONCRETE\") then\n  Output()\nelse\n  StepOver()\nendif\n";
            contenttype = "ASSEMBLY";
            sorttype = COMBINE;

            valuefield _tmp_549
            {
                name = "ValueField_62";
                location = (29, 0);
                formula = "GetValue(\"MAINPART.NAME\")";
                datatype = STRING;
                class = "";
                cacheable = TRUE;
                justify = LEFT;
                visibility = TRUE;
                angle = 0;
                length = 10;
                sortdirection = ASCENDING;
                fontname = "Courier New";
                fontcolor = 153;
                fonttype = 2;
                fontsize = 1;
                fontratio = 1;
                fontstyle = 0;
                fontslant = 0;
                pen = 0;
                oncombine = NONE;
            };

            valuefield _tmp_550
            {
                name = "ValueField_63";
                location = (42, 0);
                formula = "GetValue(\"MAINPART.MATERIAL\")";
                datatype = STRING;
                class = "";
                cacheable = TRUE;
                justify = LEFT;
                visibility = TRUE;
                angle = 0;
                length = 7;
                sortdirection = ASCENDING;
                fontname = "Courier New";
                fontcolor = 153;
                fonttype = 2;
                fontsize = 1;
                fontratio = 1;
                fontstyle = 0;
                fontslant = 0;
                pen = 0;
                oncombine = NONE;
            };

            valuefield _tmp_551
            {
                name = "ValueField_64";
                location = (53, 0);
                formula = "GetValue(\"MAINPART.PROFILE\")";
                datatype = STRING;
                class = "";
                cacheable = TRUE;
                justify = LEFT;
                visibility = TRUE;
                angle = 0;
                length = 14;
                sortdirection = ASCENDING;
                fontname = "Courier New";
                fontcolor = 153;
                fonttype = 2;
                fontsize = 1;
                fontratio = 1;
                fontstyle = 0;
                fontslant = 0;
                pen = 0;
                oncombine = NONE;
            };

            valuefield _tmp_552
            {
                name = "ValueField_65";
                location = (69, 0);
                formula = "GetValue(\"MAINPART.LENGTH\")";
                datatype = DOUBLE;
                class = "Length";
                cacheable = TRUE;
                justify = RIGHT;
                visibility = TRUE;
                angle = 0;
                length = 12;
                decimals = 0;
                sortdirection = ASCENDING;
                fontname = "Courier New";
                fontcolor = 153;
                fonttype = 2;
                fontsize = 1;
                fontratio = 1;
                fontstyle = 0;
                fontslant = 0;
                pen = 0;
                oncombine = NONE;
                unit = "mm";
            };

            valuefield _tmp_553
            {
                name = "ValueField_66";
                location = (83, 0);
                formula = "GetValue(\"MAINPART.FINISH\")";
                datatype = STRING;
                class = "";
                cacheable = TRUE;
                justify = LEFT;
                visibility = TRUE;
                angle = 0;
                length = 10;
                sortdirection = ASCENDING;
                fontname = "Courier New";
                fontcolor = 153;
                fonttype = 2;
                fontsize = 1;
                fontratio = 1;
                fontstyle = 0;
                fontslant = 0;
                pen = 0;
                oncombine = NONE;
            };

            valuefield _tmp_554
            {
                name = "ValueField_67";
                location = (95, 0);
                formula = "GetValue(\"MAINPART.CLASS_ATTR\")";
                datatype = STRING;
                class = "";
                cacheable = TRUE;
                justify = LEFT;
                visibility = TRUE;
                angle = 0;
                length = 6;
                sortdirection = ASCENDING;
                fontname = "Courier New";
                fontcolor = 153;
                fonttype = 2;
                fontsize = 1;
                fontratio = 1;
                fontstyle = 0;
                fontslant = 0;
                pen = 0;
                oncombine = NONE;
            };

            valuefield _tmp_555
            {
                name = "ValueField_68";
                location = (22, 0);
                formula = "GetValue(\"NUMBER\")";
                datatype = INTEGER;
                class = "";
                cacheable = TRUE;
                justify = LEFT;
                visibility = TRUE;
                angle = 0;
                length = 3;
                sortdirection = NONE;
                fontname = "Courier New";
                fontcolor = 153;
                fonttype = 2;
                fontsize = 1;
                fontratio = 1;
                fontstyle = 0;
                fontslant = 0;
                pen = 0;
                oncombine = SUM;
            };

            valuefield _tmp_556
            {
                name = "ValueField_69";
                location = (104, 0);
                formula = "GetValue(\"MAINPART.USERDEFINED.USER_FIELD_1\")";
                datatype = STRING;
                class = "";
                cacheable = TRUE;
                justify = LEFT;
                visibility = TRUE;
                angle = 0;
                length = 20;
                sortdirection = NONE;
                fontname = "Courier New";
                fontcolor = 153;
                fonttype = 2;
                fontsize = 1;
                fontratio = 1;
                fontstyle = 0;
                fontslant = 0;
                pen = 0;
                oncombine = NONE;
            };
        };

        row _tmp_557
        {
            name = "Row_16";
            height = 3;
            visibility = TRUE;
            usecolumns = FALSE;
            rule = "if (GetValue(\"MATERIAL_TYPE\") != \"CONCRETE\" ) then\n  Output()\nelse\n  StepOver()\nendif\n";
            contenttype = "PART";
            sorttype = COMBINE;

            text _tmp_558
            {
                name = "Text_155";
                x1 = 30;
                y1 = 0;
                x2 = 30;
                y2 = 0;
                string = "Name:";
                fontname = "Courier New";
                fontcolor = 162;
                fonttype = 2;
                fontsize = 2.38;
                fontratio = 1;
                fontslant = 0;
                fontstyle = 0;
                angle = 0;
                justify = LEFT;
                pen = 0;
            };

            text _tmp_559
            {
                name = "Text_156";
                x1 = 71;
                y1 = 0;
                x2 = 71;
                y2 = 0;
                string = "Length(mm):";
                fontname = "Courier New";
                fontcolor = 162;
                fonttype = 2;
                fontsize = 2.38;
                fontratio = 1;
                fontslant = 0;
                fontstyle = 0;
                angle = 0;
                justify = LEFT;
                pen = 0;
            };

            text _tmp_560
            {
                name = "Text_157";
                x1 = 22;
                y1 = 0;
                x2 = 22;
                y2 = 0;
                string = "Qty:";
                fontname = "Courier New";
                fontcolor = 162;
                fonttype = 2;
                fontsize = 1;
                fontratio = 1;
                fontslant = 0;
                fontstyle = 0;
                angle = 0;
                justify = LEFT;
                pen = 0;
            };

            text _tmp_561
            {
                name = "Text_158";
                x1 = 42;
                y1 = 0;
                x2 = 42;
                y2 = 0;
                string = "Material:";
                fontname = "Courier New";
                fontcolor = 162;
                fonttype = 2;
                fontsize = 2.38;
                fontratio = 1;
                fontslant = 0;
                fontstyle = 0;
                angle = 0;
                justify = LEFT;
                pen = 0;
            };

            text _tmp_562
            {
                name = "Text_159";
                x1 = 15;
                y1 = 1;
                x2 = 15;
                y2 = 1;
                string = "Free Parts:";
                fontname = "Courier New";
                fontcolor = 162;
                fonttype = 2;
                fontsize = 2.38;
                fontratio = 1;
                fontslant = 0;
                fontstyle = 0;
                angle = 0;
                justify = LEFT;
                pen = 0;
            };

            text _tmp_563
            {
                name = "Text_160";
                x1 = 15;
                y1 = 2;
                x2 = 15;
                y2 = 2;
                string = "_____________________________________________________________________________________________________________________";
                fontname = "Courier New";
                fontcolor = 162;
                fonttype = 2;
                fontsize = 2.38;
                fontratio = 1;
                fontslant = 0;
                fontstyle = 0;
                angle = 0;
                justify = LEFT;
                pen = 0;
            };

            text _tmp_564
            {
                name = "Text_161";
                x1 = 104;
                y1 = 0;
                x2 = 104;
                y2 = 0;
                string = "Description:";
                fontname = "Courier New";
                fontcolor = 162;
                fonttype = 2;
                fontsize = 2.38;
                fontratio = 1;
                fontslant = 0;
                fontstyle = 0;
                angle = 0;
                justify = LEFT;
                pen = 0;
            };

            text _tmp_565
            {
                name = "Text_162";
                x1 = 54;
                y1 = 0;
                x2 = 54;
                y2 = 0;
                string = "Profile:";
                fontname = "Courier New";
                fontcolor = 162;
                fonttype = 2;
                fontsize = 2.38;
                fontratio = 1;
                fontslant = 0;
                fontstyle = 0;
                angle = 0;
                justify = LEFT;
                pen = 0;
            };

            text _tmp_566
            {
                name = "Text_163";
                x1 = 83;
                y1 = 0;
                x2 = 83;
                y2 = 0;
                string = "Finish:";
                fontname = "Courier New";
                fontcolor = 162;
                fonttype = 2;
                fontsize = 2.38;
                fontratio = 1;
                fontslant = 0;
                fontstyle = 0;
                angle = 0;
                justify = LEFT;
                pen = 0;
            };

            text _tmp_567
            {
                name = "Text_164";
                x1 = 95;
                y1 = 0;
                x2 = 95;
                y2 = 0;
                string = "Class:";
                fontname = "Courier New";
                fontcolor = 162;
                fonttype = 2;
                fontsize = 2.38;
                fontratio = 1;
                fontslant = 0;
                fontstyle = 0;
                angle = 0;
                justify = LEFT;
                pen = 0;
            };
        };

        row _tmp_568
        {
            name = "Row_17";
            height = 1;
            visibility = TRUE;
            usecolumns = FALSE;
            rule = "if (GetValue(\"MATERIAL_TYPE\") != \"CONCRETE\" ) then\n  Output()\nelse\n  StepOver()\nendif\n";
            contenttype = "PART";
            sorttype = COMBINE;

            valuefield _tmp_569
            {
                name = "ValueField_70";
                location = (29, 0);
                formula = "GetValue(\"NAME\")";
                datatype = STRING;
                class = "";
                cacheable = TRUE;
                justify = LEFT;
                visibility = TRUE;
                angle = 0;
                length = 10;
                sortdirection = ASCENDING;
                fontname = "Courier New";
                fontcolor = 153;
                fonttype = 2;
                fontsize = 1;
                fontratio = 1;
                fontstyle = 0;
                fontslant = 0;
                pen = 0;
                oncombine = NONE;
            };

            valuefield _tmp_570
            {
                name = "ValueField_71";
                location = (42, 0);
                formula = "GetValue(\"MATERIAL\")";
                datatype = STRING;
                class = "";
                cacheable = TRUE;
                justify = LEFT;
                visibility = TRUE;
                angle = 0;
                length = 7;
                sortdirection = ASCENDING;
                fontname = "Courier New";
                fontcolor = 153;
                fonttype = 2;
                fontsize = 1;
                fontratio = 1;
                fontstyle = 0;
                fontslant = 0;
                pen = 0;
                oncombine = NONE;
            };

            valuefield _tmp_571
            {
                name = "ValueField_72";
                location = (53, 0);
                formula = "GetValue(\"PROFILE\")";
                datatype = STRING;
                class = "";
                cacheable = TRUE;
                justify = LEFT;
                visibility = TRUE;
                angle = 0;
                length = 14;
                sortdirection = ASCENDING;
                fontname = "Courier New";
                fontcolor = 153;
                fonttype = 2;
                fontsize = 1;
                fontratio = 1;
                fontstyle = 0;
                fontslant = 0;
                pen = 0;
                oncombine = NONE;
            };

            valuefield _tmp_572
            {
                name = "ValueField_73";
                location = (69, 0);
                formula = "GetValue(\"MAINPART.LENGTH\")";
                datatype = DOUBLE;
                class = "Length";
                cacheable = TRUE;
                justify = RIGHT;
                visibility = TRUE;
                angle = 0;
                length = 12;
                decimals = 0;
                sortdirection = ASCENDING;
                fontname = "Courier New";
                fontcolor = 153;
                fonttype = 2;
                fontsize = 1;
                fontratio = 1;
                fontstyle = 0;
                fontslant = 0;
                pen = 0;
                oncombine = NONE;
                unit = "mm";
            };

            valuefield _tmp_573
            {
                name = "ValueField_74";
                location = (83, 0);
                formula = "GetValue(\"MAINPART.FINISH\")";
                datatype = STRING;
                class = "";
                cacheable = TRUE;
                justify = LEFT;
                visibility = TRUE;
                angle = 0;
                length = 10;
                sortdirection = ASCENDING;
                fontname = "Courier New";
                fontcolor = 153;
                fonttype = 2;
                fontsize = 1;
                fontratio = 1;
                fontstyle = 0;
                fontslant = 0;
                pen = 0;
                oncombine = NONE;
            };

            valuefield _tmp_574
            {
                name = "ValueField_75";
                location = (95, 0);
                formula = "GetValue(\"MAINPART.CLASS_ATTR\")";
                datatype = STRING;
                class = "";
                cacheable = TRUE;
                justify = LEFT;
                visibility = TRUE;
                angle = 0;
                length = 6;
                sortdirection = ASCENDING;
                fontname = "Courier New";
                fontcolor = 153;
                fonttype = 2;
                fontsize = 1;
                fontratio = 1;
                fontstyle = 0;
                fontslant = 0;
                pen = 0;
                oncombine = NONE;
            };

            valuefield _tmp_575
            {
                name = "ValueField_76";
                location = (22, 0);
                formula = "GetValue(\"NUMBER\")";
                datatype = INTEGER;
                class = "";
                cacheable = TRUE;
                justify = LEFT;
                visibility = TRUE;
                angle = 0;
                length = 3;
                sortdirection = NONE;
                fontname = "Courier New";
                fontcolor = 153;
                fonttype = 2;
                fontsize = 1;
                fontratio = 1;
                fontstyle = 0;
                fontslant = 0;
                pen = 0;
                oncombine = SUM;
            };

            valuefield _tmp_576
            {
                name = "ValueField_77";
                location = (104, 0);
                formula = "GetValue(\"USERDEFINED.USER_FIELD_1\")";
                datatype = STRING;
                class = "";
                cacheable = TRUE;
                justify = LEFT;
                visibility = TRUE;
                angle = 0;
                length = 20;
                sortdirection = NONE;
                fontname = "Courier New";
                fontcolor = 153;
                fonttype = 2;
                fontsize = 1;
                fontratio = 1;
                fontstyle = 0;
                fontslant = 0;
                pen = 0;
                oncombine = NONE;
            };
        };

        row _tmp_577
        {
            name = "Row_18";
            height = 3;
            visibility = FALSE;
            usecolumns = FALSE;
            rule = "";
            contenttype = "PART";
            sorttype = COMBINE;

            row _tmp_578
            {
                name = "Row_19";
                height = 3;
                visibility = TRUE;
                usecolumns = FALSE;
                rule = "if (GetValue(\"SHAPE\") == \"STR\") then\r\n  Output()\r\nelse\r\n  StepOver()\r\nendif\r\n";
                contenttype = "REBAR";
                sorttype = COMBINE;

                text _tmp_579
                {
                    name = "Text_165";
                    x1 = 15;
                    y1 = 2;
                    x2 = 15;
                    y2 = 2;
                    string = "_____________________________________________________________________________________";
                    fontname = "Courier New";
                    fontcolor = 162;
                    fonttype = 2;
                    fontsize = 2.38;
                    fontratio = 1;
                    fontslant = 0;
                    fontstyle = 0;
                    angle = 0;
                    justify = LEFT;
                    pen = 0;
                };

                text _tmp_580
                {
                    name = "Text_166";
                    x1 = 45;
                    y1 = 0;
                    x2 = 45;
                    y2 = 0;
                    string = "Size:";
                    fontname = "Courier New";
                    fontcolor = 162;
                    fonttype = 2;
                    fontsize = 2.38;
                    fontratio = 1;
                    fontslant = 0;
                    fontstyle = 0;
                    angle = 0;
                    justify = LEFT;
                    pen = 0;
                };

                text _tmp_581
                {
                    name = "Text_167";
                    x1 = 15;
                    y1 = 1;
                    x2 = 15;
                    y2 = 1;
                    string = "Straight Rebar List:";
                    fontname = "Courier New";
                    fontcolor = 162;
                    fonttype = 2;
                    fontsize = 2.38;
                    fontratio = 1;
                    fontslant = 0;
                    fontstyle = 0;
                    angle = 0;
                    justify = LEFT;
                    pen = 0;
                };

                text _tmp_582
                {
                    name = "Text_168";
                    x1 = 22;
                    y1 = 0;
                    x2 = 22;
                    y2 = 0;
                    string = "Qty:";
                    fontname = "Courier New";
                    fontcolor = 162;
                    fonttype = 2;
                    fontsize = 1;
                    fontratio = 1;
                    fontslant = 0;
                    fontstyle = 0;
                    angle = 0;
                    justify = LEFT;
                    pen = 0;
                };

                text _tmp_583
                {
                    name = "Text_169";
                    x1 = 52;
                    y1 = 0;
                    x2 = 52;
                    y2 = 0;
                    string = "Length(mm):";
                    fontname = "Courier New";
                    fontcolor = 162;
                    fonttype = 2;
                    fontsize = 2.38;
                    fontratio = 1;
                    fontslant = 0;
                    fontstyle = 0;
                    angle = 0;
                    justify = LEFT;
                    pen = 0;
                };

                text _tmp_584
                {
                    name = "Text_170";
                    x1 = 33;
                    y1 = 0;
                    x2 = 33;
                    y2 = 0;
                    string = "Grade:";
                    fontname = "Courier New";
                    fontcolor = 162;
                    fonttype = 2;
                    fontsize = 2.38;
                    fontratio = 1;
                    fontslant = 0;
                    fontstyle = 0;
                    angle = 0;
                    justify = LEFT;
                    pen = 0;
                };

                text _tmp_585
                {
                    name = "Text_171";
                    x1 = 65;
                    y1 = 0;
                    x2 = 65;
                    y2 = 0;
                    string = "Length(mm):";
                    fontname = "Courier New";
                    fontcolor = 162;
                    fonttype = 2;
                    fontsize = 2.38;
                    fontratio = 1;
                    fontslant = 0;
                    fontstyle = 0;
                    angle = 0;
                    justify = LEFT;
                    pen = 0;
                };

                text _tmp_586
                {
                    name = "Text_172";
                    x1 = 65;
                    y1 = 1;
                    x2 = 65;
                    y2 = 1;
                    string = "Total";
                    fontname = "Courier New";
                    fontcolor = 162;
                    fonttype = 2;
                    fontsize = 2.38;
                    fontratio = 1;
                    fontslant = 0;
                    fontstyle = 0;
                    angle = 0;
                    justify = LEFT;
                    pen = 0;
                };

                text _tmp_587
                {
                    name = "Text_173";
                    x1 = 79;
                    y1 = 1;
                    x2 = 79;
                    y2 = 1;
                    string = "Total";
                    fontname = "Courier New";
                    fontcolor = 162;
                    fonttype = 2;
                    fontsize = 2.38;
                    fontratio = 1;
                    fontslant = 0;
                    fontstyle = 0;
                    angle = 0;
                    justify = LEFT;
                    pen = 0;
                };

                text _tmp_588
                {
                    name = "Text_174";
                    x1 = 79;
                    y1 = 0;
                    x2 = 79;
                    y2 = 0;
                    string = "Weight(kg):";
                    fontname = "Courier New";
                    fontcolor = 162;
                    fonttype = 2;
                    fontsize = 2.38;
                    fontratio = 1;
                    fontslant = 0;
                    fontstyle = 0;
                    angle = 0;
                    justify = LEFT;
                    pen = 0;
                };
            };

            row _tmp_589
            {
                name = "Row_20";
                height = 1;
                visibility = TRUE;
                usecolumns = FALSE;
                rule = "if (GetValue(\"SHAPE\") == \"STR\") then\r\n  Output()\r\nelse\r\n  StepOver()\r\nendif\r\n";
                contenttype = "REBAR";
                sorttype = COMBINE;

                valuefield _tmp_590
                {
                    name = "ValueField_78";
                    location = (33, 0);
                    formula = "GetValue(\"GRADE\")";
                    datatype = STRING;
                    class = "";
                    cacheable = TRUE;
                    justify = LEFT;
                    visibility = TRUE;
                    angle = 0;
                    length = 7;
                    decimals = 0;
                    sortdirection = ASCENDING;
                    fontname = "Courier New";
                    fontcolor = 153;
                    fonttype = 2;
                    fontsize = 1;
                    fontratio = 1;
                    fontstyle = 0;
                    fontslant = 0;
                    pen = 0;
                    oncombine = NONE;
                };

                valuefield _tmp_591
                {
                    name = "ValueField_79";
                    location = (44, 0);
                    formula = "GetValue(\"SIZE\")";
                    datatype = STRING;
                    class = "";
                    cacheable = TRUE;
                    justify = CENTERED;
                    visibility = TRUE;
                    angle = 0;
                    length = 6;
                    decimals = 0;
                    sortdirection = ASCENDING;
                    fontname = "Courier New";
                    fontcolor = 153;
                    fonttype = 2;
                    fontsize = 1;
                    fontratio = 1;
                    fontstyle = 0;
                    fontslant = 0;
                    pen = 0;
                    oncombine = NONE;
                };

                valuefield _tmp_592
                {
                    name = "ValueField_80";
                    location = (53, 0);
                    formula = "GetValue(\"LENGTH\")";
                    datatype = DOUBLE;
                    class = "Length";
                    cacheable = TRUE;
                    justify = RIGHT;
                    visibility = TRUE;
                    angle = 0;
                    length = 8;
                    decimals = 0;
                    sortdirection = ASCENDING;
                    fontname = "Courier New";
                    fontcolor = 153;
                    fonttype = 2;
                    fontsize = 1;
                    fontratio = 1;
                    fontstyle = 0;
                    fontslant = 0;
                    pen = 0;
                    oncombine = NONE;
                    unit = "mm";
                };

                valuefield _tmp_593
                {
                    name = "ValueField_81";
                    location = (22, 0);
                    formula = "GetValue(\"NUMBER\")";
                    datatype = INTEGER;
                    class = "";
                    cacheable = TRUE;
                    justify = RIGHT;
                    visibility = TRUE;
                    angle = 0;
                    length = 3;
                    decimals = 0;
                    sortdirection = NONE;
                    fontname = "Courier New";
                    fontcolor = 153;
                    fonttype = 2;
                    fontsize = 1;
                    fontratio = 1;
                    fontstyle = 0;
                    fontslant = 0;
                    pen = 0;
                    oncombine = SUM;
                };

                valuefield _tmp_594
                {
                    name = "ValueField_82";
                    location = (64, 0);
                    formula = "GetValue(\"LENGTH\")*GetValue(\"NUMBER\")";
                    datatype = DOUBLE;
                    class = "Length";
                    cacheable = TRUE;
                    justify = RIGHT;
                    visibility = TRUE;
                    angle = 0;
                    length = 10;
                    decimals = 0;
                    sortdirection = NONE;
                    fontname = "Courier New";
                    fontcolor = 153;
                    fonttype = 2;
                    fontsize = 1;
                    fontratio = 1;
                    fontstyle = 0;
                    fontslant = 0;
                    pen = 0;
                    oncombine = SUM;
                    unit = "mm";
                };

                valuefield _tmp_595
                {
                    name = "ValueField_83";
                    location = (80, 0);
                    formula = "GetValue(\"WEIGHT_TOTAL\")";
                    datatype = DOUBLE;
                    class = "Weight";
                    cacheable = TRUE;
                    justify = RIGHT;
                    visibility = TRUE;
                    angle = 0;
                    length = 8;
                    decimals = 0;
                    sortdirection = NONE;
                    fontname = "Courier New";
                    fontcolor = 153;
                    fonttype = 2;
                    fontsize = 1;
                    fontratio = 1;
                    fontstyle = 0;
                    fontslant = 0;
                    pen = 0;
                    oncombine = SUM;
                    unit = "kg";
                };
            };

            row _tmp_596
            {
                name = "Row_21";
                height = 3;
                visibility = TRUE;
                usecolumns = FALSE;
                rule = "if (GetValue(\"SHAPE\") != \"STR\") then\r\n  Output()\r\nelse\r\n  StepOver()\r\nendif";
                contenttype = "REBAR";
                sorttype = COMBINE;

                text _tmp_597
                {
                    name = "Text_175";
                    x1 = 15;
                    y1 = 1;
                    x2 = 15;
                    y2 = 1;
                    string = "Bent Rebar List:";
                    fontname = "Courier New";
                    fontcolor = 162;
                    fonttype = 2;
                    fontsize = 2.38;
                    fontratio = 1;
                    fontslant = 0;
                    fontstyle = 0;
                    angle = 0;
                    justify = LEFT;
                    pen = 0;
                };

                text _tmp_598
                {
                    name = "Text_176";
                    x1 = 15;
                    y1 = 2;
                    x2 = 15;
                    y2 = 2;
                    string = "_____________________________________________________________________________________";
                    fontname = "Courier New";
                    fontcolor = 162;
                    fonttype = 2;
                    fontsize = 2.38;
                    fontratio = 1;
                    fontslant = 0;
                    fontstyle = 0;
                    angle = 0;
                    justify = LEFT;
                    pen = 0;
                };

                text _tmp_599
                {
                    name = "Text_177";
                    x1 = 27;
                    y1 = 0;
                    x2 = 27;
                    y2 = 0;
                    string = "Typ:";
                    fontname = "Courier New";
                    fontcolor = 162;
                    fonttype = 2;
                    fontsize = 1;
                    fontratio = 1;
                    fontslant = 0;
                    fontstyle = 0;
                    angle = 0;
                    justify = LEFT;
                    pen = 0;
                };

                text _tmp_600
                {
                    name = "Text_178";
                    x1 = 22;
                    y1 = 0;
                    x2 = 22;
                    y2 = 0;
                    string = "Qty:";
                    fontname = "Courier New";
                    fontcolor = 162;
                    fonttype = 2;
                    fontsize = 1;
                    fontratio = 1;
                    fontslant = 0;
                    fontstyle = 0;
                    angle = 0;
                    justify = LEFT;
                    pen = 0;
                };

                text _tmp_601
                {
                    name = "Text_179";
                    x1 = 33;
                    y1 = 0;
                    x2 = 33;
                    y2 = 0;
                    string = "Grade:";
                    fontname = "Courier New";
                    fontcolor = 162;
                    fonttype = 2;
                    fontsize = 2.38;
                    fontratio = 1;
                    fontslant = 0;
                    fontstyle = 0;
                    angle = 0;
                    justify = LEFT;
                    pen = 0;
                };

                text _tmp_602
                {
                    name = "Text_180";
                    x1 = 45;
                    y1 = 0;
                    x2 = 45;
                    y2 = 0;
                    string = "Size:";
                    fontname = "Courier New";
                    fontcolor = 162;
                    fonttype = 2;
                    fontsize = 2.38;
                    fontratio = 1;
                    fontslant = 0;
                    fontstyle = 0;
                    angle = 0;
                    justify = LEFT;
                    pen = 0;
                };

                text _tmp_603
                {
                    name = "Text_181";
                    x1 = 52;
                    y1 = 0;
                    x2 = 52;
                    y2 = 0;
                    string = "Length(mm):";
                    fontname = "Courier New";
                    fontcolor = 162;
                    fonttype = 2;
                    fontsize = 2.38;
                    fontratio = 1;
                    fontslant = 0;
                    fontstyle = 0;
                    angle = 0;
                    justify = LEFT;
                    pen = 0;
                };

                text _tmp_604
                {
                    name = "Text_182";
                    x1 = 65;
                    y1 = 1;
                    x2 = 65;
                    y2 = 1;
                    string = "Total";
                    fontname = "Courier New";
                    fontcolor = 162;
                    fonttype = 2;
                    fontsize = 2.38;
                    fontratio = 1;
                    fontslant = 0;
                    fontstyle = 0;
                    angle = 0;
                    justify = LEFT;
                    pen = 0;
                };

                text _tmp_605
                {
                    name = "Text_183";
                    x1 = 65;
                    y1 = 0;
                    x2 = 65;
                    y2 = 0;
                    string = "Length(mm):";
                    fontname = "Courier New";
                    fontcolor = 162;
                    fonttype = 2;
                    fontsize = 2.38;
                    fontratio = 1;
                    fontslant = 0;
                    fontstyle = 0;
                    angle = 0;
                    justify = LEFT;
                    pen = 0;
                };

                text _tmp_606
                {
                    name = "Text_184";
                    x1 = 79;
                    y1 = 1;
                    x2 = 79;
                    y2 = 1;
                    string = "Total";
                    fontname = "Courier New";
                    fontcolor = 162;
                    fonttype = 2;
                    fontsize = 2.38;
                    fontratio = 1;
                    fontslant = 0;
                    fontstyle = 0;
                    angle = 0;
                    justify = LEFT;
                    pen = 0;
                };

                text _tmp_607
                {
                    name = "Text_185";
                    x1 = 79;
                    y1 = 0;
                    x2 = 79;
                    y2 = 0;
                    string = "Weight(kg):";
                    fontname = "Courier New";
                    fontcolor = 162;
                    fonttype = 2;
                    fontsize = 2.38;
                    fontratio = 1;
                    fontslant = 0;
                    fontstyle = 0;
                    angle = 0;
                    justify = LEFT;
                    pen = 0;
                };
            };

            row _tmp_608
            {
                name = "Row_22";
                height = 1;
                visibility = TRUE;
                usecolumns = FALSE;
                rule = "if (GetValue(\"SHAPE\") != \"STR\") then\r\n  Output()\r\nelse\r\n  StepOver()\r\nendif\r\n";
                contenttype = "REBAR";
                sorttype = COMBINE;

                valuefield _tmp_609
                {
                    name = "ValueField_84";
                    location = (33, 0);
                    formula = "GetValue(\"GRADE\")";
                    datatype = STRING;
                    class = "";
                    cacheable = TRUE;
                    justify = LEFT;
                    visibility = TRUE;
                    angle = 0;
                    length = 7;
                    decimals = 0;
                    sortdirection = ASCENDING;
                    fontname = "Courier New";
                    fontcolor = 153;
                    fonttype = 2;
                    fontsize = 1;
                    fontratio = 1;
                    fontstyle = 0;
                    fontslant = 0;
                    pen = 0;
                    oncombine = NONE;
                };

                valuefield _tmp_610
                {
                    name = "ValueField_85";
                    location = (44, 0);
                    formula = "GetValue(\"SIZE\")";
                    datatype = STRING;
                    class = "";
                    cacheable = TRUE;
                    justify = CENTERED;
                    visibility = TRUE;
                    angle = 0;
                    length = 6;
                    decimals = 0;
                    sortdirection = ASCENDING;
                    fontname = "Courier New";
                    fontcolor = 153;
                    fonttype = 2;
                    fontsize = 1;
                    fontratio = 1;
                    fontstyle = 0;
                    fontslant = 0;
                    pen = 0;
                    oncombine = NONE;
                };

                valuefield _tmp_611
                {
                    name = "ValueField_86";
                    location = (27, 0);
                    formula = "GetValue(\"SHAPE\")";
                    datatype = STRING;
                    class = "";
                    cacheable = TRUE;
                    justify = LEFT;
                    visibility = TRUE;
                    angle = 0;
                    length = 4;
                    decimals = 0;
                    sortdirection = ASCENDING;
                    fontname = "Courier New";
                    fontcolor = 153;
                    fonttype = 2;
                    fontsize = 1;
                    fontratio = 1;
                    fontstyle = 0;
                    fontslant = 0;
                    pen = 0;
                    oncombine = NONE;
                };

                valuefield _tmp_612
                {
                    name = "ValueField_87";
                    location = (53, 0);
                    formula = "GetValue(\"LENGTH\")";
                    datatype = DOUBLE;
                    class = "Length";
                    cacheable = TRUE;
                    justify = RIGHT;
                    visibility = TRUE;
                    angle = 0;
                    length = 8;
                    decimals = 0;
                    sortdirection = ASCENDING;
                    fontname = "Courier New";
                    fontcolor = 153;
                    fonttype = 2;
                    fontsize = 1;
                    fontratio = 1;
                    fontstyle = 0;
                    fontslant = 0;
                    pen = 0;
                    oncombine = NONE;
                    unit = "mm";
                };

                valuefield _tmp_613
                {
                    name = "ValueField_88";
                    location = (22, 0);
                    formula = "GetValue(\"NUMBER\")";
                    datatype = INTEGER;
                    class = "";
                    cacheable = TRUE;
                    justify = RIGHT;
                    visibility = TRUE;
                    angle = 0;
                    length = 3;
                    decimals = 0;
                    sortdirection = NONE;
                    fontname = "Courier New";
                    fontcolor = 153;
                    fonttype = 2;
                    fontsize = 1;
                    fontratio = 1;
                    fontstyle = 0;
                    fontslant = 0;
                    pen = 0;
                    oncombine = SUM;
                };

                valuefield _tmp_614
                {
                    name = "ValueField_89";
                    location = (64, 0);
                    formula = "GetValue(\"LENGTH\")*GetValue(\"NUMBER\")";
                    datatype = DOUBLE;
                    class = "Length";
                    cacheable = TRUE;
                    justify = RIGHT;
                    visibility = TRUE;
                    angle = 0;
                    length = 10;
                    decimals = 0;
                    sortdirection = NONE;
                    fontname = "Courier New";
                    fontcolor = 153;
                    fonttype = 2;
                    fontsize = 1;
                    fontratio = 1;
                    fontstyle = 0;
                    fontslant = 0;
                    pen = 0;
                    oncombine = SUM;
                    unit = "mm";
                };

                valuefield _tmp_615
                {
                    name = "ValueField_90";
                    location = (80, 0);
                    formula = "GetValue(\"WEIGHT_TOTAL\")";
                    datatype = DOUBLE;
                    class = "Weight";
                    cacheable = TRUE;
                    justify = RIGHT;
                    visibility = TRUE;
                    angle = 0;
                    length = 8;
                    decimals = 0;
                    sortdirection = NONE;
                    fontname = "Courier New";
                    fontcolor = 153;
                    fonttype = 2;
                    fontsize = 1;
                    fontratio = 1;
                    fontstyle = 0;
                    fontslant = 0;
                    pen = 0;
                    oncombine = SUM;
                    unit = "kg";
                };
            };

            row _tmp_616
            {
                name = "Row_23";
                height = 3;
                visibility = TRUE;
                usecolumns = FALSE;
                rule = "";
                contenttype = "STRAND";
                sorttype = COMBINE;

                text _tmp_617
                {
                    name = "Text_186";
                    x1 = 15;
                    y1 = 2;
                    x2 = 15;
                    y2 = 2;
                    string = "_____________________________________________________________________________________";
                    fontname = "Courier New";
                    fontcolor = 162;
                    fonttype = 2;
                    fontsize = 2.38;
                    fontratio = 1;
                    fontslant = 0;
                    fontstyle = 0;
                    angle = 0;
                    justify = LEFT;
                    pen = 0;
                };

                text _tmp_618
                {
                    name = "Text_187";
                    x1 = 15;
                    y1 = 1;
                    x2 = 15;
                    y2 = 1;
                    string = "Strand:";
                    fontname = "Courier New";
                    fontcolor = 162;
                    fonttype = 2;
                    fontsize = 2.38;
                    fontratio = 1;
                    fontslant = 0;
                    fontstyle = 0;
                    angle = 0;
                    justify = LEFT;
                    pen = 0;
                };

                text _tmp_619
                {
                    name = "Text_188";
                    x1 = 33;
                    y1 = 0;
                    x2 = 33;
                    y2 = 0;
                    string = "Grade:";
                    fontname = "Courier New";
                    fontcolor = 162;
                    fonttype = 2;
                    fontsize = 2.38;
                    fontratio = 1;
                    fontslant = 0;
                    fontstyle = 0;
                    angle = 0;
                    justify = LEFT;
                    pen = 0;
                };

                text _tmp_620
                {
                    name = "Text_189";
                    x1 = 22;
                    y1 = 0;
                    x2 = 22;
                    y2 = 0;
                    string = "Qty:";
                    fontname = "Courier New";
                    fontcolor = 162;
                    fonttype = 2;
                    fontsize = 1;
                    fontratio = 1;
                    fontslant = 0;
                    fontstyle = 0;
                    angle = 0;
                    justify = LEFT;
                    pen = 0;
                };

                text _tmp_621
                {
                    name = "Text_190";
                    x1 = 52;
                    y1 = 0;
                    x2 = 52;
                    y2 = 0;
                    string = "Length(mm):";
                    fontname = "Courier New";
                    fontcolor = 162;
                    fonttype = 2;
                    fontsize = 2.38;
                    fontratio = 1;
                    fontslant = 0;
                    fontstyle = 0;
                    angle = 0;
                    justify = LEFT;
                    pen = 0;
                };

                text _tmp_622
                {
                    name = "Text_191";
                    x1 = 94;
                    y1 = 0;
                    x2 = 94;
                    y2 = 0;
                    string = "Pi (KN):";
                    fontname = "Courier New";
                    fontcolor = 162;
                    fonttype = 2;
                    fontsize = 2.38;
                    fontratio = 1;
                    fontslant = 0;
                    fontstyle = 0;
                    angle = 0;
                    justify = LEFT;
                    pen = 0;
                };

                text _tmp_623
                {
                    name = "Text_192";
                    x1 = 65;
                    y1 = 1;
                    x2 = 65;
                    y2 = 1;
                    string = "Total";
                    fontname = "Courier New";
                    fontcolor = 162;
                    fonttype = 2;
                    fontsize = 2.38;
                    fontratio = 1;
                    fontslant = 0;
                    fontstyle = 0;
                    angle = 0;
                    justify = LEFT;
                    pen = 0;
                };

                text _tmp_624
                {
                    name = "Text_193";
                    x1 = 65;
                    y1 = 0;
                    x2 = 65;
                    y2 = 0;
                    string = "Length(mm):";
                    fontname = "Courier New";
                    fontcolor = 162;
                    fonttype = 2;
                    fontsize = 2.38;
                    fontratio = 1;
                    fontslant = 0;
                    fontstyle = 0;
                    angle = 0;
                    justify = LEFT;
                    pen = 0;
                };

                text _tmp_625
                {
                    name = "Text_194";
                    x1 = 45;
                    y1 = 0;
                    x2 = 45;
                    y2 = 0;
                    string = "Size:";
                    fontname = "Courier New";
                    fontcolor = 162;
                    fonttype = 2;
                    fontsize = 2.38;
                    fontratio = 1;
                    fontslant = 0;
                    fontstyle = 0;
                    angle = 0;
                    justify = LEFT;
                    pen = 0;
                };

                text _tmp_626
                {
                    name = "Text_195";
                    x1 = 79;
                    y1 = 1;
                    x2 = 79;
                    y2 = 1;
                    string = "Total";
                    fontname = "Courier New";
                    fontcolor = 162;
                    fonttype = 2;
                    fontsize = 2.38;
                    fontratio = 1;
                    fontslant = 0;
                    fontstyle = 0;
                    angle = 0;
                    justify = LEFT;
                    pen = 0;
                };

                text _tmp_627
                {
                    name = "Text_196";
                    x1 = 79;
                    y1 = 0;
                    x2 = 79;
                    y2 = 0;
                    string = "Weight(kg):";
                    fontname = "Courier New";
                    fontcolor = 162;
                    fonttype = 2;
                    fontsize = 2.38;
                    fontratio = 1;
                    fontslant = 0;
                    fontstyle = 0;
                    angle = 0;
                    justify = LEFT;
                    pen = 0;
                };
            };

            row _tmp_628
            {
                name = "Row_24";
                height = 1;
                visibility = TRUE;
                usecolumns = FALSE;
                rule = "";
                contenttype = "STRAND";
                sorttype = COMBINE;

                valuefield _tmp_629
                {
                    name = "ValueField_91";
                    location = (33, 0);
                    formula = "GetValue(\"MATERIAL\")";
                    datatype = STRING;
                    class = "";
                    cacheable = TRUE;
                    justify = LEFT;
                    visibility = TRUE;
                    angle = 0;
                    length = 7;
                    decimals = 0;
                    sortdirection = ASCENDING;
                    fontname = "Courier New";
                    fontcolor = 153;
                    fonttype = 2;
                    fontsize = 1;
                    fontratio = 1;
                    fontstyle = 0;
                    fontslant = 0;
                    pen = 0;
                    oncombine = NONE;
                };

                valuefield _tmp_630
                {
                    name = "ValueField_92";
                    location = (53, 0);
                    formula = "GetValue(\"LENGTH\")";
                    datatype = DOUBLE;
                    class = "Length";
                    cacheable = TRUE;
                    justify = RIGHT;
                    visibility = TRUE;
                    angle = 0;
                    length = 8;
                    decimals = 0;
                    sortdirection = ASCENDING;
                    fontname = "Courier New";
                    fontcolor = 153;
                    fonttype = 2;
                    fontsize = 1;
                    fontratio = 1;
                    fontstyle = 0;
                    fontslant = 0;
                    pen = 0;
                    oncombine = NONE;
                    unit = "mm";
                };

                valuefield _tmp_631
                {
                    name = "ValueField_93";
                    location = (94, 0);
                    formula = "GetValue(\"STRAND_PULL_FORCE\")";
                    datatype = DOUBLE;
                    class = "Force";
                    cacheable = TRUE;
                    justify = RIGHT;
                    visibility = TRUE;
                    angle = 0;
                    length = 8;
                    decimals = 2;
                    sortdirection = ASCENDING;
                    fontname = "Courier New";
                    fontcolor = 153;
                    fonttype = 2;
                    fontsize = 1;
                    fontratio = 1;
                    fontstyle = 0;
                    fontslant = 0;
                    pen = 0;
                    oncombine = NONE;
                    unit = "kN";
                };

                valuefield _tmp_632
                {
                    name = "ValueField_94";
                    location = (22, 0);
                    formula = "GetValue(\"NUMBER\")";
                    datatype = INTEGER;
                    class = "";
                    cacheable = TRUE;
                    justify = RIGHT;
                    visibility = TRUE;
                    angle = 0;
                    length = 3;
                    decimals = 0;
                    sortdirection = NONE;
                    fontname = "Courier New";
                    fontcolor = 153;
                    fonttype = 2;
                    fontsize = 1;
                    fontratio = 1;
                    fontstyle = 0;
                    fontslant = 0;
                    pen = 0;
                    oncombine = SUM;
                };

                valuefield _tmp_633
                {
                    name = "ValueField_95";
                    location = (64, 0);
                    formula = "GetValue(\"NUMBER\")*GetValue(\"LENGTH\")";
                    datatype = DOUBLE;
                    class = "Length";
                    cacheable = TRUE;
                    justify = RIGHT;
                    visibility = TRUE;
                    angle = 0;
                    length = 10;
                    decimals = 0;
                    sortdirection = NONE;
                    fontname = "Courier New";
                    fontcolor = 153;
                    fonttype = 2;
                    fontsize = 1;
                    fontratio = 1;
                    fontstyle = 0;
                    fontslant = 0;
                    pen = 0;
                    oncombine = SUM;
                    unit = "mm";
                };

                valuefield _tmp_634
                {
                    name = "ValueField_96";
                    location = (44, 0);
                    formula = "GetValue(\"SIZE\")";
                    datatype = STRING;
                    class = "";
                    cacheable = TRUE;
                    justify = CENTERED;
                    visibility = TRUE;
                    angle = 0;
                    length = 6;
                    decimals = 0;
                    sortdirection = ASCENDING;
                    fontname = "Courier New";
                    fontcolor = 153;
                    fonttype = 2;
                    fontsize = 1;
                    fontratio = 1;
                    fontstyle = 0;
                    fontslant = 0;
                    pen = 0;
                    oncombine = NONE;
                };

                valuefield _tmp_635
                {
                    name = "ValueField_97";
                    location = (80, 0);
                    formula = "GetValue(\"WEIGHT_TOTAL\")";
                    datatype = DOUBLE;
                    class = "Weight";
                    cacheable = TRUE;
                    justify = RIGHT;
                    visibility = TRUE;
                    angle = 0;
                    length = 8;
                    decimals = 0;
                    sortdirection = NONE;
                    fontname = "Courier New";
                    fontcolor = 153;
                    fonttype = 2;
                    fontsize = 1;
                    fontratio = 1;
                    fontstyle = 0;
                    fontslant = 0;
                    pen = 0;
                    oncombine = SUM;
                    unit = "kg";
                };
            };

            row _tmp_636
            {
                name = "Row_25";
                height = 3;
                visibility = TRUE;
                usecolumns = FALSE;
                rule = "";
                contenttype = "MESH";
                sorttype = COMBINE;

                text _tmp_637
                {
                    name = "Text_197";
                    x1 = 15;
                    y1 = 1;
                    x2 = 15;
                    y2 = 1;
                    string = "Mesh:";
                    fontname = "Courier New";
                    fontcolor = 162;
                    fonttype = 2;
                    fontsize = 2.38;
                    fontratio = 1;
                    fontslant = 0;
                    fontstyle = 0;
                    angle = 0;
                    justify = LEFT;
                    pen = 0;
                };

                text _tmp_638
                {
                    name = "Text_198";
                    x1 = 15;
                    y1 = 2;
                    x2 = 15;
                    y2 = 2;
                    string = "_____________________________________________________________________________________";
                    fontname = "Courier New";
                    fontcolor = 162;
                    fonttype = 2;
                    fontsize = 2.38;
                    fontratio = 1;
                    fontslant = 0;
                    fontstyle = 0;
                    angle = 0;
                    justify = LEFT;
                    pen = 0;
                };

                text _tmp_639
                {
                    name = "Text_199";
                    x1 = 45;
                    y1 = 0;
                    x2 = 45;
                    y2 = 0;
                    string = "Catalog Size:";
                    fontname = "Courier New";
                    fontcolor = 162;
                    fonttype = 2;
                    fontsize = 2.38;
                    fontratio = 1;
                    fontslant = 0;
                    fontstyle = 0;
                    angle = 0;
                    justify = LEFT;
                    pen = 0;
                };

                text _tmp_640
                {
                    name = "Text_200";
                    x1 = 73;
                    y1 = 0;
                    x2 = 73;
                    y2 = 0;
                    string = "Area (§³):";
                    fontname = "Courier New";
                    fontcolor = 162;
                    fonttype = 2;
                    fontsize = 2.38;
                    fontratio = 1;
                    fontslant = 0;
                    fontstyle = 0;
                    angle = 0;
                    justify = LEFT;
                    pen = 0;
                };

                text _tmp_641
                {
                    name = "Text_201";
                    x1 = 33;
                    y1 = 0;
                    x2 = 33;
                    y2 = 0;
                    string = "Grade:";
                    fontname = "Courier New";
                    fontcolor = 162;
                    fonttype = 2;
                    fontsize = 2.38;
                    fontratio = 1;
                    fontslant = 0;
                    fontstyle = 0;
                    angle = 0;
                    justify = LEFT;
                    pen = 0;
                };

                text _tmp_642
                {
                    name = "Text_202";
                    x1 = 22;
                    y1 = 0;
                    x2 = 22;
                    y2 = 0;
                    string = "Qty:";
                    fontname = "Courier New";
                    fontcolor = 162;
                    fonttype = 2;
                    fontsize = 1;
                    fontratio = 1;
                    fontslant = 0;
                    fontstyle = 0;
                    angle = 0;
                    justify = LEFT;
                    pen = 0;
                };
            };

            row _tmp_643
            {
                name = "Row_26";
                height = 1;
                visibility = TRUE;
                usecolumns = FALSE;
                rule = "";
                contenttype = "MESH";
                sorttype = COMBINE;

                valuefield _tmp_644
                {
                    name = "ValueField_98";
                    location = (33, 0);
                    formula = "GetValue(\"GRADE\")";
                    datatype = STRING;
                    class = "";
                    cacheable = TRUE;
                    justify = LEFT;
                    visibility = TRUE;
                    angle = 0;
                    length = 8;
                    decimals = 0;
                    sortdirection = ASCENDING;
                    fontname = "Courier New";
                    fontcolor = 153;
                    fonttype = 2;
                    fontsize = 1;
                    fontratio = 1;
                    fontstyle = 0;
                    fontslant = 0;
                    pen = 0;
                    oncombine = NONE;
                };

                valuefield _tmp_645
                {
                    name = "ValueField_99";
                    location = (45, 0);
                    formula = "GetValue(\"CATALOG_NAME\")";
                    datatype = STRING;
                    class = "";
                    cacheable = TRUE;
                    justify = LEFT;
                    visibility = TRUE;
                    angle = 0;
                    length = 20;
                    decimals = 0;
                    sortdirection = ASCENDING;
                    fontname = "Courier New";
                    fontcolor = 153;
                    fonttype = 2;
                    fontsize = 1;
                    fontratio = 1;
                    fontstyle = 0;
                    fontslant = 0;
                    pen = 0;
                    oncombine = NONE;
                };

                valuefield _tmp_646
                {
                    name = "ValueField_100";
                    location = (75, 0);
                    formula = "GetValue(\"AREA\")";
                    datatype = DOUBLE;
                    class = "Area";
                    cacheable = TRUE;
                    justify = RIGHT;
                    visibility = TRUE;
                    angle = 0;
                    length = 8;
                    decimals = 2;
                    sortdirection = ASCENDING;
                    fontname = "Courier New";
                    fontcolor = 153;
                    fonttype = 2;
                    fontsize = 1;
                    fontratio = 1;
                    fontstyle = 0;
                    fontslant = 0;
                    pen = 0;
                    oncombine = NONE;
                    unit = "m2";
                };

                valuefield _tmp_647
                {
                    name = "ValueField_101";
                    location = (22, 0);
                    formula = "GetValue(\"NUMBER\")";
                    datatype = INTEGER;
                    class = "";
                    cacheable = TRUE;
                    justify = RIGHT;
                    visibility = TRUE;
                    angle = 0;
                    length = 3;
                    decimals = 0;
                    sortdirection = NONE;
                    fontname = "Courier New";
                    fontcolor = 153;
                    fonttype = 2;
                    fontsize = 1;
                    fontratio = 1;
                    fontstyle = 0;
                    fontslant = 0;
                    pen = 0;
                    oncombine = SUM;
                };
            };
        };

        valuefield _tmp_33
        {
            name = "ValueField_246";
            location = (105, 1);
            formula = "GetValue(\"VOLUME\")*GetValue(\"NUMBER\")";
            datatype = DOUBLE;
            class = "Volume";
            cacheable = TRUE;
            justify = RIGHT;
            visibility = TRUE;
            angle = 0;
            length = 12;
            decimals = 2;
            sortdirection = NONE;
            fontname = "Courier New";
            fontcolor = 153;
            fonttype = 2;
            fontsize = 1;
            fontratio = 1;
            fontstyle = 0;
            fontslant = 0;
            pen = 0;
            oncombine = SUM;
            unit = "m3";
        };

        text _tmp_34
        {
            name = "Text_404";
            x1 = 102;
            y1 = 2;
            x2 = 102;
            y2 = 2;
            string = "Total Volume (§©):";
            fontname = "Courier New";
            fontcolor = 162;
            fonttype = 2;
            fontsize = 1;
            fontratio = 1;
            fontslant = 0;
            fontstyle = 0;
            angle = 0;
            justify = LEFT;
            pen = 0;
        };
    };

    row _tmp_777
    {
        name = "CAST_UNIT_COLUMN";
        height = 4;
        visibility = TRUE;
        usecolumns = FALSE;
        rule = "if match(GetValue(\"CAST_UNIT_TYPE\"),\"*Precast*\") && match(GetValue(\"MAINPART.NAME\"),\"*COLUMN*\")\r\n then\r\n  Output()\r\nelse\r\n  StepOver()\r\nendif";
        contenttype = "CAST_UNIT";
        sorttype = COMBINE;

        valuefield _tmp_778
        {
            name = "ValueField_102";
            location = (9, 1);
            formula = "GetValue(\"MAINPART.NAME\")";
            datatype = STRING;
            class = "";
            cacheable = TRUE;
            justify = LEFT;
            visibility = TRUE;
            angle = 0;
            length = 15;
            decimals = 0;
            sortdirection = ASCENDING;
            fontname = "Courier New";
            fontcolor = 153;
            fonttype = 2;
            fontsize = 1;
            fontratio = 1;
            fontstyle = 0;
            fontslant = 0;
            pen = 0;
            oncombine = NONE;
        };

        valuefield _tmp_779
        {
            name = "ValueField_103";
            location = (37, 1);
            formula = "GetValue(\"MATERIAL\")";
            datatype = STRING;
            class = "";
            cacheable = TRUE;
            justify = LEFT;
            visibility = TRUE;
            angle = 0;
            length = 7;
            decimals = 0;
            sortdirection = ASCENDING;
            fontname = "Courier New";
            fontcolor = 153;
            fonttype = 2;
            fontsize = 1;
            fontratio = 1;
            fontstyle = 0;
            fontslant = 0;
            pen = 0;
            oncombine = NONE;
        };

        valuefield _tmp_780
        {
            name = "ValueField_104";
            location = (66, 1);
            formula = "mid(GetValue(\"MAINPART.PROFILE.WIDTH\"),0,find(GetValue(\"MAINPART.PROFILE.WIDTH\"), \".\"))\r\n+\"X\"+mid(GetValue(\"MAINPART.PROFILE.HEIGHT\"),0,find(GetValue(\"MAINPART.PROFILE.HEIGHT\"), \".\"))";
            datatype = STRING;
            class = "";
            cacheable = TRUE;
            justify = LEFT;
            visibility = TRUE;
            angle = 0;
            length = 20;
            decimals = 0;
            sortdirection = ASCENDING;
            fontname = "Courier New";
            fontcolor = 164;
            fonttype = 2;
            fontsize = 2.38;
            fontratio = 1;
            fontstyle = 0;
            fontslant = 0;
            pen = 0;
            oncombine = NONE;
        };

        valuefield _tmp_781
        {
            name = "ValueField_105";
            location = (49, 1);
            formula = "GetValue(\"LENGTH\")";
            datatype = DOUBLE;
            class = "Length";
            cacheable = TRUE;
            justify = RIGHT;
            visibility = TRUE;
            angle = 0;
            length = 12;
            decimals = 0;
            sortdirection = ASCENDING;
            fontname = "Courier New";
            fontcolor = 164;
            fonttype = 2;
            fontsize = 2.38;
            fontratio = 1;
            fontstyle = 0;
            fontslant = 0;
            pen = 0;
            oncombine = NONE;
            unit = "mm";
        };

        text _tmp_782
        {
            name = "Text_203";
            x1 = 2;
            y1 = 2;
            x2 = 2;
            y2 = 2;
            string = "Qty:";
            fontname = "Courier New";
            fontcolor = 162;
            fonttype = 2;
            fontsize = 1;
            fontratio = 1;
            fontslant = 0;
            fontstyle = 0;
            angle = 0;
            justify = LEFT;
            pen = 0;
        };

        text _tmp_783
        {
            name = "Text_204";
            x1 = 37;
            y1 = 2;
            x2 = 37;
            y2 = 2;
            string = "Material:";
            fontname = "Courier New";
            fontcolor = 162;
            fonttype = 2;
            fontsize = 1;
            fontratio = 1;
            fontslant = 0;
            fontstyle = 0;
            angle = 0;
            justify = LEFT;
            pen = 0;
        };

        text _tmp_784
        {
            name = "Text_205";
            x1 = 1;
            y1 = 3;
            x2 = 1;
            y2 = 3;
            string = "________________________________________________________________________________________________________________________________________";
            fontname = "Courier New";
            fontcolor = 162;
            fonttype = 2;
            fontsize = 2.38;
            fontratio = 1;
            fontslant = 0;
            fontstyle = 0;
            angle = 0;
            justify = LEFT;
            pen = 0;
        };

        text _tmp_785
        {
            name = "Text_206";
            x1 = 66;
            y1 = 2;
            x2 = 66;
            y2 = 2;
            string = "Profile:";
            fontname = "Courier New";
            fontcolor = 162;
            fonttype = 2;
            fontsize = 1;
            fontratio = 1;
            fontslant = 0;
            fontstyle = 0;
            angle = 0;
            justify = LEFT;
            pen = 0;
        };

        text _tmp_786
        {
            name = "Text_207";
            x1 = 51;
            y1 = 2;
            x2 = 51;
            y2 = 2;
            string = "Length(mm):";
            fontname = "Courier New";
            fontcolor = 162;
            fonttype = 2;
            fontsize = 1;
            fontratio = 1;
            fontslant = 0;
            fontstyle = 0;
            angle = 0;
            justify = LEFT;
            pen = 0;
        };

        valuefield _tmp_787
        {
            name = "ValueField_106";
            location = (2, 1);
            formula = "GetValue(\"NUMBER\")";
            datatype = INTEGER;
            class = "";
            cacheable = TRUE;
            justify = LEFT;
            visibility = TRUE;
            angle = 0;
            length = 4;
            sortdirection = NONE;
            fontname = "Courier New";
            fontcolor = 153;
            fonttype = 2;
            fontsize = 1;
            fontratio = 1;
            fontstyle = 0;
            fontslant = 0;
            pen = 0;
            oncombine = SUM;
        };

        text _tmp_788
        {
            name = "Text_208";
            x1 = 9;
            y1 = 2;
            x2 = 9;
            y2 = 2;
            string = "Name:";
            fontname = "Courier New";
            fontcolor = 162;
            fonttype = 2;
            fontsize = 1;
            fontratio = 1;
            fontslant = 0;
            fontstyle = 0;
            angle = 0;
            justify = LEFT;
            pen = 0;
        };

        valuefield _tmp_789
        {
            name = "ValueField_107";
            location = (86, 1);
            formula = "GetValue(\"VOLUME\")";
            datatype = DOUBLE;
            class = "Volume";
            cacheable = TRUE;
            justify = RIGHT;
            visibility = TRUE;
            angle = 0;
            length = 12;
            decimals = 2;
            sortdirection = NONE;
            fontname = "Courier New";
            fontcolor = 153;
            fonttype = 2;
            fontsize = 1;
            fontratio = 1;
            fontstyle = 0;
            fontslant = 0;
            pen = 0;
            oncombine = NONE;
            unit = "m3";
        };

        text _tmp_790
        {
            name = "Text_209";
            x1 = 87;
            y1 = 2;
            x2 = 87;
            y2 = 2;
            string = "Volume (§©):";
            fontname = "Courier New";
            fontcolor = 162;
            fonttype = 2;
            fontsize = 1;
            fontratio = 1;
            fontslant = 0;
            fontstyle = 0;
            angle = 0;
            justify = LEFT;
            pen = 0;
        };

        valuefield _tmp_791
        {
            name = "ValueField_108";
            location = (121, 1);
            formula = "GetValue(\"WEIGHT\")";
            datatype = DOUBLE;
            class = "Weight";
            cacheable = TRUE;
            justify = RIGHT;
            visibility = TRUE;
            angle = 0;
            length = 12;
            decimals = 0;
            sortdirection = NONE;
            fontname = "Courier New";
            fontcolor = 153;
            fonttype = 2;
            fontsize = 1;
            fontratio = 1;
            fontstyle = 0;
            fontslant = 0;
            pen = 0;
            oncombine = NONE;
            unit = "kg";
        };

        text _tmp_792
        {
            name = "Text_210";
            x1 = 122;
            y1 = 2;
            x2 = 122;
            y2 = 2;
            string = "Weight (kg):";
            fontname = "Courier New";
            fontcolor = 162;
            fonttype = 2;
            fontsize = 1;
            fontratio = 1;
            fontslant = 0;
            fontstyle = 0;
            angle = 0;
            justify = LEFT;
            pen = 0;
        };

        text _tmp_793
        {
            name = "Text_211";
            x1 = 27;
            y1 = 2;
            x2 = 27;
            y2 = 2;
            string = "Mark:";
            fontname = "Courier New";
            fontcolor = 162;
            fonttype = 2;
            fontsize = 1;
            fontratio = 1;
            fontslant = 0;
            fontstyle = 0;
            angle = 0;
            justify = LEFT;
            pen = 0;
        };

        valuefield _tmp_794
        {
            name = "ValueField_109";
            location = (27, 1);
            formula = "GetValue(\"CAST_UNIT_POS\")";
            datatype = STRING;
            class = "";
            cacheable = TRUE;
            justify = LEFT;
            visibility = TRUE;
            angle = 0;
            length = 7;
            decimals = 0;
            sortdirection = ASCENDING;
            fontname = "Courier New";
            fontcolor = 153;
            fonttype = 2;
            fontsize = 1;
            fontratio = 1;
            fontstyle = 0;
            fontslant = 0;
            pen = 0;
            oncombine = NONE;
        };

        row _tmp_795
        {
            name = "Row_27";
            height = 3;
            visibility = TRUE;
            usecolumns = FALSE;
            rule = "if (GetValue(\"MAINPART.MATERIAL_TYPE\") != \"CONCRETE\") then\n  Output()\nelse\n  StepOver()\nendif\n";
            contenttype = "ASSEMBLY";
            sorttype = COMBINE;

            text _tmp_796
            {
                name = "Text_212";
                x1 = 29;
                y1 = 0;
                x2 = 29;
                y2 = 0;
                string = "Name:";
                fontname = "Courier New";
                fontcolor = 162;
                fonttype = 2;
                fontsize = 2.38;
                fontratio = 1;
                fontslant = 0;
                fontstyle = 0;
                angle = 0;
                justify = LEFT;
                pen = 0;
            };

            text _tmp_797
            {
                name = "Text_213";
                x1 = 54;
                y1 = 0;
                x2 = 54;
                y2 = 0;
                string = "Profile:";
                fontname = "Courier New";
                fontcolor = 162;
                fonttype = 2;
                fontsize = 2.38;
                fontratio = 1;
                fontslant = 0;
                fontstyle = 0;
                angle = 0;
                justify = LEFT;
                pen = 0;
            };

            text _tmp_798
            {
                name = "Text_214";
                x1 = 22;
                y1 = 0;
                x2 = 22;
                y2 = 0;
                string = "Qty:";
                fontname = "Courier New";
                fontcolor = 162;
                fonttype = 2;
                fontsize = 1;
                fontratio = 1;
                fontslant = 0;
                fontstyle = 0;
                angle = 0;
                justify = LEFT;
                pen = 0;
            };

            text _tmp_799
            {
                name = "Text_215";
                x1 = 42;
                y1 = 0;
                x2 = 42;
                y2 = 0;
                string = "Material:";
                fontname = "Courier New";
                fontcolor = 162;
                fonttype = 2;
                fontsize = 2.38;
                fontratio = 1;
                fontslant = 0;
                fontstyle = 0;
                angle = 0;
                justify = LEFT;
                pen = 0;
            };

            text _tmp_800
            {
                name = "Text_216";
                x1 = 15;
                y1 = 1;
                x2 = 15;
                y2 = 1;
                string = "Component Parts:";
                fontname = "Courier New";
                fontcolor = 162;
                fonttype = 2;
                fontsize = 2.38;
                fontratio = 1;
                fontslant = 0;
                fontstyle = 0;
                angle = 0;
                justify = LEFT;
                pen = 0;
            };

            text _tmp_801
            {
                name = "Text_217";
                x1 = 15;
                y1 = 2;
                x2 = 15;
                y2 = 2;
                string = "_____________________________________________________________________________________________________________________";
                fontname = "Courier New";
                fontcolor = 162;
                fonttype = 2;
                fontsize = 2.38;
                fontratio = 1;
                fontslant = 0;
                fontstyle = 0;
                angle = 0;
                justify = LEFT;
                pen = 0;
            };

            text _tmp_802
            {
                name = "Text_218";
                x1 = 104;
                y1 = 0;
                x2 = 104;
                y2 = 0;
                string = "Description:";
                fontname = "Courier New";
                fontcolor = 162;
                fonttype = 2;
                fontsize = 2.38;
                fontratio = 1;
                fontslant = 0;
                fontstyle = 0;
                angle = 0;
                justify = LEFT;
                pen = 0;
            };

            text _tmp_803
            {
                name = "Text_219";
                x1 = 71;
                y1 = 0;
                x2 = 71;
                y2 = 0;
                string = "Length(mm):";
                fontname = "Courier New";
                fontcolor = 162;
                fonttype = 2;
                fontsize = 2.38;
                fontratio = 1;
                fontslant = 0;
                fontstyle = 0;
                angle = 0;
                justify = LEFT;
                pen = 0;
            };

            text _tmp_804
            {
                name = "Text_220";
                x1 = 83;
                y1 = 0;
                x2 = 83;
                y2 = 0;
                string = "Finish:";
                fontname = "Courier New";
                fontcolor = 162;
                fonttype = 2;
                fontsize = 2.38;
                fontratio = 1;
                fontslant = 0;
                fontstyle = 0;
                angle = 0;
                justify = LEFT;
                pen = 0;
            };

            text _tmp_805
            {
                name = "Text_221";
                x1 = 95;
                y1 = 0;
                x2 = 95;
                y2 = 0;
                string = "Class:";
                fontname = "Courier New";
                fontcolor = 162;
                fonttype = 2;
                fontsize = 2.38;
                fontratio = 1;
                fontslant = 0;
                fontstyle = 0;
                angle = 0;
                justify = LEFT;
                pen = 0;
            };
        };

        row _tmp_806
        {
            name = "Row_28";
            height = 1;
            visibility = TRUE;
            usecolumns = FALSE;
            rule = "if (GetValue(\"MAINPART.MATERIAL_TYPE\") != \"CONCRETE\") then\n  Output()\nelse\n  StepOver()\nendif\n";
            contenttype = "ASSEMBLY";
            sorttype = COMBINE;

            valuefield _tmp_807
            {
                name = "ValueField_110";
                location = (29, 0);
                formula = "GetValue(\"MAINPART.NAME\")";
                datatype = STRING;
                class = "";
                cacheable = TRUE;
                justify = LEFT;
                visibility = TRUE;
                angle = 0;
                length = 10;
                sortdirection = ASCENDING;
                fontname = "Courier New";
                fontcolor = 153;
                fonttype = 2;
                fontsize = 1;
                fontratio = 1;
                fontstyle = 0;
                fontslant = 0;
                pen = 0;
                oncombine = NONE;
            };

            valuefield _tmp_808
            {
                name = "ValueField_111";
                location = (42, 0);
                formula = "GetValue(\"MAINPART.MATERIAL\")";
                datatype = STRING;
                class = "";
                cacheable = TRUE;
                justify = LEFT;
                visibility = TRUE;
                angle = 0;
                length = 7;
                sortdirection = ASCENDING;
                fontname = "Courier New";
                fontcolor = 153;
                fonttype = 2;
                fontsize = 1;
                fontratio = 1;
                fontstyle = 0;
                fontslant = 0;
                pen = 0;
                oncombine = NONE;
            };

            valuefield _tmp_809
            {
                name = "ValueField_112";
                location = (53, 0);
                formula = "GetValue(\"MAINPART.PROFILE\")";
                datatype = STRING;
                class = "";
                cacheable = TRUE;
                justify = LEFT;
                visibility = TRUE;
                angle = 0;
                length = 14;
                sortdirection = ASCENDING;
                fontname = "Courier New";
                fontcolor = 153;
                fonttype = 2;
                fontsize = 1;
                fontratio = 1;
                fontstyle = 0;
                fontslant = 0;
                pen = 0;
                oncombine = NONE;
            };

            valuefield _tmp_810
            {
                name = "ValueField_113";
                location = (69, 0);
                formula = "GetValue(\"MAINPART.LENGTH\")";
                datatype = DOUBLE;
                class = "Length";
                cacheable = TRUE;
                justify = RIGHT;
                visibility = TRUE;
                angle = 0;
                length = 12;
                decimals = 0;
                sortdirection = ASCENDING;
                fontname = "Courier New";
                fontcolor = 153;
                fonttype = 2;
                fontsize = 1;
                fontratio = 1;
                fontstyle = 0;
                fontslant = 0;
                pen = 0;
                oncombine = NONE;
                unit = "mm";
            };

            valuefield _tmp_811
            {
                name = "ValueField_114";
                location = (83, 0);
                formula = "GetValue(\"MAINPART.FINISH\")";
                datatype = STRING;
                class = "";
                cacheable = TRUE;
                justify = LEFT;
                visibility = TRUE;
                angle = 0;
                length = 10;
                sortdirection = ASCENDING;
                fontname = "Courier New";
                fontcolor = 153;
                fonttype = 2;
                fontsize = 1;
                fontratio = 1;
                fontstyle = 0;
                fontslant = 0;
                pen = 0;
                oncombine = NONE;
            };

            valuefield _tmp_812
            {
                name = "ValueField_115";
                location = (95, 0);
                formula = "GetValue(\"MAINPART.CLASS_ATTR\")";
                datatype = STRING;
                class = "";
                cacheable = TRUE;
                justify = LEFT;
                visibility = TRUE;
                angle = 0;
                length = 6;
                sortdirection = ASCENDING;
                fontname = "Courier New";
                fontcolor = 153;
                fonttype = 2;
                fontsize = 1;
                fontratio = 1;
                fontstyle = 0;
                fontslant = 0;
                pen = 0;
                oncombine = NONE;
            };

            valuefield _tmp_813
            {
                name = "ValueField_116";
                location = (22, 0);
                formula = "GetValue(\"NUMBER\")";
                datatype = INTEGER;
                class = "";
                cacheable = TRUE;
                justify = LEFT;
                visibility = TRUE;
                angle = 0;
                length = 3;
                sortdirection = NONE;
                fontname = "Courier New";
                fontcolor = 153;
                fonttype = 2;
                fontsize = 1;
                fontratio = 1;
                fontstyle = 0;
                fontslant = 0;
                pen = 0;
                oncombine = SUM;
            };

            valuefield _tmp_814
            {
                name = "ValueField_117";
                location = (104, 0);
                formula = "GetValue(\"MAINPART.USERDEFINED.USER_FIELD_1\")";
                datatype = STRING;
                class = "";
                cacheable = TRUE;
                justify = LEFT;
                visibility = TRUE;
                angle = 0;
                length = 20;
                sortdirection = NONE;
                fontname = "Courier New";
                fontcolor = 153;
                fonttype = 2;
                fontsize = 1;
                fontratio = 1;
                fontstyle = 0;
                fontslant = 0;
                pen = 0;
                oncombine = NONE;
            };
        };

        row _tmp_815
        {
            name = "Row_29";
            height = 3;
            visibility = TRUE;
            usecolumns = FALSE;
            rule = "if (GetValue(\"MATERIAL_TYPE\") != \"CONCRETE\" ) then\n  Output()\nelse\n  StepOver()\nendif\n";
            contenttype = "PART";
            sorttype = COMBINE;

            text _tmp_816
            {
                name = "Text_222";
                x1 = 30;
                y1 = 0;
                x2 = 30;
                y2 = 0;
                string = "Name:";
                fontname = "Courier New";
                fontcolor = 162;
                fonttype = 2;
                fontsize = 2.38;
                fontratio = 1;
                fontslant = 0;
                fontstyle = 0;
                angle = 0;
                justify = LEFT;
                pen = 0;
            };

            text _tmp_817
            {
                name = "Text_223";
                x1 = 71;
                y1 = 0;
                x2 = 71;
                y2 = 0;
                string = "Length(mm):";
                fontname = "Courier New";
                fontcolor = 162;
                fonttype = 2;
                fontsize = 2.38;
                fontratio = 1;
                fontslant = 0;
                fontstyle = 0;
                angle = 0;
                justify = LEFT;
                pen = 0;
            };

            text _tmp_818
            {
                name = "Text_224";
                x1 = 22;
                y1 = 0;
                x2 = 22;
                y2 = 0;
                string = "Qty:";
                fontname = "Courier New";
                fontcolor = 162;
                fonttype = 2;
                fontsize = 1;
                fontratio = 1;
                fontslant = 0;
                fontstyle = 0;
                angle = 0;
                justify = LEFT;
                pen = 0;
            };

            text _tmp_819
            {
                name = "Text_225";
                x1 = 42;
                y1 = 0;
                x2 = 42;
                y2 = 0;
                string = "Material:";
                fontname = "Courier New";
                fontcolor = 162;
                fonttype = 2;
                fontsize = 2.38;
                fontratio = 1;
                fontslant = 0;
                fontstyle = 0;
                angle = 0;
                justify = LEFT;
                pen = 0;
            };

            text _tmp_820
            {
                name = "Text_226";
                x1 = 15;
                y1 = 1;
                x2 = 15;
                y2 = 1;
                string = "Free Parts:";
                fontname = "Courier New";
                fontcolor = 162;
                fonttype = 2;
                fontsize = 2.38;
                fontratio = 1;
                fontslant = 0;
                fontstyle = 0;
                angle = 0;
                justify = LEFT;
                pen = 0;
            };

            text _tmp_821
            {
                name = "Text_227";
                x1 = 15;
                y1 = 2;
                x2 = 15;
                y2 = 2;
                string = "_____________________________________________________________________________________________________________________";
                fontname = "Courier New";
                fontcolor = 162;
                fonttype = 2;
                fontsize = 2.38;
                fontratio = 1;
                fontslant = 0;
                fontstyle = 0;
                angle = 0;
                justify = LEFT;
                pen = 0;
            };

            text _tmp_822
            {
                name = "Text_228";
                x1 = 104;
                y1 = 0;
                x2 = 104;
                y2 = 0;
                string = "Description:";
                fontname = "Courier New";
                fontcolor = 162;
                fonttype = 2;
                fontsize = 2.38;
                fontratio = 1;
                fontslant = 0;
                fontstyle = 0;
                angle = 0;
                justify = LEFT;
                pen = 0;
            };

            text _tmp_823
            {
                name = "Text_229";
                x1 = 54;
                y1 = 0;
                x2 = 54;
                y2 = 0;
                string = "Profile:";
                fontname = "Courier New";
                fontcolor = 162;
                fonttype = 2;
                fontsize = 2.38;
                fontratio = 1;
                fontslant = 0;
                fontstyle = 0;
                angle = 0;
                justify = LEFT;
                pen = 0;
            };

            text _tmp_824
            {
                name = "Text_230";
                x1 = 83;
                y1 = 0;
                x2 = 83;
                y2 = 0;
                string = "Finish:";
                fontname = "Courier New";
                fontcolor = 162;
                fonttype = 2;
                fontsize = 2.38;
                fontratio = 1;
                fontslant = 0;
                fontstyle = 0;
                angle = 0;
                justify = LEFT;
                pen = 0;
            };

            text _tmp_825
            {
                name = "Text_231";
                x1 = 95;
                y1 = 0;
                x2 = 95;
                y2 = 0;
                string = "Class:";
                fontname = "Courier New";
                fontcolor = 162;
                fonttype = 2;
                fontsize = 2.38;
                fontratio = 1;
                fontslant = 0;
                fontstyle = 0;
                angle = 0;
                justify = LEFT;
                pen = 0;
            };
        };

        row _tmp_826
        {
            name = "Row_30";
            height = 1;
            visibility = TRUE;
            usecolumns = FALSE;
            rule = "if (GetValue(\"MATERIAL_TYPE\") != \"CONCRETE\" ) then\n  Output()\nelse\n  StepOver()\nendif\n";
            contenttype = "PART";
            sorttype = COMBINE;

            valuefield _tmp_827
            {
                name = "ValueField_118";
                location = (29, 0);
                formula = "GetValue(\"NAME\")";
                datatype = STRING;
                class = "";
                cacheable = TRUE;
                justify = LEFT;
                visibility = TRUE;
                angle = 0;
                length = 10;
                sortdirection = ASCENDING;
                fontname = "Courier New";
                fontcolor = 153;
                fonttype = 2;
                fontsize = 1;
                fontratio = 1;
                fontstyle = 0;
                fontslant = 0;
                pen = 0;
                oncombine = NONE;
            };

            valuefield _tmp_828
            {
                name = "ValueField_119";
                location = (42, 0);
                formula = "GetValue(\"MATERIAL\")";
                datatype = STRING;
                class = "";
                cacheable = TRUE;
                justify = LEFT;
                visibility = TRUE;
                angle = 0;
                length = 7;
                sortdirection = ASCENDING;
                fontname = "Courier New";
                fontcolor = 153;
                fonttype = 2;
                fontsize = 1;
                fontratio = 1;
                fontstyle = 0;
                fontslant = 0;
                pen = 0;
                oncombine = NONE;
            };

            valuefield _tmp_829
            {
                name = "ValueField_120";
                location = (53, 0);
                formula = "GetValue(\"PROFILE\")";
                datatype = STRING;
                class = "";
                cacheable = TRUE;
                justify = LEFT;
                visibility = TRUE;
                angle = 0;
                length = 14;
                sortdirection = ASCENDING;
                fontname = "Courier New";
                fontcolor = 153;
                fonttype = 2;
                fontsize = 1;
                fontratio = 1;
                fontstyle = 0;
                fontslant = 0;
                pen = 0;
                oncombine = NONE;
            };

            valuefield _tmp_830
            {
                name = "ValueField_121";
                location = (69, 0);
                formula = "GetValue(\"MAINPART.LENGTH\")";
                datatype = DOUBLE;
                class = "Length";
                cacheable = TRUE;
                justify = RIGHT;
                visibility = TRUE;
                angle = 0;
                length = 12;
                decimals = 0;
                sortdirection = ASCENDING;
                fontname = "Courier New";
                fontcolor = 153;
                fonttype = 2;
                fontsize = 1;
                fontratio = 1;
                fontstyle = 0;
                fontslant = 0;
                pen = 0;
                oncombine = NONE;
                unit = "mm";
            };

            valuefield _tmp_831
            {
                name = "ValueField_122";
                location = (83, 0);
                formula = "GetValue(\"MAINPART.FINISH\")";
                datatype = STRING;
                class = "";
                cacheable = TRUE;
                justify = LEFT;
                visibility = TRUE;
                angle = 0;
                length = 10;
                sortdirection = ASCENDING;
                fontname = "Courier New";
                fontcolor = 153;
                fonttype = 2;
                fontsize = 1;
                fontratio = 1;
                fontstyle = 0;
                fontslant = 0;
                pen = 0;
                oncombine = NONE;
            };

            valuefield _tmp_832
            {
                name = "ValueField_123";
                location = (95, 0);
                formula = "GetValue(\"MAINPART.CLASS_ATTR\")";
                datatype = STRING;
                class = "";
                cacheable = TRUE;
                justify = LEFT;
                visibility = TRUE;
                angle = 0;
                length = 6;
                sortdirection = ASCENDING;
                fontname = "Courier New";
                fontcolor = 153;
                fonttype = 2;
                fontsize = 1;
                fontratio = 1;
                fontstyle = 0;
                fontslant = 0;
                pen = 0;
                oncombine = NONE;
            };

            valuefield _tmp_833
            {
                name = "ValueField_124";
                location = (22, 0);
                formula = "GetValue(\"NUMBER\")";
                datatype = INTEGER;
                class = "";
                cacheable = TRUE;
                justify = LEFT;
                visibility = TRUE;
                angle = 0;
                length = 3;
                sortdirection = NONE;
                fontname = "Courier New";
                fontcolor = 153;
                fonttype = 2;
                fontsize = 1;
                fontratio = 1;
                fontstyle = 0;
                fontslant = 0;
                pen = 0;
                oncombine = SUM;
            };

            valuefield _tmp_834
            {
                name = "ValueField_125";
                location = (104, 0);
                formula = "GetValue(\"USERDEFINED.USER_FIELD_1\")";
                datatype = STRING;
                class = "";
                cacheable = TRUE;
                justify = LEFT;
                visibility = TRUE;
                angle = 0;
                length = 20;
                sortdirection = NONE;
                fontname = "Courier New";
                fontcolor = 153;
                fonttype = 2;
                fontsize = 1;
                fontratio = 1;
                fontstyle = 0;
                fontslant = 0;
                pen = 0;
                oncombine = NONE;
            };
        };

        row _tmp_835
        {
            name = "Row_31";
            height = 3;
            visibility = FALSE;
            usecolumns = FALSE;
            rule = "";
            contenttype = "PART";
            sorttype = COMBINE;

            row _tmp_836
            {
                name = "Row_32";
                height = 3;
                visibility = TRUE;
                usecolumns = FALSE;
                rule = "if (GetValue(\"SHAPE\") == \"STR\") then\r\n  Output()\r\nelse\r\n  StepOver()\r\nendif\r\n";
                contenttype = "REBAR";
                sorttype = COMBINE;

                text _tmp_837
                {
                    name = "Text_232";
                    x1 = 15;
                    y1 = 2;
                    x2 = 15;
                    y2 = 2;
                    string = "_____________________________________________________________________________________";
                    fontname = "Courier New";
                    fontcolor = 162;
                    fonttype = 2;
                    fontsize = 2.38;
                    fontratio = 1;
                    fontslant = 0;
                    fontstyle = 0;
                    angle = 0;
                    justify = LEFT;
                    pen = 0;
                };

                text _tmp_838
                {
                    name = "Text_233";
                    x1 = 45;
                    y1 = 0;
                    x2 = 45;
                    y2 = 0;
                    string = "Size:";
                    fontname = "Courier New";
                    fontcolor = 162;
                    fonttype = 2;
                    fontsize = 2.38;
                    fontratio = 1;
                    fontslant = 0;
                    fontstyle = 0;
                    angle = 0;
                    justify = LEFT;
                    pen = 0;
                };

                text _tmp_839
                {
                    name = "Text_234";
                    x1 = 15;
                    y1 = 1;
                    x2 = 15;
                    y2 = 1;
                    string = "Straight Rebar List:";
                    fontname = "Courier New";
                    fontcolor = 162;
                    fonttype = 2;
                    fontsize = 2.38;
                    fontratio = 1;
                    fontslant = 0;
                    fontstyle = 0;
                    angle = 0;
                    justify = LEFT;
                    pen = 0;
                };

                text _tmp_840
                {
                    name = "Text_235";
                    x1 = 22;
                    y1 = 0;
                    x2 = 22;
                    y2 = 0;
                    string = "Qty:";
                    fontname = "Courier New";
                    fontcolor = 162;
                    fonttype = 2;
                    fontsize = 1;
                    fontratio = 1;
                    fontslant = 0;
                    fontstyle = 0;
                    angle = 0;
                    justify = LEFT;
                    pen = 0;
                };

                text _tmp_841
                {
                    name = "Text_236";
                    x1 = 52;
                    y1 = 0;
                    x2 = 52;
                    y2 = 0;
                    string = "Length(mm):";
                    fontname = "Courier New";
                    fontcolor = 162;
                    fonttype = 2;
                    fontsize = 2.38;
                    fontratio = 1;
                    fontslant = 0;
                    fontstyle = 0;
                    angle = 0;
                    justify = LEFT;
                    pen = 0;
                };

                text _tmp_842
                {
                    name = "Text_237";
                    x1 = 33;
                    y1 = 0;
                    x2 = 33;
                    y2 = 0;
                    string = "Grade:";
                    fontname = "Courier New";
                    fontcolor = 162;
                    fonttype = 2;
                    fontsize = 2.38;
                    fontratio = 1;
                    fontslant = 0;
                    fontstyle = 0;
                    angle = 0;
                    justify = LEFT;
                    pen = 0;
                };

                text _tmp_843
                {
                    name = "Text_238";
                    x1 = 65;
                    y1 = 0;
                    x2 = 65;
                    y2 = 0;
                    string = "Length(mm):";
                    fontname = "Courier New";
                    fontcolor = 162;
                    fonttype = 2;
                    fontsize = 2.38;
                    fontratio = 1;
                    fontslant = 0;
                    fontstyle = 0;
                    angle = 0;
                    justify = LEFT;
                    pen = 0;
                };

                text _tmp_844
                {
                    name = "Text_239";
                    x1 = 65;
                    y1 = 1;
                    x2 = 65;
                    y2 = 1;
                    string = "Total";
                    fontname = "Courier New";
                    fontcolor = 162;
                    fonttype = 2;
                    fontsize = 2.38;
                    fontratio = 1;
                    fontslant = 0;
                    fontstyle = 0;
                    angle = 0;
                    justify = LEFT;
                    pen = 0;
                };

                text _tmp_845
                {
                    name = "Text_240";
                    x1 = 79;
                    y1 = 1;
                    x2 = 79;
                    y2 = 1;
                    string = "Total";
                    fontname = "Courier New";
                    fontcolor = 162;
                    fonttype = 2;
                    fontsize = 2.38;
                    fontratio = 1;
                    fontslant = 0;
                    fontstyle = 0;
                    angle = 0;
                    justify = LEFT;
                    pen = 0;
                };

                text _tmp_846
                {
                    name = "Text_241";
                    x1 = 79;
                    y1 = 0;
                    x2 = 79;
                    y2 = 0;
                    string = "Weight(kg):";
                    fontname = "Courier New";
                    fontcolor = 162;
                    fonttype = 2;
                    fontsize = 2.38;
                    fontratio = 1;
                    fontslant = 0;
                    fontstyle = 0;
                    angle = 0;
                    justify = LEFT;
                    pen = 0;
                };
            };

            row _tmp_847
            {
                name = "Row_33";
                height = 1;
                visibility = TRUE;
                usecolumns = FALSE;
                rule = "if (GetValue(\"SHAPE\") == \"STR\") then\r\n  Output()\r\nelse\r\n  StepOver()\r\nendif\r\n";
                contenttype = "REBAR";
                sorttype = COMBINE;

                valuefield _tmp_848
                {
                    name = "ValueField_126";
                    location = (33, 0);
                    formula = "GetValue(\"GRADE\")";
                    datatype = STRING;
                    class = "";
                    cacheable = TRUE;
                    justify = LEFT;
                    visibility = TRUE;
                    angle = 0;
                    length = 7;
                    decimals = 0;
                    sortdirection = ASCENDING;
                    fontname = "Courier New";
                    fontcolor = 153;
                    fonttype = 2;
                    fontsize = 1;
                    fontratio = 1;
                    fontstyle = 0;
                    fontslant = 0;
                    pen = 0;
                    oncombine = NONE;
                };

                valuefield _tmp_849
                {
                    name = "ValueField_127";
                    location = (44, 0);
                    formula = "GetValue(\"SIZE\")";
                    datatype = STRING;
                    class = "";
                    cacheable = TRUE;
                    justify = CENTERED;
                    visibility = TRUE;
                    angle = 0;
                    length = 6;
                    decimals = 0;
                    sortdirection = ASCENDING;
                    fontname = "Courier New";
                    fontcolor = 153;
                    fonttype = 2;
                    fontsize = 1;
                    fontratio = 1;
                    fontstyle = 0;
                    fontslant = 0;
                    pen = 0;
                    oncombine = NONE;
                };

                valuefield _tmp_850
                {
                    name = "ValueField_128";
                    location = (53, 0);
                    formula = "GetValue(\"LENGTH\")";
                    datatype = DOUBLE;
                    class = "Length";
                    cacheable = TRUE;
                    justify = RIGHT;
                    visibility = TRUE;
                    angle = 0;
                    length = 8;
                    decimals = 0;
                    sortdirection = ASCENDING;
                    fontname = "Courier New";
                    fontcolor = 153;
                    fonttype = 2;
                    fontsize = 1;
                    fontratio = 1;
                    fontstyle = 0;
                    fontslant = 0;
                    pen = 0;
                    oncombine = NONE;
                    unit = "mm";
                };

                valuefield _tmp_851
                {
                    name = "ValueField_129";
                    location = (22, 0);
                    formula = "GetValue(\"NUMBER\")";
                    datatype = INTEGER;
                    class = "";
                    cacheable = TRUE;
                    justify = RIGHT;
                    visibility = TRUE;
                    angle = 0;
                    length = 3;
                    decimals = 0;
                    sortdirection = NONE;
                    fontname = "Courier New";
                    fontcolor = 153;
                    fonttype = 2;
                    fontsize = 1;
                    fontratio = 1;
                    fontstyle = 0;
                    fontslant = 0;
                    pen = 0;
                    oncombine = SUM;
                };

                valuefield _tmp_852
                {
                    name = "ValueField_130";
                    location = (64, 0);
                    formula = "GetValue(\"LENGTH\")*GetValue(\"NUMBER\")";
                    datatype = DOUBLE;
                    class = "Length";
                    cacheable = TRUE;
                    justify = RIGHT;
                    visibility = TRUE;
                    angle = 0;
                    length = 10;
                    decimals = 0;
                    sortdirection = NONE;
                    fontname = "Courier New";
                    fontcolor = 153;
                    fonttype = 2;
                    fontsize = 1;
                    fontratio = 1;
                    fontstyle = 0;
                    fontslant = 0;
                    pen = 0;
                    oncombine = SUM;
                    unit = "mm";
                };

                valuefield _tmp_853
                {
                    name = "ValueField_131";
                    location = (80, 0);
                    formula = "GetValue(\"WEIGHT_TOTAL\")";
                    datatype = DOUBLE;
                    class = "Weight";
                    cacheable = TRUE;
                    justify = RIGHT;
                    visibility = TRUE;
                    angle = 0;
                    length = 8;
                    decimals = 0;
                    sortdirection = NONE;
                    fontname = "Courier New";
                    fontcolor = 153;
                    fonttype = 2;
                    fontsize = 1;
                    fontratio = 1;
                    fontstyle = 0;
                    fontslant = 0;
                    pen = 0;
                    oncombine = SUM;
                    unit = "kg";
                };
            };

            row _tmp_854
            {
                name = "Row_34";
                height = 3;
                visibility = TRUE;
                usecolumns = FALSE;
                rule = "if (GetValue(\"SHAPE\") != \"STR\") then\r\n  Output()\r\nelse\r\n  StepOver()\r\nendif";
                contenttype = "REBAR";
                sorttype = COMBINE;

                text _tmp_855
                {
                    name = "Text_242";
                    x1 = 15;
                    y1 = 1;
                    x2 = 15;
                    y2 = 1;
                    string = "Bent Rebar List:";
                    fontname = "Courier New";
                    fontcolor = 162;
                    fonttype = 2;
                    fontsize = 2.38;
                    fontratio = 1;
                    fontslant = 0;
                    fontstyle = 0;
                    angle = 0;
                    justify = LEFT;
                    pen = 0;
                };

                text _tmp_856
                {
                    name = "Text_243";
                    x1 = 15;
                    y1 = 2;
                    x2 = 15;
                    y2 = 2;
                    string = "_____________________________________________________________________________________";
                    fontname = "Courier New";
                    fontcolor = 162;
                    fonttype = 2;
                    fontsize = 2.38;
                    fontratio = 1;
                    fontslant = 0;
                    fontstyle = 0;
                    angle = 0;
                    justify = LEFT;
                    pen = 0;
                };

                text _tmp_857
                {
                    name = "Text_244";
                    x1 = 27;
                    y1 = 0;
                    x2 = 27;
                    y2 = 0;
                    string = "Typ:";
                    fontname = "Courier New";
                    fontcolor = 162;
                    fonttype = 2;
                    fontsize = 1;
                    fontratio = 1;
                    fontslant = 0;
                    fontstyle = 0;
                    angle = 0;
                    justify = LEFT;
                    pen = 0;
                };

                text _tmp_858
                {
                    name = "Text_245";
                    x1 = 22;
                    y1 = 0;
                    x2 = 22;
                    y2 = 0;
                    string = "Qty:";
                    fontname = "Courier New";
                    fontcolor = 162;
                    fonttype = 2;
                    fontsize = 1;
                    fontratio = 1;
                    fontslant = 0;
                    fontstyle = 0;
                    angle = 0;
                    justify = LEFT;
                    pen = 0;
                };

                text _tmp_859
                {
                    name = "Text_246";
                    x1 = 33;
                    y1 = 0;
                    x2 = 33;
                    y2 = 0;
                    string = "Grade:";
                    fontname = "Courier New";
                    fontcolor = 162;
                    fonttype = 2;
                    fontsize = 2.38;
                    fontratio = 1;
                    fontslant = 0;
                    fontstyle = 0;
                    angle = 0;
                    justify = LEFT;
                    pen = 0;
                };

                text _tmp_860
                {
                    name = "Text_247";
                    x1 = 45;
                    y1 = 0;
                    x2 = 45;
                    y2 = 0;
                    string = "Size:";
                    fontname = "Courier New";
                    fontcolor = 162;
                    fonttype = 2;
                    fontsize = 2.38;
                    fontratio = 1;
                    fontslant = 0;
                    fontstyle = 0;
                    angle = 0;
                    justify = LEFT;
                    pen = 0;
                };

                text _tmp_861
                {
                    name = "Text_248";
                    x1 = 52;
                    y1 = 0;
                    x2 = 52;
                    y2 = 0;
                    string = "Length(mm):";
                    fontname = "Courier New";
                    fontcolor = 162;
                    fonttype = 2;
                    fontsize = 2.38;
                    fontratio = 1;
                    fontslant = 0;
                    fontstyle = 0;
                    angle = 0;
                    justify = LEFT;
                    pen = 0;
                };

                text _tmp_862
                {
                    name = "Text_249";
                    x1 = 65;
                    y1 = 1;
                    x2 = 65;
                    y2 = 1;
                    string = "Total";
                    fontname = "Courier New";
                    fontcolor = 162;
                    fonttype = 2;
                    fontsize = 2.38;
                    fontratio = 1;
                    fontslant = 0;
                    fontstyle = 0;
                    angle = 0;
                    justify = LEFT;
                    pen = 0;
                };

                text _tmp_863
                {
                    name = "Text_250";
                    x1 = 65;
                    y1 = 0;
                    x2 = 65;
                    y2 = 0;
                    string = "Length(mm):";
                    fontname = "Courier New";
                    fontcolor = 162;
                    fonttype = 2;
                    fontsize = 2.38;
                    fontratio = 1;
                    fontslant = 0;
                    fontstyle = 0;
                    angle = 0;
                    justify = LEFT;
                    pen = 0;
                };

                text _tmp_864
                {
                    name = "Text_251";
                    x1 = 79;
                    y1 = 1;
                    x2 = 79;
                    y2 = 1;
                    string = "Total";
                    fontname = "Courier New";
                    fontcolor = 162;
                    fonttype = 2;
                    fontsize = 2.38;
                    fontratio = 1;
                    fontslant = 0;
                    fontstyle = 0;
                    angle = 0;
                    justify = LEFT;
                    pen = 0;
                };

                text _tmp_865
                {
                    name = "Text_252";
                    x1 = 79;
                    y1 = 0;
                    x2 = 79;
                    y2 = 0;
                    string = "Weight(kg):";
                    fontname = "Courier New";
                    fontcolor = 162;
                    fonttype = 2;
                    fontsize = 2.38;
                    fontratio = 1;
                    fontslant = 0;
                    fontstyle = 0;
                    angle = 0;
                    justify = LEFT;
                    pen = 0;
                };
            };

            row _tmp_866
            {
                name = "Row_35";
                height = 1;
                visibility = TRUE;
                usecolumns = FALSE;
                rule = "if (GetValue(\"SHAPE\") != \"STR\") then\r\n  Output()\r\nelse\r\n  StepOver()\r\nendif\r\n";
                contenttype = "REBAR";
                sorttype = COMBINE;

                valuefield _tmp_867
                {
                    name = "ValueField_132";
                    location = (33, 0);
                    formula = "GetValue(\"GRADE\")";
                    datatype = STRING;
                    class = "";
                    cacheable = TRUE;
                    justify = LEFT;
                    visibility = TRUE;
                    angle = 0;
                    length = 7;
                    decimals = 0;
                    sortdirection = ASCENDING;
                    fontname = "Courier New";
                    fontcolor = 153;
                    fonttype = 2;
                    fontsize = 1;
                    fontratio = 1;
                    fontstyle = 0;
                    fontslant = 0;
                    pen = 0;
                    oncombine = NONE;
                };

                valuefield _tmp_868
                {
                    name = "ValueField_133";
                    location = (44, 0);
                    formula = "GetValue(\"SIZE\")";
                    datatype = STRING;
                    class = "";
                    cacheable = TRUE;
                    justify = CENTERED;
                    visibility = TRUE;
                    angle = 0;
                    length = 6;
                    decimals = 0;
                    sortdirection = ASCENDING;
                    fontname = "Courier New";
                    fontcolor = 153;
                    fonttype = 2;
                    fontsize = 1;
                    fontratio = 1;
                    fontstyle = 0;
                    fontslant = 0;
                    pen = 0;
                    oncombine = NONE;
                };

                valuefield _tmp_869
                {
                    name = "ValueField_134";
                    location = (27, 0);
                    formula = "GetValue(\"SHAPE\")";
                    datatype = STRING;
                    class = "";
                    cacheable = TRUE;
                    justify = LEFT;
                    visibility = TRUE;
                    angle = 0;
                    length = 4;
                    decimals = 0;
                    sortdirection = ASCENDING;
                    fontname = "Courier New";
                    fontcolor = 153;
                    fonttype = 2;
                    fontsize = 1;
                    fontratio = 1;
                    fontstyle = 0;
                    fontslant = 0;
                    pen = 0;
                    oncombine = NONE;
                };

                valuefield _tmp_870
                {
                    name = "ValueField_135";
                    location = (53, 0);
                    formula = "GetValue(\"LENGTH\")";
                    datatype = DOUBLE;
                    class = "Length";
                    cacheable = TRUE;
                    justify = RIGHT;
                    visibility = TRUE;
                    angle = 0;
                    length = 8;
                    decimals = 0;
                    sortdirection = ASCENDING;
                    fontname = "Courier New";
                    fontcolor = 153;
                    fonttype = 2;
                    fontsize = 1;
                    fontratio = 1;
                    fontstyle = 0;
                    fontslant = 0;
                    pen = 0;
                    oncombine = NONE;
                    unit = "mm";
                };

                valuefield _tmp_871
                {
                    name = "ValueField_136";
                    location = (22, 0);
                    formula = "GetValue(\"NUMBER\")";
                    datatype = INTEGER;
                    class = "";
                    cacheable = TRUE;
                    justify = RIGHT;
                    visibility = TRUE;
                    angle = 0;
                    length = 3;
                    decimals = 0;
                    sortdirection = NONE;
                    fontname = "Courier New";
                    fontcolor = 153;
                    fonttype = 2;
                    fontsize = 1;
                    fontratio = 1;
                    fontstyle = 0;
                    fontslant = 0;
                    pen = 0;
                    oncombine = SUM;
                };

                valuefield _tmp_872
                {
                    name = "ValueField_137";
                    location = (64, 0);
                    formula = "GetValue(\"LENGTH\")*GetValue(\"NUMBER\")";
                    datatype = DOUBLE;
                    class = "Length";
                    cacheable = TRUE;
                    justify = RIGHT;
                    visibility = TRUE;
                    angle = 0;
                    length = 10;
                    decimals = 0;
                    sortdirection = NONE;
                    fontname = "Courier New";
                    fontcolor = 153;
                    fonttype = 2;
                    fontsize = 1;
                    fontratio = 1;
                    fontstyle = 0;
                    fontslant = 0;
                    pen = 0;
                    oncombine = SUM;
                    unit = "mm";
                };

                valuefield _tmp_873
                {
                    name = "ValueField_138";
                    location = (80, 0);
                    formula = "GetValue(\"WEIGHT_TOTAL\")";
                    datatype = DOUBLE;
                    class = "Weight";
                    cacheable = TRUE;
                    justify = RIGHT;
                    visibility = TRUE;
                    angle = 0;
                    length = 8;
                    decimals = 0;
                    sortdirection = NONE;
                    fontname = "Courier New";
                    fontcolor = 153;
                    fonttype = 2;
                    fontsize = 1;
                    fontratio = 1;
                    fontstyle = 0;
                    fontslant = 0;
                    pen = 0;
                    oncombine = SUM;
                    unit = "kg";
                };
            };

            row _tmp_874
            {
                name = "Row_36";
                height = 3;
                visibility = TRUE;
                usecolumns = FALSE;
                rule = "";
                contenttype = "STRAND";
                sorttype = COMBINE;

                text _tmp_875
                {
                    name = "Text_253";
                    x1 = 15;
                    y1 = 2;
                    x2 = 15;
                    y2 = 2;
                    string = "_____________________________________________________________________________________";
                    fontname = "Courier New";
                    fontcolor = 162;
                    fonttype = 2;
                    fontsize = 2.38;
                    fontratio = 1;
                    fontslant = 0;
                    fontstyle = 0;
                    angle = 0;
                    justify = LEFT;
                    pen = 0;
                };

                text _tmp_876
                {
                    name = "Text_254";
                    x1 = 15;
                    y1 = 1;
                    x2 = 15;
                    y2 = 1;
                    string = "Strand:";
                    fontname = "Courier New";
                    fontcolor = 162;
                    fonttype = 2;
                    fontsize = 2.38;
                    fontratio = 1;
                    fontslant = 0;
                    fontstyle = 0;
                    angle = 0;
                    justify = LEFT;
                    pen = 0;
                };

                text _tmp_877
                {
                    name = "Text_255";
                    x1 = 33;
                    y1 = 0;
                    x2 = 33;
                    y2 = 0;
                    string = "Grade:";
                    fontname = "Courier New";
                    fontcolor = 162;
                    fonttype = 2;
                    fontsize = 2.38;
                    fontratio = 1;
                    fontslant = 0;
                    fontstyle = 0;
                    angle = 0;
                    justify = LEFT;
                    pen = 0;
                };

                text _tmp_878
                {
                    name = "Text_256";
                    x1 = 22;
                    y1 = 0;
                    x2 = 22;
                    y2 = 0;
                    string = "Qty:";
                    fontname = "Courier New";
                    fontcolor = 162;
                    fonttype = 2;
                    fontsize = 1;
                    fontratio = 1;
                    fontslant = 0;
                    fontstyle = 0;
                    angle = 0;
                    justify = LEFT;
                    pen = 0;
                };

                text _tmp_879
                {
                    name = "Text_257";
                    x1 = 52;
                    y1 = 0;
                    x2 = 52;
                    y2 = 0;
                    string = "Length(mm):";
                    fontname = "Courier New";
                    fontcolor = 162;
                    fonttype = 2;
                    fontsize = 2.38;
                    fontratio = 1;
                    fontslant = 0;
                    fontstyle = 0;
                    angle = 0;
                    justify = LEFT;
                    pen = 0;
                };

                text _tmp_880
                {
                    name = "Text_258";
                    x1 = 94;
                    y1 = 0;
                    x2 = 94;
                    y2 = 0;
                    string = "Pi (KN):";
                    fontname = "Courier New";
                    fontcolor = 162;
                    fonttype = 2;
                    fontsize = 2.38;
                    fontratio = 1;
                    fontslant = 0;
                    fontstyle = 0;
                    angle = 0;
                    justify = LEFT;
                    pen = 0;
                };

                text _tmp_881
                {
                    name = "Text_259";
                    x1 = 65;
                    y1 = 1;
                    x2 = 65;
                    y2 = 1;
                    string = "Total";
                    fontname = "Courier New";
                    fontcolor = 162;
                    fonttype = 2;
                    fontsize = 2.38;
                    fontratio = 1;
                    fontslant = 0;
                    fontstyle = 0;
                    angle = 0;
                    justify = LEFT;
                    pen = 0;
                };

                text _tmp_882
                {
                    name = "Text_260";
                    x1 = 65;
                    y1 = 0;
                    x2 = 65;
                    y2 = 0;
                    string = "Length(mm):";
                    fontname = "Courier New";
                    fontcolor = 162;
                    fonttype = 2;
                    fontsize = 2.38;
                    fontratio = 1;
                    fontslant = 0;
                    fontstyle = 0;
                    angle = 0;
                    justify = LEFT;
                    pen = 0;
                };

                text _tmp_883
                {
                    name = "Text_261";
                    x1 = 45;
                    y1 = 0;
                    x2 = 45;
                    y2 = 0;
                    string = "Size:";
                    fontname = "Courier New";
                    fontcolor = 162;
                    fonttype = 2;
                    fontsize = 2.38;
                    fontratio = 1;
                    fontslant = 0;
                    fontstyle = 0;
                    angle = 0;
                    justify = LEFT;
                    pen = 0;
                };

                text _tmp_884
                {
                    name = "Text_262";
                    x1 = 79;
                    y1 = 1;
                    x2 = 79;
                    y2 = 1;
                    string = "Total";
                    fontname = "Courier New";
                    fontcolor = 162;
                    fonttype = 2;
                    fontsize = 2.38;
                    fontratio = 1;
                    fontslant = 0;
                    fontstyle = 0;
                    angle = 0;
                    justify = LEFT;
                    pen = 0;
                };

                text _tmp_885
                {
                    name = "Text_263";
                    x1 = 79;
                    y1 = 0;
                    x2 = 79;
                    y2 = 0;
                    string = "Weight(kg):";
                    fontname = "Courier New";
                    fontcolor = 162;
                    fonttype = 2;
                    fontsize = 2.38;
                    fontratio = 1;
                    fontslant = 0;
                    fontstyle = 0;
                    angle = 0;
                    justify = LEFT;
                    pen = 0;
                };
            };

            row _tmp_886
            {
                name = "Row_37";
                height = 1;
                visibility = TRUE;
                usecolumns = FALSE;
                rule = "";
                contenttype = "STRAND";
                sorttype = COMBINE;

                valuefield _tmp_887
                {
                    name = "ValueField_139";
                    location = (33, 0);
                    formula = "GetValue(\"MATERIAL\")";
                    datatype = STRING;
                    class = "";
                    cacheable = TRUE;
                    justify = LEFT;
                    visibility = TRUE;
                    angle = 0;
                    length = 7;
                    decimals = 0;
                    sortdirection = ASCENDING;
                    fontname = "Courier New";
                    fontcolor = 153;
                    fonttype = 2;
                    fontsize = 1;
                    fontratio = 1;
                    fontstyle = 0;
                    fontslant = 0;
                    pen = 0;
                    oncombine = NONE;
                };

                valuefield _tmp_888
                {
                    name = "ValueField_140";
                    location = (53, 0);
                    formula = "GetValue(\"LENGTH\")";
                    datatype = DOUBLE;
                    class = "Length";
                    cacheable = TRUE;
                    justify = RIGHT;
                    visibility = TRUE;
                    angle = 0;
                    length = 8;
                    decimals = 0;
                    sortdirection = ASCENDING;
                    fontname = "Courier New";
                    fontcolor = 153;
                    fonttype = 2;
                    fontsize = 1;
                    fontratio = 1;
                    fontstyle = 0;
                    fontslant = 0;
                    pen = 0;
                    oncombine = NONE;
                    unit = "mm";
                };

                valuefield _tmp_889
                {
                    name = "ValueField_141";
                    location = (94, 0);
                    formula = "GetValue(\"STRAND_PULL_FORCE\")";
                    datatype = DOUBLE;
                    class = "Force";
                    cacheable = TRUE;
                    justify = RIGHT;
                    visibility = TRUE;
                    angle = 0;
                    length = 8;
                    decimals = 2;
                    sortdirection = ASCENDING;
                    fontname = "Courier New";
                    fontcolor = 153;
                    fonttype = 2;
                    fontsize = 1;
                    fontratio = 1;
                    fontstyle = 0;
                    fontslant = 0;
                    pen = 0;
                    oncombine = NONE;
                    unit = "kN";
                };

                valuefield _tmp_890
                {
                    name = "ValueField_142";
                    location = (22, 0);
                    formula = "GetValue(\"NUMBER\")";
                    datatype = INTEGER;
                    class = "";
                    cacheable = TRUE;
                    justify = RIGHT;
                    visibility = TRUE;
                    angle = 0;
                    length = 3;
                    decimals = 0;
                    sortdirection = NONE;
                    fontname = "Courier New";
                    fontcolor = 153;
                    fonttype = 2;
                    fontsize = 1;
                    fontratio = 1;
                    fontstyle = 0;
                    fontslant = 0;
                    pen = 0;
                    oncombine = SUM;
                };

                valuefield _tmp_891
                {
                    name = "ValueField_143";
                    location = (64, 0);
                    formula = "GetValue(\"NUMBER\")*GetValue(\"LENGTH\")";
                    datatype = DOUBLE;
                    class = "Length";
                    cacheable = TRUE;
                    justify = RIGHT;
                    visibility = TRUE;
                    angle = 0;
                    length = 10;
                    decimals = 0;
                    sortdirection = NONE;
                    fontname = "Courier New";
                    fontcolor = 153;
                    fonttype = 2;
                    fontsize = 1;
                    fontratio = 1;
                    fontstyle = 0;
                    fontslant = 0;
                    pen = 0;
                    oncombine = SUM;
                    unit = "mm";
                };

                valuefield _tmp_892
                {
                    name = "ValueField_144";
                    location = (44, 0);
                    formula = "GetValue(\"SIZE\")";
                    datatype = STRING;
                    class = "";
                    cacheable = TRUE;
                    justify = CENTERED;
                    visibility = TRUE;
                    angle = 0;
                    length = 6;
                    decimals = 0;
                    sortdirection = ASCENDING;
                    fontname = "Courier New";
                    fontcolor = 153;
                    fonttype = 2;
                    fontsize = 1;
                    fontratio = 1;
                    fontstyle = 0;
                    fontslant = 0;
                    pen = 0;
                    oncombine = NONE;
                };

                valuefield _tmp_893
                {
                    name = "ValueField_145";
                    location = (80, 0);
                    formula = "GetValue(\"WEIGHT_TOTAL\")";
                    datatype = DOUBLE;
                    class = "Weight";
                    cacheable = TRUE;
                    justify = RIGHT;
                    visibility = TRUE;
                    angle = 0;
                    length = 8;
                    decimals = 0;
                    sortdirection = NONE;
                    fontname = "Courier New";
                    fontcolor = 153;
                    fonttype = 2;
                    fontsize = 1;
                    fontratio = 1;
                    fontstyle = 0;
                    fontslant = 0;
                    pen = 0;
                    oncombine = SUM;
                    unit = "kg";
                };
            };

            row _tmp_894
            {
                name = "Row_38";
                height = 3;
                visibility = TRUE;
                usecolumns = FALSE;
                rule = "";
                contenttype = "MESH";
                sorttype = COMBINE;

                text _tmp_895
                {
                    name = "Text_264";
                    x1 = 15;
                    y1 = 1;
                    x2 = 15;
                    y2 = 1;
                    string = "Mesh:";
                    fontname = "Courier New";
                    fontcolor = 162;
                    fonttype = 2;
                    fontsize = 2.38;
                    fontratio = 1;
                    fontslant = 0;
                    fontstyle = 0;
                    angle = 0;
                    justify = LEFT;
                    pen = 0;
                };

                text _tmp_896
                {
                    name = "Text_265";
                    x1 = 15;
                    y1 = 2;
                    x2 = 15;
                    y2 = 2;
                    string = "_____________________________________________________________________________________";
                    fontname = "Courier New";
                    fontcolor = 162;
                    fonttype = 2;
                    fontsize = 2.38;
                    fontratio = 1;
                    fontslant = 0;
                    fontstyle = 0;
                    angle = 0;
                    justify = LEFT;
                    pen = 0;
                };

                text _tmp_897
                {
                    name = "Text_266";
                    x1 = 45;
                    y1 = 0;
                    x2 = 45;
                    y2 = 0;
                    string = "Catalog Size:";
                    fontname = "Courier New";
                    fontcolor = 162;
                    fonttype = 2;
                    fontsize = 2.38;
                    fontratio = 1;
                    fontslant = 0;
                    fontstyle = 0;
                    angle = 0;
                    justify = LEFT;
                    pen = 0;
                };

                text _tmp_898
                {
                    name = "Text_267";
                    x1 = 73;
                    y1 = 0;
                    x2 = 73;
                    y2 = 0;
                    string = "Area (§³):";
                    fontname = "Courier New";
                    fontcolor = 162;
                    fonttype = 2;
                    fontsize = 2.38;
                    fontratio = 1;
                    fontslant = 0;
                    fontstyle = 0;
                    angle = 0;
                    justify = LEFT;
                    pen = 0;
                };

                text _tmp_899
                {
                    name = "Text_268";
                    x1 = 33;
                    y1 = 0;
                    x2 = 33;
                    y2 = 0;
                    string = "Grade:";
                    fontname = "Courier New";
                    fontcolor = 162;
                    fonttype = 2;
                    fontsize = 2.38;
                    fontratio = 1;
                    fontslant = 0;
                    fontstyle = 0;
                    angle = 0;
                    justify = LEFT;
                    pen = 0;
                };

                text _tmp_900
                {
                    name = "Text_269";
                    x1 = 22;
                    y1 = 0;
                    x2 = 22;
                    y2 = 0;
                    string = "Qty:";
                    fontname = "Courier New";
                    fontcolor = 162;
                    fonttype = 2;
                    fontsize = 1;
                    fontratio = 1;
                    fontslant = 0;
                    fontstyle = 0;
                    angle = 0;
                    justify = LEFT;
                    pen = 0;
                };
            };

            row _tmp_901
            {
                name = "Row_39";
                height = 1;
                visibility = TRUE;
                usecolumns = FALSE;
                rule = "";
                contenttype = "MESH";
                sorttype = COMBINE;

                valuefield _tmp_902
                {
                    name = "ValueField_146";
                    location = (33, 0);
                    formula = "GetValue(\"GRADE\")";
                    datatype = STRING;
                    class = "";
                    cacheable = TRUE;
                    justify = LEFT;
                    visibility = TRUE;
                    angle = 0;
                    length = 8;
                    decimals = 0;
                    sortdirection = ASCENDING;
                    fontname = "Courier New";
                    fontcolor = 153;
                    fonttype = 2;
                    fontsize = 1;
                    fontratio = 1;
                    fontstyle = 0;
                    fontslant = 0;
                    pen = 0;
                    oncombine = NONE;
                };

                valuefield _tmp_903
                {
                    name = "ValueField_147";
                    location = (45, 0);
                    formula = "GetValue(\"CATALOG_NAME\")";
                    datatype = STRING;
                    class = "";
                    cacheable = TRUE;
                    justify = LEFT;
                    visibility = TRUE;
                    angle = 0;
                    length = 20;
                    decimals = 0;
                    sortdirection = ASCENDING;
                    fontname = "Courier New";
                    fontcolor = 153;
                    fonttype = 2;
                    fontsize = 1;
                    fontratio = 1;
                    fontstyle = 0;
                    fontslant = 0;
                    pen = 0;
                    oncombine = NONE;
                };

                valuefield _tmp_904
                {
                    name = "ValueField_148";
                    location = (75, 0);
                    formula = "GetValue(\"AREA\")";
                    datatype = DOUBLE;
                    class = "Area";
                    cacheable = TRUE;
                    justify = RIGHT;
                    visibility = TRUE;
                    angle = 0;
                    length = 8;
                    decimals = 2;
                    sortdirection = ASCENDING;
                    fontname = "Courier New";
                    fontcolor = 153;
                    fonttype = 2;
                    fontsize = 1;
                    fontratio = 1;
                    fontstyle = 0;
                    fontslant = 0;
                    pen = 0;
                    oncombine = NONE;
                    unit = "m2";
                };

                valuefield _tmp_905
                {
                    name = "ValueField_149";
                    location = (22, 0);
                    formula = "GetValue(\"NUMBER\")";
                    datatype = INTEGER;
                    class = "";
                    cacheable = TRUE;
                    justify = RIGHT;
                    visibility = TRUE;
                    angle = 0;
                    length = 3;
                    decimals = 0;
                    sortdirection = NONE;
                    fontname = "Courier New";
                    fontcolor = 153;
                    fonttype = 2;
                    fontsize = 1;
                    fontratio = 1;
                    fontstyle = 0;
                    fontslant = 0;
                    pen = 0;
                    oncombine = SUM;
                };
            };
        };

        valuefield _tmp_37
        {
            name = "ValueField_247";
            location = (105, 1);
            formula = "GetValue(\"VOLUME\")*GetValue(\"NUMBER\")";
            datatype = DOUBLE;
            class = "Volume";
            cacheable = TRUE;
            justify = RIGHT;
            visibility = TRUE;
            angle = 0;
            length = 12;
            decimals = 2;
            sortdirection = NONE;
            fontname = "Courier New";
            fontcolor = 153;
            fonttype = 2;
            fontsize = 1;
            fontratio = 1;
            fontstyle = 0;
            fontslant = 0;
            pen = 0;
            oncombine = SUM;
            unit = "m3";
        };

        text _tmp_38
        {
            name = "Text_405";
            x1 = 102;
            y1 = 2;
            x2 = 102;
            y2 = 2;
            string = "Total Volume (§©):";
            fontname = "Courier New";
            fontcolor = 162;
            fonttype = 2;
            fontsize = 1;
            fontratio = 1;
            fontslant = 0;
            fontstyle = 0;
            angle = 0;
            justify = LEFT;
            pen = 0;
        };
    };

    row _tmp_1035
    {
        name = "CAST_UNIT_WALL";
        height = 4;
        visibility = TRUE;
        usecolumns = FALSE;
        rule = "if match(GetValue(\"CAST_UNIT_TYPE\"),\"*Precast*\") && match(GetValue(\"MAINPART.NAME\"),\"*WALL*\")\r\n then\r\n  Output()\r\nelse\r\n  StepOver()\r\nendif\r\n";
        contenttype = "CAST_UNIT";
        sorttype = COMBINE;

        valuefield _tmp_1036
        {
            name = "ValueField_150";
            location = (9, 1);
            formula = "GetValue(\"MAINPART.NAME\")";
            datatype = STRING;
            class = "";
            cacheable = TRUE;
            justify = LEFT;
            visibility = TRUE;
            angle = 0;
            length = 15;
            decimals = 0;
            sortdirection = ASCENDING;
            fontname = "Courier New";
            fontcolor = 153;
            fonttype = 2;
            fontsize = 1;
            fontratio = 1;
            fontstyle = 0;
            fontslant = 0;
            pen = 0;
            oncombine = NONE;
        };

        valuefield _tmp_1037
        {
            name = "ValueField_151";
            location = (37, 1);
            formula = "GetValue(\"MATERIAL\")";
            datatype = STRING;
            class = "";
            cacheable = TRUE;
            justify = LEFT;
            visibility = TRUE;
            angle = 0;
            length = 7;
            decimals = 0;
            sortdirection = ASCENDING;
            fontname = "Courier New";
            fontcolor = 153;
            fonttype = 2;
            fontsize = 1;
            fontratio = 1;
            fontstyle = 0;
            fontslant = 0;
            pen = 0;
            oncombine = NONE;
        };

        valuefield _tmp_1038
        {
            name = "ValueField_152";
            location = (66, 1);
            formula = "\"Thk.\"+mid(GetValue(\"MAINPART.WIDTH\"),0,find(GetValue(\"MAINPART.WIDTH\"), \".\"))";
            datatype = STRING;
            class = "";
            cacheable = TRUE;
            justify = LEFT;
            visibility = TRUE;
            angle = 0;
            length = 20;
            decimals = 0;
            sortdirection = ASCENDING;
            fontname = "Courier New";
            fontcolor = 164;
            fonttype = 2;
            fontsize = 2.38;
            fontratio = 1;
            fontstyle = 0;
            fontslant = 0;
            pen = 0;
            oncombine = NONE;
        };

        valuefield _tmp_1039
        {
            name = "ValueField_153";
            location = (49, 1);
            formula = "GetValue(\"LENGTH\")";
            datatype = DOUBLE;
            class = "Length";
            cacheable = TRUE;
            justify = RIGHT;
            visibility = TRUE;
            angle = 0;
            length = 12;
            decimals = 0;
            sortdirection = ASCENDING;
            fontname = "Courier New";
            fontcolor = 164;
            fonttype = 2;
            fontsize = 2.38;
            fontratio = 1;
            fontstyle = 0;
            fontslant = 0;
            pen = 0;
            oncombine = NONE;
            unit = "mm";
        };

        text _tmp_1040
        {
            name = "Text_270";
            x1 = 2;
            y1 = 2;
            x2 = 2;
            y2 = 2;
            string = "Qty:";
            fontname = "Courier New";
            fontcolor = 162;
            fonttype = 2;
            fontsize = 1;
            fontratio = 1;
            fontslant = 0;
            fontstyle = 0;
            angle = 0;
            justify = LEFT;
            pen = 0;
        };

        text _tmp_1041
        {
            name = "Text_271";
            x1 = 37;
            y1 = 2;
            x2 = 37;
            y2 = 2;
            string = "Material:";
            fontname = "Courier New";
            fontcolor = 162;
            fonttype = 2;
            fontsize = 1;
            fontratio = 1;
            fontslant = 0;
            fontstyle = 0;
            angle = 0;
            justify = LEFT;
            pen = 0;
        };

        text _tmp_1042
        {
            name = "Text_272";
            x1 = 1;
            y1 = 3;
            x2 = 1;
            y2 = 3;
            string = "________________________________________________________________________________________________________________________________________";
            fontname = "Courier New";
            fontcolor = 162;
            fonttype = 2;
            fontsize = 2.38;
            fontratio = 1;
            fontslant = 0;
            fontstyle = 0;
            angle = 0;
            justify = LEFT;
            pen = 0;
        };

        text _tmp_1043
        {
            name = "Text_273";
            x1 = 66;
            y1 = 2;
            x2 = 66;
            y2 = 2;
            string = "Profile:";
            fontname = "Courier New";
            fontcolor = 162;
            fonttype = 2;
            fontsize = 1;
            fontratio = 1;
            fontslant = 0;
            fontstyle = 0;
            angle = 0;
            justify = LEFT;
            pen = 0;
        };

        text _tmp_1044
        {
            name = "Text_274";
            x1 = 51;
            y1 = 2;
            x2 = 51;
            y2 = 2;
            string = "Length(mm):";
            fontname = "Courier New";
            fontcolor = 162;
            fonttype = 2;
            fontsize = 1;
            fontratio = 1;
            fontslant = 0;
            fontstyle = 0;
            angle = 0;
            justify = LEFT;
            pen = 0;
        };

        valuefield _tmp_1045
        {
            name = "ValueField_154";
            location = (2, 1);
            formula = "GetValue(\"NUMBER\")";
            datatype = INTEGER;
            class = "";
            cacheable = TRUE;
            justify = LEFT;
            visibility = TRUE;
            angle = 0;
            length = 4;
            sortdirection = NONE;
            fontname = "Courier New";
            fontcolor = 153;
            fonttype = 2;
            fontsize = 1;
            fontratio = 1;
            fontstyle = 0;
            fontslant = 0;
            pen = 0;
            oncombine = SUM;
        };

        text _tmp_1046
        {
            name = "Text_275";
            x1 = 9;
            y1 = 2;
            x2 = 9;
            y2 = 2;
            string = "Name:";
            fontname = "Courier New";
            fontcolor = 162;
            fonttype = 2;
            fontsize = 1;
            fontratio = 1;
            fontslant = 0;
            fontstyle = 0;
            angle = 0;
            justify = LEFT;
            pen = 0;
        };

        valuefield _tmp_1047
        {
            name = "ValueField_155";
            location = (86, 1);
            formula = "GetValue(\"VOLUME\")";
            datatype = DOUBLE;
            class = "Volume";
            cacheable = TRUE;
            justify = RIGHT;
            visibility = TRUE;
            angle = 0;
            length = 12;
            decimals = 2;
            sortdirection = NONE;
            fontname = "Courier New";
            fontcolor = 153;
            fonttype = 2;
            fontsize = 1;
            fontratio = 1;
            fontstyle = 0;
            fontslant = 0;
            pen = 0;
            oncombine = NONE;
            unit = "m3";
        };

        text _tmp_1048
        {
            name = "Text_276";
            x1 = 87;
            y1 = 2;
            x2 = 87;
            y2 = 2;
            string = "Volume (§©):";
            fontname = "Courier New";
            fontcolor = 162;
            fonttype = 2;
            fontsize = 1;
            fontratio = 1;
            fontslant = 0;
            fontstyle = 0;
            angle = 0;
            justify = LEFT;
            pen = 0;
        };

        valuefield _tmp_1049
        {
            name = "ValueField_156";
            location = (121, 1);
            formula = "GetValue(\"WEIGHT\")";
            datatype = DOUBLE;
            class = "Weight";
            cacheable = TRUE;
            justify = RIGHT;
            visibility = TRUE;
            angle = 0;
            length = 12;
            decimals = 0;
            sortdirection = NONE;
            fontname = "Courier New";
            fontcolor = 153;
            fonttype = 2;
            fontsize = 1;
            fontratio = 1;
            fontstyle = 0;
            fontslant = 0;
            pen = 0;
            oncombine = NONE;
            unit = "kg";
        };

        text _tmp_1050
        {
            name = "Text_277";
            x1 = 122;
            y1 = 2;
            x2 = 122;
            y2 = 2;
            string = "Weight (kg):";
            fontname = "Courier New";
            fontcolor = 162;
            fonttype = 2;
            fontsize = 1;
            fontratio = 1;
            fontslant = 0;
            fontstyle = 0;
            angle = 0;
            justify = LEFT;
            pen = 0;
        };

        text _tmp_1051
        {
            name = "Text_278";
            x1 = 27;
            y1 = 2;
            x2 = 27;
            y2 = 2;
            string = "Mark:";
            fontname = "Courier New";
            fontcolor = 162;
            fonttype = 2;
            fontsize = 1;
            fontratio = 1;
            fontslant = 0;
            fontstyle = 0;
            angle = 0;
            justify = LEFT;
            pen = 0;
        };

        valuefield _tmp_1052
        {
            name = "ValueField_157";
            location = (27, 1);
            formula = "GetValue(\"CAST_UNIT_POS\")";
            datatype = STRING;
            class = "";
            cacheable = TRUE;
            justify = LEFT;
            visibility = TRUE;
            angle = 0;
            length = 7;
            decimals = 0;
            sortdirection = ASCENDING;
            fontname = "Courier New";
            fontcolor = 153;
            fonttype = 2;
            fontsize = 1;
            fontratio = 1;
            fontstyle = 0;
            fontslant = 0;
            pen = 0;
            oncombine = NONE;
        };

        row _tmp_1053
        {
            name = "Row_40";
            height = 3;
            visibility = TRUE;
            usecolumns = FALSE;
            rule = "if (GetValue(\"MAINPART.MATERIAL_TYPE\") != \"CONCRETE\") then\n  Output()\nelse\n  StepOver()\nendif\n";
            contenttype = "ASSEMBLY";
            sorttype = COMBINE;

            text _tmp_1054
            {
                name = "Text_279";
                x1 = 29;
                y1 = 0;
                x2 = 29;
                y2 = 0;
                string = "Name:";
                fontname = "Courier New";
                fontcolor = 162;
                fonttype = 2;
                fontsize = 2.38;
                fontratio = 1;
                fontslant = 0;
                fontstyle = 0;
                angle = 0;
                justify = LEFT;
                pen = 0;
            };

            text _tmp_1055
            {
                name = "Text_280";
                x1 = 54;
                y1 = 0;
                x2 = 54;
                y2 = 0;
                string = "Profile:";
                fontname = "Courier New";
                fontcolor = 162;
                fonttype = 2;
                fontsize = 2.38;
                fontratio = 1;
                fontslant = 0;
                fontstyle = 0;
                angle = 0;
                justify = LEFT;
                pen = 0;
            };

            text _tmp_1056
            {
                name = "Text_281";
                x1 = 22;
                y1 = 0;
                x2 = 22;
                y2 = 0;
                string = "Qty:";
                fontname = "Courier New";
                fontcolor = 162;
                fonttype = 2;
                fontsize = 1;
                fontratio = 1;
                fontslant = 0;
                fontstyle = 0;
                angle = 0;
                justify = LEFT;
                pen = 0;
            };

            text _tmp_1057
            {
                name = "Text_282";
                x1 = 42;
                y1 = 0;
                x2 = 42;
                y2 = 0;
                string = "Material:";
                fontname = "Courier New";
                fontcolor = 162;
                fonttype = 2;
                fontsize = 2.38;
                fontratio = 1;
                fontslant = 0;
                fontstyle = 0;
                angle = 0;
                justify = LEFT;
                pen = 0;
            };

            text _tmp_1058
            {
                name = "Text_283";
                x1 = 15;
                y1 = 1;
                x2 = 15;
                y2 = 1;
                string = "Component Parts:";
                fontname = "Courier New";
                fontcolor = 162;
                fonttype = 2;
                fontsize = 2.38;
                fontratio = 1;
                fontslant = 0;
                fontstyle = 0;
                angle = 0;
                justify = LEFT;
                pen = 0;
            };

            text _tmp_1059
            {
                name = "Text_284";
                x1 = 15;
                y1 = 2;
                x2 = 15;
                y2 = 2;
                string = "_____________________________________________________________________________________________________________________";
                fontname = "Courier New";
                fontcolor = 162;
                fonttype = 2;
                fontsize = 2.38;
                fontratio = 1;
                fontslant = 0;
                fontstyle = 0;
                angle = 0;
                justify = LEFT;
                pen = 0;
            };

            text _tmp_1060
            {
                name = "Text_285";
                x1 = 104;
                y1 = 0;
                x2 = 104;
                y2 = 0;
                string = "Description:";
                fontname = "Courier New";
                fontcolor = 162;
                fonttype = 2;
                fontsize = 2.38;
                fontratio = 1;
                fontslant = 0;
                fontstyle = 0;
                angle = 0;
                justify = LEFT;
                pen = 0;
            };

            text _tmp_1061
            {
                name = "Text_286";
                x1 = 71;
                y1 = 0;
                x2 = 71;
                y2 = 0;
                string = "Length(mm):";
                fontname = "Courier New";
                fontcolor = 162;
                fonttype = 2;
                fontsize = 2.38;
                fontratio = 1;
                fontslant = 0;
                fontstyle = 0;
                angle = 0;
                justify = LEFT;
                pen = 0;
            };

            text _tmp_1062
            {
                name = "Text_287";
                x1 = 83;
                y1 = 0;
                x2 = 83;
                y2 = 0;
                string = "Finish:";
                fontname = "Courier New";
                fontcolor = 162;
                fonttype = 2;
                fontsize = 2.38;
                fontratio = 1;
                fontslant = 0;
                fontstyle = 0;
                angle = 0;
                justify = LEFT;
                pen = 0;
            };

            text _tmp_1063
            {
                name = "Text_288";
                x1 = 95;
                y1 = 0;
                x2 = 95;
                y2 = 0;
                string = "Class:";
                fontname = "Courier New";
                fontcolor = 162;
                fonttype = 2;
                fontsize = 2.38;
                fontratio = 1;
                fontslant = 0;
                fontstyle = 0;
                angle = 0;
                justify = LEFT;
                pen = 0;
            };
        };

        row _tmp_1064
        {
            name = "Row_41";
            height = 1;
            visibility = TRUE;
            usecolumns = FALSE;
            rule = "if (GetValue(\"MAINPART.MATERIAL_TYPE\") != \"CONCRETE\") then\n  Output()\nelse\n  StepOver()\nendif\n";
            contenttype = "ASSEMBLY";
            sorttype = COMBINE;

            valuefield _tmp_1065
            {
                name = "ValueField_158";
                location = (29, 0);
                formula = "GetValue(\"MAINPART.NAME\")";
                datatype = STRING;
                class = "";
                cacheable = TRUE;
                justify = LEFT;
                visibility = TRUE;
                angle = 0;
                length = 10;
                sortdirection = ASCENDING;
                fontname = "Courier New";
                fontcolor = 153;
                fonttype = 2;
                fontsize = 1;
                fontratio = 1;
                fontstyle = 0;
                fontslant = 0;
                pen = 0;
                oncombine = NONE;
            };

            valuefield _tmp_1066
            {
                name = "ValueField_159";
                location = (42, 0);
                formula = "GetValue(\"MAINPART.MATERIAL\")";
                datatype = STRING;
                class = "";
                cacheable = TRUE;
                justify = LEFT;
                visibility = TRUE;
                angle = 0;
                length = 7;
                sortdirection = ASCENDING;
                fontname = "Courier New";
                fontcolor = 153;
                fonttype = 2;
                fontsize = 1;
                fontratio = 1;
                fontstyle = 0;
                fontslant = 0;
                pen = 0;
                oncombine = NONE;
            };

            valuefield _tmp_1067
            {
                name = "ValueField_160";
                location = (53, 0);
                formula = "GetValue(\"MAINPART.PROFILE\")";
                datatype = STRING;
                class = "";
                cacheable = TRUE;
                justify = LEFT;
                visibility = TRUE;
                angle = 0;
                length = 14;
                sortdirection = ASCENDING;
                fontname = "Courier New";
                fontcolor = 153;
                fonttype = 2;
                fontsize = 1;
                fontratio = 1;
                fontstyle = 0;
                fontslant = 0;
                pen = 0;
                oncombine = NONE;
            };

            valuefield _tmp_1068
            {
                name = "ValueField_161";
                location = (69, 0);
                formula = "GetValue(\"MAINPART.LENGTH\")";
                datatype = DOUBLE;
                class = "Length";
                cacheable = TRUE;
                justify = RIGHT;
                visibility = TRUE;
                angle = 0;
                length = 12;
                decimals = 0;
                sortdirection = ASCENDING;
                fontname = "Courier New";
                fontcolor = 153;
                fonttype = 2;
                fontsize = 1;
                fontratio = 1;
                fontstyle = 0;
                fontslant = 0;
                pen = 0;
                oncombine = NONE;
                unit = "mm";
            };

            valuefield _tmp_1069
            {
                name = "ValueField_162";
                location = (83, 0);
                formula = "GetValue(\"MAINPART.FINISH\")";
                datatype = STRING;
                class = "";
                cacheable = TRUE;
                justify = LEFT;
                visibility = TRUE;
                angle = 0;
                length = 10;
                sortdirection = ASCENDING;
                fontname = "Courier New";
                fontcolor = 153;
                fonttype = 2;
                fontsize = 1;
                fontratio = 1;
                fontstyle = 0;
                fontslant = 0;
                pen = 0;
                oncombine = NONE;
            };

            valuefield _tmp_1070
            {
                name = "ValueField_163";
                location = (95, 0);
                formula = "GetValue(\"MAINPART.CLASS_ATTR\")";
                datatype = STRING;
                class = "";
                cacheable = TRUE;
                justify = LEFT;
                visibility = TRUE;
                angle = 0;
                length = 6;
                sortdirection = ASCENDING;
                fontname = "Courier New";
                fontcolor = 153;
                fonttype = 2;
                fontsize = 1;
                fontratio = 1;
                fontstyle = 0;
                fontslant = 0;
                pen = 0;
                oncombine = NONE;
            };

            valuefield _tmp_1071
            {
                name = "ValueField_164";
                location = (22, 0);
                formula = "GetValue(\"NUMBER\")";
                datatype = INTEGER;
                class = "";
                cacheable = TRUE;
                justify = LEFT;
                visibility = TRUE;
                angle = 0;
                length = 3;
                sortdirection = NONE;
                fontname = "Courier New";
                fontcolor = 153;
                fonttype = 2;
                fontsize = 1;
                fontratio = 1;
                fontstyle = 0;
                fontslant = 0;
                pen = 0;
                oncombine = SUM;
            };

            valuefield _tmp_1072
            {
                name = "ValueField_165";
                location = (104, 0);
                formula = "GetValue(\"MAINPART.USERDEFINED.USER_FIELD_1\")";
                datatype = STRING;
                class = "";
                cacheable = TRUE;
                justify = LEFT;
                visibility = TRUE;
                angle = 0;
                length = 20;
                sortdirection = NONE;
                fontname = "Courier New";
                fontcolor = 153;
                fonttype = 2;
                fontsize = 1;
                fontratio = 1;
                fontstyle = 0;
                fontslant = 0;
                pen = 0;
                oncombine = NONE;
            };
        };

        row _tmp_1073
        {
            name = "Row_42";
            height = 3;
            visibility = TRUE;
            usecolumns = FALSE;
            rule = "if (GetValue(\"MATERIAL_TYPE\") != \"CONCRETE\" ) then\n  Output()\nelse\n  StepOver()\nendif\n";
            contenttype = "PART";
            sorttype = COMBINE;

            text _tmp_1074
            {
                name = "Text_289";
                x1 = 30;
                y1 = 0;
                x2 = 30;
                y2 = 0;
                string = "Name:";
                fontname = "Courier New";
                fontcolor = 162;
                fonttype = 2;
                fontsize = 2.38;
                fontratio = 1;
                fontslant = 0;
                fontstyle = 0;
                angle = 0;
                justify = LEFT;
                pen = 0;
            };

            text _tmp_1075
            {
                name = "Text_290";
                x1 = 71;
                y1 = 0;
                x2 = 71;
                y2 = 0;
                string = "Length(mm):";
                fontname = "Courier New";
                fontcolor = 162;
                fonttype = 2;
                fontsize = 2.38;
                fontratio = 1;
                fontslant = 0;
                fontstyle = 0;
                angle = 0;
                justify = LEFT;
                pen = 0;
            };

            text _tmp_1076
            {
                name = "Text_291";
                x1 = 22;
                y1 = 0;
                x2 = 22;
                y2 = 0;
                string = "Qty:";
                fontname = "Courier New";
                fontcolor = 162;
                fonttype = 2;
                fontsize = 1;
                fontratio = 1;
                fontslant = 0;
                fontstyle = 0;
                angle = 0;
                justify = LEFT;
                pen = 0;
            };

            text _tmp_1077
            {
                name = "Text_292";
                x1 = 42;
                y1 = 0;
                x2 = 42;
                y2 = 0;
                string = "Material:";
                fontname = "Courier New";
                fontcolor = 162;
                fonttype = 2;
                fontsize = 2.38;
                fontratio = 1;
                fontslant = 0;
                fontstyle = 0;
                angle = 0;
                justify = LEFT;
                pen = 0;
            };

            text _tmp_1078
            {
                name = "Text_293";
                x1 = 15;
                y1 = 1;
                x2 = 15;
                y2 = 1;
                string = "Free Parts:";
                fontname = "Courier New";
                fontcolor = 162;
                fonttype = 2;
                fontsize = 2.38;
                fontratio = 1;
                fontslant = 0;
                fontstyle = 0;
                angle = 0;
                justify = LEFT;
                pen = 0;
            };

            text _tmp_1079
            {
                name = "Text_294";
                x1 = 15;
                y1 = 2;
                x2 = 15;
                y2 = 2;
                string = "_____________________________________________________________________________________________________________________";
                fontname = "Courier New";
                fontcolor = 162;
                fonttype = 2;
                fontsize = 2.38;
                fontratio = 1;
                fontslant = 0;
                fontstyle = 0;
                angle = 0;
                justify = LEFT;
                pen = 0;
            };

            text _tmp_1080
            {
                name = "Text_295";
                x1 = 104;
                y1 = 0;
                x2 = 104;
                y2 = 0;
                string = "Description:";
                fontname = "Courier New";
                fontcolor = 162;
                fonttype = 2;
                fontsize = 2.38;
                fontratio = 1;
                fontslant = 0;
                fontstyle = 0;
                angle = 0;
                justify = LEFT;
                pen = 0;
            };

            text _tmp_1081
            {
                name = "Text_296";
                x1 = 54;
                y1 = 0;
                x2 = 54;
                y2 = 0;
                string = "Profile:";
                fontname = "Courier New";
                fontcolor = 162;
                fonttype = 2;
                fontsize = 2.38;
                fontratio = 1;
                fontslant = 0;
                fontstyle = 0;
                angle = 0;
                justify = LEFT;
                pen = 0;
            };

            text _tmp_1082
            {
                name = "Text_297";
                x1 = 83;
                y1 = 0;
                x2 = 83;
                y2 = 0;
                string = "Finish:";
                fontname = "Courier New";
                fontcolor = 162;
                fonttype = 2;
                fontsize = 2.38;
                fontratio = 1;
                fontslant = 0;
                fontstyle = 0;
                angle = 0;
                justify = LEFT;
                pen = 0;
            };

            text _tmp_1083
            {
                name = "Text_298";
                x1 = 95;
                y1 = 0;
                x2 = 95;
                y2 = 0;
                string = "Class:";
                fontname = "Courier New";
                fontcolor = 162;
                fonttype = 2;
                fontsize = 2.38;
                fontratio = 1;
                fontslant = 0;
                fontstyle = 0;
                angle = 0;
                justify = LEFT;
                pen = 0;
            };
        };

        row _tmp_1084
        {
            name = "Row_43";
            height = 1;
            visibility = TRUE;
            usecolumns = FALSE;
            rule = "if (GetValue(\"MATERIAL_TYPE\") != \"CONCRETE\" ) then\n  Output()\nelse\n  StepOver()\nendif\n";
            contenttype = "PART";
            sorttype = COMBINE;

            valuefield _tmp_1085
            {
                name = "ValueField_166";
                location = (29, 0);
                formula = "GetValue(\"NAME\")";
                datatype = STRING;
                class = "";
                cacheable = TRUE;
                justify = LEFT;
                visibility = TRUE;
                angle = 0;
                length = 10;
                sortdirection = ASCENDING;
                fontname = "Courier New";
                fontcolor = 153;
                fonttype = 2;
                fontsize = 1;
                fontratio = 1;
                fontstyle = 0;
                fontslant = 0;
                pen = 0;
                oncombine = NONE;
            };

            valuefield _tmp_1086
            {
                name = "ValueField_167";
                location = (42, 0);
                formula = "GetValue(\"MATERIAL\")";
                datatype = STRING;
                class = "";
                cacheable = TRUE;
                justify = LEFT;
                visibility = TRUE;
                angle = 0;
                length = 7;
                sortdirection = ASCENDING;
                fontname = "Courier New";
                fontcolor = 153;
                fonttype = 2;
                fontsize = 1;
                fontratio = 1;
                fontstyle = 0;
                fontslant = 0;
                pen = 0;
                oncombine = NONE;
            };

            valuefield _tmp_1087
            {
                name = "ValueField_168";
                location = (53, 0);
                formula = "GetValue(\"PROFILE\")";
                datatype = STRING;
                class = "";
                cacheable = TRUE;
                justify = LEFT;
                visibility = TRUE;
                angle = 0;
                length = 14;
                sortdirection = ASCENDING;
                fontname = "Courier New";
                fontcolor = 153;
                fonttype = 2;
                fontsize = 1;
                fontratio = 1;
                fontstyle = 0;
                fontslant = 0;
                pen = 0;
                oncombine = NONE;
            };

            valuefield _tmp_1088
            {
                name = "ValueField_169";
                location = (69, 0);
                formula = "GetValue(\"MAINPART.LENGTH\")";
                datatype = DOUBLE;
                class = "Length";
                cacheable = TRUE;
                justify = RIGHT;
                visibility = TRUE;
                angle = 0;
                length = 12;
                decimals = 0;
                sortdirection = ASCENDING;
                fontname = "Courier New";
                fontcolor = 153;
                fonttype = 2;
                fontsize = 1;
                fontratio = 1;
                fontstyle = 0;
                fontslant = 0;
                pen = 0;
                oncombine = NONE;
                unit = "mm";
            };

            valuefield _tmp_1089
            {
                name = "ValueField_170";
                location = (83, 0);
                formula = "GetValue(\"MAINPART.FINISH\")";
                datatype = STRING;
                class = "";
                cacheable = TRUE;
                justify = LEFT;
                visibility = TRUE;
                angle = 0;
                length = 10;
                sortdirection = ASCENDING;
                fontname = "Courier New";
                fontcolor = 153;
                fonttype = 2;
                fontsize = 1;
                fontratio = 1;
                fontstyle = 0;
                fontslant = 0;
                pen = 0;
                oncombine = NONE;
            };

            valuefield _tmp_1090
            {
                name = "ValueField_171";
                location = (95, 0);
                formula = "GetValue(\"MAINPART.CLASS_ATTR\")";
                datatype = STRING;
                class = "";
                cacheable = TRUE;
                justify = LEFT;
                visibility = TRUE;
                angle = 0;
                length = 6;
                sortdirection = ASCENDING;
                fontname = "Courier New";
                fontcolor = 153;
                fonttype = 2;
                fontsize = 1;
                fontratio = 1;
                fontstyle = 0;
                fontslant = 0;
                pen = 0;
                oncombine = NONE;
            };

            valuefield _tmp_1091
            {
                name = "ValueField_172";
                location = (22, 0);
                formula = "GetValue(\"NUMBER\")";
                datatype = INTEGER;
                class = "";
                cacheable = TRUE;
                justify = LEFT;
                visibility = TRUE;
                angle = 0;
                length = 3;
                sortdirection = NONE;
                fontname = "Courier New";
                fontcolor = 153;
                fonttype = 2;
                fontsize = 1;
                fontratio = 1;
                fontstyle = 0;
                fontslant = 0;
                pen = 0;
                oncombine = SUM;
            };

            valuefield _tmp_1092
            {
                name = "ValueField_173";
                location = (104, 0);
                formula = "GetValue(\"USERDEFINED.USER_FIELD_1\")";
                datatype = STRING;
                class = "";
                cacheable = TRUE;
                justify = LEFT;
                visibility = TRUE;
                angle = 0;
                length = 20;
                sortdirection = NONE;
                fontname = "Courier New";
                fontcolor = 153;
                fonttype = 2;
                fontsize = 1;
                fontratio = 1;
                fontstyle = 0;
                fontslant = 0;
                pen = 0;
                oncombine = NONE;
            };
        };

        row _tmp_1093
        {
            name = "Row_44";
            height = 3;
            visibility = FALSE;
            usecolumns = FALSE;
            rule = "";
            contenttype = "PART";
            sorttype = COMBINE;

            row _tmp_1094
            {
                name = "Row_45";
                height = 3;
                visibility = TRUE;
                usecolumns = FALSE;
                rule = "if (GetValue(\"SHAPE\") == \"STR\") then\r\n  Output()\r\nelse\r\n  StepOver()\r\nendif\r\n";
                contenttype = "REBAR";
                sorttype = COMBINE;

                text _tmp_1095
                {
                    name = "Text_299";
                    x1 = 15;
                    y1 = 2;
                    x2 = 15;
                    y2 = 2;
                    string = "_____________________________________________________________________________________";
                    fontname = "Courier New";
                    fontcolor = 162;
                    fonttype = 2;
                    fontsize = 2.38;
                    fontratio = 1;
                    fontslant = 0;
                    fontstyle = 0;
                    angle = 0;
                    justify = LEFT;
                    pen = 0;
                };

                text _tmp_1096
                {
                    name = "Text_300";
                    x1 = 45;
                    y1 = 0;
                    x2 = 45;
                    y2 = 0;
                    string = "Size:";
                    fontname = "Courier New";
                    fontcolor = 162;
                    fonttype = 2;
                    fontsize = 2.38;
                    fontratio = 1;
                    fontslant = 0;
                    fontstyle = 0;
                    angle = 0;
                    justify = LEFT;
                    pen = 0;
                };

                text _tmp_1097
                {
                    name = "Text_301";
                    x1 = 15;
                    y1 = 1;
                    x2 = 15;
                    y2 = 1;
                    string = "Straight Rebar List:";
                    fontname = "Courier New";
                    fontcolor = 162;
                    fonttype = 2;
                    fontsize = 2.38;
                    fontratio = 1;
                    fontslant = 0;
                    fontstyle = 0;
                    angle = 0;
                    justify = LEFT;
                    pen = 0;
                };

                text _tmp_1098
                {
                    name = "Text_302";
                    x1 = 22;
                    y1 = 0;
                    x2 = 22;
                    y2 = 0;
                    string = "Qty:";
                    fontname = "Courier New";
                    fontcolor = 162;
                    fonttype = 2;
                    fontsize = 1;
                    fontratio = 1;
                    fontslant = 0;
                    fontstyle = 0;
                    angle = 0;
                    justify = LEFT;
                    pen = 0;
                };

                text _tmp_1099
                {
                    name = "Text_303";
                    x1 = 52;
                    y1 = 0;
                    x2 = 52;
                    y2 = 0;
                    string = "Length(mm):";
                    fontname = "Courier New";
                    fontcolor = 162;
                    fonttype = 2;
                    fontsize = 2.38;
                    fontratio = 1;
                    fontslant = 0;
                    fontstyle = 0;
                    angle = 0;
                    justify = LEFT;
                    pen = 0;
                };

                text _tmp_1100
                {
                    name = "Text_304";
                    x1 = 33;
                    y1 = 0;
                    x2 = 33;
                    y2 = 0;
                    string = "Grade:";
                    fontname = "Courier New";
                    fontcolor = 162;
                    fonttype = 2;
                    fontsize = 2.38;
                    fontratio = 1;
                    fontslant = 0;
                    fontstyle = 0;
                    angle = 0;
                    justify = LEFT;
                    pen = 0;
                };

                text _tmp_1101
                {
                    name = "Text_305";
                    x1 = 65;
                    y1 = 0;
                    x2 = 65;
                    y2 = 0;
                    string = "Length(mm):";
                    fontname = "Courier New";
                    fontcolor = 162;
                    fonttype = 2;
                    fontsize = 2.38;
                    fontratio = 1;
                    fontslant = 0;
                    fontstyle = 0;
                    angle = 0;
                    justify = LEFT;
                    pen = 0;
                };

                text _tmp_1102
                {
                    name = "Text_306";
                    x1 = 65;
                    y1 = 1;
                    x2 = 65;
                    y2 = 1;
                    string = "Total";
                    fontname = "Courier New";
                    fontcolor = 162;
                    fonttype = 2;
                    fontsize = 2.38;
                    fontratio = 1;
                    fontslant = 0;
                    fontstyle = 0;
                    angle = 0;
                    justify = LEFT;
                    pen = 0;
                };

                text _tmp_1103
                {
                    name = "Text_307";
                    x1 = 79;
                    y1 = 1;
                    x2 = 79;
                    y2 = 1;
                    string = "Total";
                    fontname = "Courier New";
                    fontcolor = 162;
                    fonttype = 2;
                    fontsize = 2.38;
                    fontratio = 1;
                    fontslant = 0;
                    fontstyle = 0;
                    angle = 0;
                    justify = LEFT;
                    pen = 0;
                };

                text _tmp_1104
                {
                    name = "Text_308";
                    x1 = 79;
                    y1 = 0;
                    x2 = 79;
                    y2 = 0;
                    string = "Weight(kg):";
                    fontname = "Courier New";
                    fontcolor = 162;
                    fonttype = 2;
                    fontsize = 2.38;
                    fontratio = 1;
                    fontslant = 0;
                    fontstyle = 0;
                    angle = 0;
                    justify = LEFT;
                    pen = 0;
                };
            };

            row _tmp_1105
            {
                name = "Row_46";
                height = 1;
                visibility = TRUE;
                usecolumns = FALSE;
                rule = "if (GetValue(\"SHAPE\") == \"STR\") then\r\n  Output()\r\nelse\r\n  StepOver()\r\nendif\r\n";
                contenttype = "REBAR";
                sorttype = COMBINE;

                valuefield _tmp_1106
                {
                    name = "ValueField_174";
                    location = (33, 0);
                    formula = "GetValue(\"GRADE\")";
                    datatype = STRING;
                    class = "";
                    cacheable = TRUE;
                    justify = LEFT;
                    visibility = TRUE;
                    angle = 0;
                    length = 7;
                    decimals = 0;
                    sortdirection = ASCENDING;
                    fontname = "Courier New";
                    fontcolor = 153;
                    fonttype = 2;
                    fontsize = 1;
                    fontratio = 1;
                    fontstyle = 0;
                    fontslant = 0;
                    pen = 0;
                    oncombine = NONE;
                };

                valuefield _tmp_1107
                {
                    name = "ValueField_175";
                    location = (44, 0);
                    formula = "GetValue(\"SIZE\")";
                    datatype = STRING;
                    class = "";
                    cacheable = TRUE;
                    justify = CENTERED;
                    visibility = TRUE;
                    angle = 0;
                    length = 6;
                    decimals = 0;
                    sortdirection = ASCENDING;
                    fontname = "Courier New";
                    fontcolor = 153;
                    fonttype = 2;
                    fontsize = 1;
                    fontratio = 1;
                    fontstyle = 0;
                    fontslant = 0;
                    pen = 0;
                    oncombine = NONE;
                };

                valuefield _tmp_1108
                {
                    name = "ValueField_176";
                    location = (53, 0);
                    formula = "GetValue(\"LENGTH\")";
                    datatype = DOUBLE;
                    class = "Length";
                    cacheable = TRUE;
                    justify = RIGHT;
                    visibility = TRUE;
                    angle = 0;
                    length = 8;
                    decimals = 0;
                    sortdirection = ASCENDING;
                    fontname = "Courier New";
                    fontcolor = 153;
                    fonttype = 2;
                    fontsize = 1;
                    fontratio = 1;
                    fontstyle = 0;
                    fontslant = 0;
                    pen = 0;
                    oncombine = NONE;
                    unit = "mm";
                };

                valuefield _tmp_1109
                {
                    name = "ValueField_177";
                    location = (22, 0);
                    formula = "GetValue(\"NUMBER\")";
                    datatype = INTEGER;
                    class = "";
                    cacheable = TRUE;
                    justify = RIGHT;
                    visibility = TRUE;
                    angle = 0;
                    length = 3;
                    decimals = 0;
                    sortdirection = NONE;
                    fontname = "Courier New";
                    fontcolor = 153;
                    fonttype = 2;
                    fontsize = 1;
                    fontratio = 1;
                    fontstyle = 0;
                    fontslant = 0;
                    pen = 0;
                    oncombine = SUM;
                };

                valuefield _tmp_1110
                {
                    name = "ValueField_178";
                    location = (64, 0);
                    formula = "GetValue(\"LENGTH\")*GetValue(\"NUMBER\")";
                    datatype = DOUBLE;
                    class = "Length";
                    cacheable = TRUE;
                    justify = RIGHT;
                    visibility = TRUE;
                    angle = 0;
                    length = 10;
                    decimals = 0;
                    sortdirection = NONE;
                    fontname = "Courier New";
                    fontcolor = 153;
                    fonttype = 2;
                    fontsize = 1;
                    fontratio = 1;
                    fontstyle = 0;
                    fontslant = 0;
                    pen = 0;
                    oncombine = SUM;
                    unit = "mm";
                };

                valuefield _tmp_1111
                {
                    name = "ValueField_179";
                    location = (80, 0);
                    formula = "GetValue(\"WEIGHT_TOTAL\")";
                    datatype = DOUBLE;
                    class = "Weight";
                    cacheable = TRUE;
                    justify = RIGHT;
                    visibility = TRUE;
                    angle = 0;
                    length = 8;
                    decimals = 0;
                    sortdirection = NONE;
                    fontname = "Courier New";
                    fontcolor = 153;
                    fonttype = 2;
                    fontsize = 1;
                    fontratio = 1;
                    fontstyle = 0;
                    fontslant = 0;
                    pen = 0;
                    oncombine = SUM;
                    unit = "kg";
                };
            };

            row _tmp_1112
            {
                name = "Row_47";
                height = 3;
                visibility = TRUE;
                usecolumns = FALSE;
                rule = "if (GetValue(\"SHAPE\") != \"STR\") then\r\n  Output()\r\nelse\r\n  StepOver()\r\nendif";
                contenttype = "REBAR";
                sorttype = COMBINE;

                text _tmp_1113
                {
                    name = "Text_309";
                    x1 = 15;
                    y1 = 1;
                    x2 = 15;
                    y2 = 1;
                    string = "Bent Rebar List:";
                    fontname = "Courier New";
                    fontcolor = 162;
                    fonttype = 2;
                    fontsize = 2.38;
                    fontratio = 1;
                    fontslant = 0;
                    fontstyle = 0;
                    angle = 0;
                    justify = LEFT;
                    pen = 0;
                };

                text _tmp_1114
                {
                    name = "Text_310";
                    x1 = 15;
                    y1 = 2;
                    x2 = 15;
                    y2 = 2;
                    string = "_____________________________________________________________________________________";
                    fontname = "Courier New";
                    fontcolor = 162;
                    fonttype = 2;
                    fontsize = 2.38;
                    fontratio = 1;
                    fontslant = 0;
                    fontstyle = 0;
                    angle = 0;
                    justify = LEFT;
                    pen = 0;
                };

                text _tmp_1115
                {
                    name = "Text_311";
                    x1 = 27;
                    y1 = 0;
                    x2 = 27;
                    y2 = 0;
                    string = "Typ:";
                    fontname = "Courier New";
                    fontcolor = 162;
                    fonttype = 2;
                    fontsize = 1;
                    fontratio = 1;
                    fontslant = 0;
                    fontstyle = 0;
                    angle = 0;
                    justify = LEFT;
                    pen = 0;
                };

                text _tmp_1116
                {
                    name = "Text_312";
                    x1 = 22;
                    y1 = 0;
                    x2 = 22;
                    y2 = 0;
                    string = "Qty:";
                    fontname = "Courier New";
                    fontcolor = 162;
                    fonttype = 2;
                    fontsize = 1;
                    fontratio = 1;
                    fontslant = 0;
                    fontstyle = 0;
                    angle = 0;
                    justify = LEFT;
                    pen = 0;
                };

                text _tmp_1117
                {
                    name = "Text_313";
                    x1 = 33;
                    y1 = 0;
                    x2 = 33;
                    y2 = 0;
                    string = "Grade:";
                    fontname = "Courier New";
                    fontcolor = 162;
                    fonttype = 2;
                    fontsize = 2.38;
                    fontratio = 1;
                    fontslant = 0;
                    fontstyle = 0;
                    angle = 0;
                    justify = LEFT;
                    pen = 0;
                };

                text _tmp_1118
                {
                    name = "Text_314";
                    x1 = 45;
                    y1 = 0;
                    x2 = 45;
                    y2 = 0;
                    string = "Size:";
                    fontname = "Courier New";
                    fontcolor = 162;
                    fonttype = 2;
                    fontsize = 2.38;
                    fontratio = 1;
                    fontslant = 0;
                    fontstyle = 0;
                    angle = 0;
                    justify = LEFT;
                    pen = 0;
                };

                text _tmp_1119
                {
                    name = "Text_315";
                    x1 = 52;
                    y1 = 0;
                    x2 = 52;
                    y2 = 0;
                    string = "Length(mm):";
                    fontname = "Courier New";
                    fontcolor = 162;
                    fonttype = 2;
                    fontsize = 2.38;
                    fontratio = 1;
                    fontslant = 0;
                    fontstyle = 0;
                    angle = 0;
                    justify = LEFT;
                    pen = 0;
                };

                text _tmp_1120
                {
                    name = "Text_316";
                    x1 = 65;
                    y1 = 1;
                    x2 = 65;
                    y2 = 1;
                    string = "Total";
                    fontname = "Courier New";
                    fontcolor = 162;
                    fonttype = 2;
                    fontsize = 2.38;
                    fontratio = 1;
                    fontslant = 0;
                    fontstyle = 0;
                    angle = 0;
                    justify = LEFT;
                    pen = 0;
                };

                text _tmp_1121
                {
                    name = "Text_317";
                    x1 = 65;
                    y1 = 0;
                    x2 = 65;
                    y2 = 0;
                    string = "Length(mm):";
                    fontname = "Courier New";
                    fontcolor = 162;
                    fonttype = 2;
                    fontsize = 2.38;
                    fontratio = 1;
                    fontslant = 0;
                    fontstyle = 0;
                    angle = 0;
                    justify = LEFT;
                    pen = 0;
                };

                text _tmp_1122
                {
                    name = "Text_318";
                    x1 = 79;
                    y1 = 1;
                    x2 = 79;
                    y2 = 1;
                    string = "Total";
                    fontname = "Courier New";
                    fontcolor = 162;
                    fonttype = 2;
                    fontsize = 2.38;
                    fontratio = 1;
                    fontslant = 0;
                    fontstyle = 0;
                    angle = 0;
                    justify = LEFT;
                    pen = 0;
                };

                text _tmp_1123
                {
                    name = "Text_319";
                    x1 = 79;
                    y1 = 0;
                    x2 = 79;
                    y2 = 0;
                    string = "Weight(kg):";
                    fontname = "Courier New";
                    fontcolor = 162;
                    fonttype = 2;
                    fontsize = 2.38;
                    fontratio = 1;
                    fontslant = 0;
                    fontstyle = 0;
                    angle = 0;
                    justify = LEFT;
                    pen = 0;
                };
            };

            row _tmp_1124
            {
                name = "Row_48";
                height = 1;
                visibility = TRUE;
                usecolumns = FALSE;
                rule = "if (GetValue(\"SHAPE\") != \"STR\") then\r\n  Output()\r\nelse\r\n  StepOver()\r\nendif\r\n";
                contenttype = "REBAR";
                sorttype = COMBINE;

                valuefield _tmp_1125
                {
                    name = "ValueField_180";
                    location = (33, 0);
                    formula = "GetValue(\"GRADE\")";
                    datatype = STRING;
                    class = "";
                    cacheable = TRUE;
                    justify = LEFT;
                    visibility = TRUE;
                    angle = 0;
                    length = 7;
                    decimals = 0;
                    sortdirection = ASCENDING;
                    fontname = "Courier New";
                    fontcolor = 153;
                    fonttype = 2;
                    fontsize = 1;
                    fontratio = 1;
                    fontstyle = 0;
                    fontslant = 0;
                    pen = 0;
                    oncombine = NONE;
                };

                valuefield _tmp_1126
                {
                    name = "ValueField_181";
                    location = (44, 0);
                    formula = "GetValue(\"SIZE\")";
                    datatype = STRING;
                    class = "";
                    cacheable = TRUE;
                    justify = CENTERED;
                    visibility = TRUE;
                    angle = 0;
                    length = 6;
                    decimals = 0;
                    sortdirection = ASCENDING;
                    fontname = "Courier New";
                    fontcolor = 153;
                    fonttype = 2;
                    fontsize = 1;
                    fontratio = 1;
                    fontstyle = 0;
                    fontslant = 0;
                    pen = 0;
                    oncombine = NONE;
                };

                valuefield _tmp_1127
                {
                    name = "ValueField_182";
                    location = (27, 0);
                    formula = "GetValue(\"SHAPE\")";
                    datatype = STRING;
                    class = "";
                    cacheable = TRUE;
                    justify = LEFT;
                    visibility = TRUE;
                    angle = 0;
                    length = 4;
                    decimals = 0;
                    sortdirection = ASCENDING;
                    fontname = "Courier New";
                    fontcolor = 153;
                    fonttype = 2;
                    fontsize = 1;
                    fontratio = 1;
                    fontstyle = 0;
                    fontslant = 0;
                    pen = 0;
                    oncombine = NONE;
                };

                valuefield _tmp_1128
                {
                    name = "ValueField_183";
                    location = (53, 0);
                    formula = "GetValue(\"LENGTH\")";
                    datatype = DOUBLE;
                    class = "Length";
                    cacheable = TRUE;
                    justify = RIGHT;
                    visibility = TRUE;
                    angle = 0;
                    length = 8;
                    decimals = 0;
                    sortdirection = ASCENDING;
                    fontname = "Courier New";
                    fontcolor = 153;
                    fonttype = 2;
                    fontsize = 1;
                    fontratio = 1;
                    fontstyle = 0;
                    fontslant = 0;
                    pen = 0;
                    oncombine = NONE;
                    unit = "mm";
                };

                valuefield _tmp_1129
                {
                    name = "ValueField_184";
                    location = (22, 0);
                    formula = "GetValue(\"NUMBER\")";
                    datatype = INTEGER;
                    class = "";
                    cacheable = TRUE;
                    justify = RIGHT;
                    visibility = TRUE;
                    angle = 0;
                    length = 3;
                    decimals = 0;
                    sortdirection = NONE;
                    fontname = "Courier New";
                    fontcolor = 153;
                    fonttype = 2;
                    fontsize = 1;
                    fontratio = 1;
                    fontstyle = 0;
                    fontslant = 0;
                    pen = 0;
                    oncombine = SUM;
                };

                valuefield _tmp_1130
                {
                    name = "ValueField_185";
                    location = (64, 0);
                    formula = "GetValue(\"LENGTH\")*GetValue(\"NUMBER\")";
                    datatype = DOUBLE;
                    class = "Length";
                    cacheable = TRUE;
                    justify = RIGHT;
                    visibility = TRUE;
                    angle = 0;
                    length = 10;
                    decimals = 0;
                    sortdirection = NONE;
                    fontname = "Courier New";
                    fontcolor = 153;
                    fonttype = 2;
                    fontsize = 1;
                    fontratio = 1;
                    fontstyle = 0;
                    fontslant = 0;
                    pen = 0;
                    oncombine = SUM;
                    unit = "mm";
                };

                valuefield _tmp_1131
                {
                    name = "ValueField_186";
                    location = (80, 0);
                    formula = "GetValue(\"WEIGHT_TOTAL\")";
                    datatype = DOUBLE;
                    class = "Weight";
                    cacheable = TRUE;
                    justify = RIGHT;
                    visibility = TRUE;
                    angle = 0;
                    length = 8;
                    decimals = 0;
                    sortdirection = NONE;
                    fontname = "Courier New";
                    fontcolor = 153;
                    fonttype = 2;
                    fontsize = 1;
                    fontratio = 1;
                    fontstyle = 0;
                    fontslant = 0;
                    pen = 0;
                    oncombine = SUM;
                    unit = "kg";
                };
            };

            row _tmp_1132
            {
                name = "Row_49";
                height = 3;
                visibility = TRUE;
                usecolumns = FALSE;
                rule = "";
                contenttype = "STRAND";
                sorttype = COMBINE;

                text _tmp_1133
                {
                    name = "Text_320";
                    x1 = 15;
                    y1 = 2;
                    x2 = 15;
                    y2 = 2;
                    string = "_____________________________________________________________________________________";
                    fontname = "Courier New";
                    fontcolor = 162;
                    fonttype = 2;
                    fontsize = 2.38;
                    fontratio = 1;
                    fontslant = 0;
                    fontstyle = 0;
                    angle = 0;
                    justify = LEFT;
                    pen = 0;
                };

                text _tmp_1134
                {
                    name = "Text_321";
                    x1 = 15;
                    y1 = 1;
                    x2 = 15;
                    y2 = 1;
                    string = "Strand:";
                    fontname = "Courier New";
                    fontcolor = 162;
                    fonttype = 2;
                    fontsize = 2.38;
                    fontratio = 1;
                    fontslant = 0;
                    fontstyle = 0;
                    angle = 0;
                    justify = LEFT;
                    pen = 0;
                };

                text _tmp_1135
                {
                    name = "Text_322";
                    x1 = 33;
                    y1 = 0;
                    x2 = 33;
                    y2 = 0;
                    string = "Grade:";
                    fontname = "Courier New";
                    fontcolor = 162;
                    fonttype = 2;
                    fontsize = 2.38;
                    fontratio = 1;
                    fontslant = 0;
                    fontstyle = 0;
                    angle = 0;
                    justify = LEFT;
                    pen = 0;
                };

                text _tmp_1136
                {
                    name = "Text_323";
                    x1 = 22;
                    y1 = 0;
                    x2 = 22;
                    y2 = 0;
                    string = "Qty:";
                    fontname = "Courier New";
                    fontcolor = 162;
                    fonttype = 2;
                    fontsize = 1;
                    fontratio = 1;
                    fontslant = 0;
                    fontstyle = 0;
                    angle = 0;
                    justify = LEFT;
                    pen = 0;
                };

                text _tmp_1137
                {
                    name = "Text_324";
                    x1 = 52;
                    y1 = 0;
                    x2 = 52;
                    y2 = 0;
                    string = "Length(mm):";
                    fontname = "Courier New";
                    fontcolor = 162;
                    fonttype = 2;
                    fontsize = 2.38;
                    fontratio = 1;
                    fontslant = 0;
                    fontstyle = 0;
                    angle = 0;
                    justify = LEFT;
                    pen = 0;
                };

                text _tmp_1138
                {
                    name = "Text_325";
                    x1 = 94;
                    y1 = 0;
                    x2 = 94;
                    y2 = 0;
                    string = "Pi (KN):";
                    fontname = "Courier New";
                    fontcolor = 162;
                    fonttype = 2;
                    fontsize = 2.38;
                    fontratio = 1;
                    fontslant = 0;
                    fontstyle = 0;
                    angle = 0;
                    justify = LEFT;
                    pen = 0;
                };

                text _tmp_1139
                {
                    name = "Text_326";
                    x1 = 65;
                    y1 = 1;
                    x2 = 65;
                    y2 = 1;
                    string = "Total";
                    fontname = "Courier New";
                    fontcolor = 162;
                    fonttype = 2;
                    fontsize = 2.38;
                    fontratio = 1;
                    fontslant = 0;
                    fontstyle = 0;
                    angle = 0;
                    justify = LEFT;
                    pen = 0;
                };

                text _tmp_1140
                {
                    name = "Text_327";
                    x1 = 65;
                    y1 = 0;
                    x2 = 65;
                    y2 = 0;
                    string = "Length(mm):";
                    fontname = "Courier New";
                    fontcolor = 162;
                    fonttype = 2;
                    fontsize = 2.38;
                    fontratio = 1;
                    fontslant = 0;
                    fontstyle = 0;
                    angle = 0;
                    justify = LEFT;
                    pen = 0;
                };

                text _tmp_1141
                {
                    name = "Text_328";
                    x1 = 45;
                    y1 = 0;
                    x2 = 45;
                    y2 = 0;
                    string = "Size:";
                    fontname = "Courier New";
                    fontcolor = 162;
                    fonttype = 2;
                    fontsize = 2.38;
                    fontratio = 1;
                    fontslant = 0;
                    fontstyle = 0;
                    angle = 0;
                    justify = LEFT;
                    pen = 0;
                };

                text _tmp_1142
                {
                    name = "Text_329";
                    x1 = 79;
                    y1 = 1;
                    x2 = 79;
                    y2 = 1;
                    string = "Total";
                    fontname = "Courier New";
                    fontcolor = 162;
                    fonttype = 2;
                    fontsize = 2.38;
                    fontratio = 1;
                    fontslant = 0;
                    fontstyle = 0;
                    angle = 0;
                    justify = LEFT;
                    pen = 0;
                };

                text _tmp_1143
                {
                    name = "Text_330";
                    x1 = 79;
                    y1 = 0;
                    x2 = 79;
                    y2 = 0;
                    string = "Weight(kg):";
                    fontname = "Courier New";
                    fontcolor = 162;
                    fonttype = 2;
                    fontsize = 2.38;
                    fontratio = 1;
                    fontslant = 0;
                    fontstyle = 0;
                    angle = 0;
                    justify = LEFT;
                    pen = 0;
                };
            };

            row _tmp_1144
            {
                name = "Row_50";
                height = 1;
                visibility = TRUE;
                usecolumns = FALSE;
                rule = "";
                contenttype = "STRAND";
                sorttype = COMBINE;

                valuefield _tmp_1145
                {
                    name = "ValueField_187";
                    location = (33, 0);
                    formula = "GetValue(\"MATERIAL\")";
                    datatype = STRING;
                    class = "";
                    cacheable = TRUE;
                    justify = LEFT;
                    visibility = TRUE;
                    angle = 0;
                    length = 7;
                    decimals = 0;
                    sortdirection = ASCENDING;
                    fontname = "Courier New";
                    fontcolor = 153;
                    fonttype = 2;
                    fontsize = 1;
                    fontratio = 1;
                    fontstyle = 0;
                    fontslant = 0;
                    pen = 0;
                    oncombine = NONE;
                };

                valuefield _tmp_1146
                {
                    name = "ValueField_188";
                    location = (53, 0);
                    formula = "GetValue(\"LENGTH\")";
                    datatype = DOUBLE;
                    class = "Length";
                    cacheable = TRUE;
                    justify = RIGHT;
                    visibility = TRUE;
                    angle = 0;
                    length = 8;
                    decimals = 0;
                    sortdirection = ASCENDING;
                    fontname = "Courier New";
                    fontcolor = 153;
                    fonttype = 2;
                    fontsize = 1;
                    fontratio = 1;
                    fontstyle = 0;
                    fontslant = 0;
                    pen = 0;
                    oncombine = NONE;
                    unit = "mm";
                };

                valuefield _tmp_1147
                {
                    name = "ValueField_189";
                    location = (94, 0);
                    formula = "GetValue(\"STRAND_PULL_FORCE\")";
                    datatype = DOUBLE;
                    class = "Force";
                    cacheable = TRUE;
                    justify = RIGHT;
                    visibility = TRUE;
                    angle = 0;
                    length = 8;
                    decimals = 2;
                    sortdirection = ASCENDING;
                    fontname = "Courier New";
                    fontcolor = 153;
                    fonttype = 2;
                    fontsize = 1;
                    fontratio = 1;
                    fontstyle = 0;
                    fontslant = 0;
                    pen = 0;
                    oncombine = NONE;
                    unit = "kN";
                };

                valuefield _tmp_1148
                {
                    name = "ValueField_190";
                    location = (22, 0);
                    formula = "GetValue(\"NUMBER\")";
                    datatype = INTEGER;
                    class = "";
                    cacheable = TRUE;
                    justify = RIGHT;
                    visibility = TRUE;
                    angle = 0;
                    length = 3;
                    decimals = 0;
                    sortdirection = NONE;
                    fontname = "Courier New";
                    fontcolor = 153;
                    fonttype = 2;
                    fontsize = 1;
                    fontratio = 1;
                    fontstyle = 0;
                    fontslant = 0;
                    pen = 0;
                    oncombine = SUM;
                };

                valuefield _tmp_1149
                {
                    name = "ValueField_191";
                    location = (64, 0);
                    formula = "GetValue(\"NUMBER\")*GetValue(\"LENGTH\")";
                    datatype = DOUBLE;
                    class = "Length";
                    cacheable = TRUE;
                    justify = RIGHT;
                    visibility = TRUE;
                    angle = 0;
                    length = 10;
                    decimals = 0;
                    sortdirection = NONE;
                    fontname = "Courier New";
                    fontcolor = 153;
                    fonttype = 2;
                    fontsize = 1;
                    fontratio = 1;
                    fontstyle = 0;
                    fontslant = 0;
                    pen = 0;
                    oncombine = SUM;
                    unit = "mm";
                };

                valuefield _tmp_1150
                {
                    name = "ValueField_192";
                    location = (44, 0);
                    formula = "GetValue(\"SIZE\")";
                    datatype = STRING;
                    class = "";
                    cacheable = TRUE;
                    justify = CENTERED;
                    visibility = TRUE;
                    angle = 0;
                    length = 6;
                    decimals = 0;
                    sortdirection = ASCENDING;
                    fontname = "Courier New";
                    fontcolor = 153;
                    fonttype = 2;
                    fontsize = 1;
                    fontratio = 1;
                    fontstyle = 0;
                    fontslant = 0;
                    pen = 0;
                    oncombine = NONE;
                };

                valuefield _tmp_1151
                {
                    name = "ValueField_193";
                    location = (80, 0);
                    formula = "GetValue(\"WEIGHT_TOTAL\")";
                    datatype = DOUBLE;
                    class = "Weight";
                    cacheable = TRUE;
                    justify = RIGHT;
                    visibility = TRUE;
                    angle = 0;
                    length = 8;
                    decimals = 0;
                    sortdirection = NONE;
                    fontname = "Courier New";
                    fontcolor = 153;
                    fonttype = 2;
                    fontsize = 1;
                    fontratio = 1;
                    fontstyle = 0;
                    fontslant = 0;
                    pen = 0;
                    oncombine = SUM;
                    unit = "kg";
                };
            };

            row _tmp_1152
            {
                name = "Row_51";
                height = 3;
                visibility = TRUE;
                usecolumns = FALSE;
                rule = "";
                contenttype = "MESH";
                sorttype = COMBINE;

                text _tmp_1153
                {
                    name = "Text_331";
                    x1 = 15;
                    y1 = 1;
                    x2 = 15;
                    y2 = 1;
                    string = "Mesh:";
                    fontname = "Courier New";
                    fontcolor = 162;
                    fonttype = 2;
                    fontsize = 2.38;
                    fontratio = 1;
                    fontslant = 0;
                    fontstyle = 0;
                    angle = 0;
                    justify = LEFT;
                    pen = 0;
                };

                text _tmp_1154
                {
                    name = "Text_332";
                    x1 = 15;
                    y1 = 2;
                    x2 = 15;
                    y2 = 2;
                    string = "_____________________________________________________________________________________";
                    fontname = "Courier New";
                    fontcolor = 162;
                    fonttype = 2;
                    fontsize = 2.38;
                    fontratio = 1;
                    fontslant = 0;
                    fontstyle = 0;
                    angle = 0;
                    justify = LEFT;
                    pen = 0;
                };

                text _tmp_1155
                {
                    name = "Text_333";
                    x1 = 45;
                    y1 = 0;
                    x2 = 45;
                    y2 = 0;
                    string = "Catalog Size:";
                    fontname = "Courier New";
                    fontcolor = 162;
                    fonttype = 2;
                    fontsize = 2.38;
                    fontratio = 1;
                    fontslant = 0;
                    fontstyle = 0;
                    angle = 0;
                    justify = LEFT;
                    pen = 0;
                };

                text _tmp_1156
                {
                    name = "Text_334";
                    x1 = 73;
                    y1 = 0;
                    x2 = 73;
                    y2 = 0;
                    string = "Area (§³):";
                    fontname = "Courier New";
                    fontcolor = 162;
                    fonttype = 2;
                    fontsize = 2.38;
                    fontratio = 1;
                    fontslant = 0;
                    fontstyle = 0;
                    angle = 0;
                    justify = LEFT;
                    pen = 0;
                };

                text _tmp_1157
                {
                    name = "Text_335";
                    x1 = 33;
                    y1 = 0;
                    x2 = 33;
                    y2 = 0;
                    string = "Grade:";
                    fontname = "Courier New";
                    fontcolor = 162;
                    fonttype = 2;
                    fontsize = 2.38;
                    fontratio = 1;
                    fontslant = 0;
                    fontstyle = 0;
                    angle = 0;
                    justify = LEFT;
                    pen = 0;
                };

                text _tmp_1158
                {
                    name = "Text_336";
                    x1 = 22;
                    y1 = 0;
                    x2 = 22;
                    y2 = 0;
                    string = "Qty:";
                    fontname = "Courier New";
                    fontcolor = 162;
                    fonttype = 2;
                    fontsize = 1;
                    fontratio = 1;
                    fontslant = 0;
                    fontstyle = 0;
                    angle = 0;
                    justify = LEFT;
                    pen = 0;
                };
            };

            row _tmp_1159
            {
                name = "Row_52";
                height = 1;
                visibility = TRUE;
                usecolumns = FALSE;
                rule = "";
                contenttype = "MESH";
                sorttype = COMBINE;

                valuefield _tmp_1160
                {
                    name = "ValueField_194";
                    location = (33, 0);
                    formula = "GetValue(\"GRADE\")";
                    datatype = STRING;
                    class = "";
                    cacheable = TRUE;
                    justify = LEFT;
                    visibility = TRUE;
                    angle = 0;
                    length = 8;
                    decimals = 0;
                    sortdirection = ASCENDING;
                    fontname = "Courier New";
                    fontcolor = 153;
                    fonttype = 2;
                    fontsize = 1;
                    fontratio = 1;
                    fontstyle = 0;
                    fontslant = 0;
                    pen = 0;
                    oncombine = NONE;
                };

                valuefield _tmp_1161
                {
                    name = "ValueField_195";
                    location = (45, 0);
                    formula = "GetValue(\"CATALOG_NAME\")";
                    datatype = STRING;
                    class = "";
                    cacheable = TRUE;
                    justify = LEFT;
                    visibility = TRUE;
                    angle = 0;
                    length = 20;
                    decimals = 0;
                    sortdirection = ASCENDING;
                    fontname = "Courier New";
                    fontcolor = 153;
                    fonttype = 2;
                    fontsize = 1;
                    fontratio = 1;
                    fontstyle = 0;
                    fontslant = 0;
                    pen = 0;
                    oncombine = NONE;
                };

                valuefield _tmp_1162
                {
                    name = "ValueField_196";
                    location = (75, 0);
                    formula = "GetValue(\"AREA\")";
                    datatype = DOUBLE;
                    class = "Area";
                    cacheable = TRUE;
                    justify = RIGHT;
                    visibility = TRUE;
                    angle = 0;
                    length = 8;
                    decimals = 2;
                    sortdirection = ASCENDING;
                    fontname = "Courier New";
                    fontcolor = 153;
                    fonttype = 2;
                    fontsize = 1;
                    fontratio = 1;
                    fontstyle = 0;
                    fontslant = 0;
                    pen = 0;
                    oncombine = NONE;
                    unit = "m2";
                };

                valuefield _tmp_1163
                {
                    name = "ValueField_197";
                    location = (22, 0);
                    formula = "GetValue(\"NUMBER\")";
                    datatype = INTEGER;
                    class = "";
                    cacheable = TRUE;
                    justify = RIGHT;
                    visibility = TRUE;
                    angle = 0;
                    length = 3;
                    decimals = 0;
                    sortdirection = NONE;
                    fontname = "Courier New";
                    fontcolor = 153;
                    fonttype = 2;
                    fontsize = 1;
                    fontratio = 1;
                    fontstyle = 0;
                    fontslant = 0;
                    pen = 0;
                    oncombine = SUM;
                };
            };
        };

        text _tmp_41
        {
            name = "Text_406";
            x1 = 102;
            y1 = 2;
            x2 = 102;
            y2 = 2;
            string = "Total Volume (§©):";
            fontname = "Courier New";
            fontcolor = 162;
            fonttype = 2;
            fontsize = 1;
            fontratio = 1;
            fontslant = 0;
            fontstyle = 0;
            angle = 0;
            justify = LEFT;
            pen = 0;
        };

        valuefield _tmp_42
        {
            name = "ValueField_248";
            location = (105, 1);
            formula = "GetValue(\"VOLUME\")*GetValue(\"NUMBER\")";
            datatype = DOUBLE;
            class = "Volume";
            cacheable = TRUE;
            justify = RIGHT;
            visibility = TRUE;
            angle = 0;
            length = 12;
            decimals = 2;
            sortdirection = NONE;
            fontname = "Courier New";
            fontcolor = 153;
            fonttype = 2;
            fontsize = 1;
            fontratio = 1;
            fontstyle = 0;
            fontslant = 0;
            pen = 0;
            oncombine = SUM;
            unit = "m3";
        };
    };

    row _tmp_1293
    {
        name = "CAST_UNIT_FOOTING";
        height = 4;
        visibility = TRUE;
        usecolumns = FALSE;
        rule = "if match(GetValue(\"CAST_UNIT_TYPE\"),\"Precast*\") && match(GetValue(\"MAINPART.NAME\"),\"*FOOTING*\")\r\n then\r\n  Output()\r\nelse\r\n  StepOver()\r\nendif";
        contenttype = "CAST_UNIT";
        sorttype = COMBINE;

        valuefield _tmp_1294
        {
            name = "ValueField_198";
            location = (9, 1);
            formula = "GetValue(\"MAINPART.NAME\")";
            datatype = STRING;
            class = "";
            cacheable = TRUE;
            justify = LEFT;
            visibility = TRUE;
            angle = 0;
            length = 15;
            decimals = 0;
            sortdirection = ASCENDING;
            fontname = "Courier New";
            fontcolor = 153;
            fonttype = 2;
            fontsize = 1;
            fontratio = 1;
            fontstyle = 0;
            fontslant = 0;
            pen = 0;
            oncombine = NONE;
        };

        valuefield _tmp_1295
        {
            name = "ValueField_199";
            location = (37, 1);
            formula = "GetValue(\"MATERIAL\")";
            datatype = STRING;
            class = "";
            cacheable = TRUE;
            justify = LEFT;
            visibility = TRUE;
            angle = 0;
            length = 7;
            decimals = 0;
            sortdirection = ASCENDING;
            fontname = "Courier New";
            fontcolor = 153;
            fonttype = 2;
            fontsize = 1;
            fontratio = 1;
            fontstyle = 0;
            fontslant = 0;
            pen = 0;
            oncombine = NONE;
        };

        valuefield _tmp_1296
        {
            name = "ValueField_200";
            location = (51, 1);
            formula = "int(GetValue(\"MAINPART.WIDTH\"))+\"X\"+int(GetValue(\"MAINPART.LENGTH\"))+\"X\"+int(GetValue(\"MAINPART.HEIGHT\"))";
            datatype = STRING;
            class = "";
            cacheable = TRUE;
            justify = LEFT;
            visibility = TRUE;
            angle = 0;
            length = 25;
            decimals = 0;
            sortdirection = ASCENDING;
            fontname = "Courier New";
            fontcolor = 164;
            fonttype = 2;
            fontsize = 2.38;
            fontratio = 1;
            fontstyle = 0;
            fontslant = 0;
            pen = 0;
            oncombine = NONE;
        };

        text _tmp_1298
        {
            name = "Text_337";
            x1 = 2;
            y1 = 2;
            x2 = 2;
            y2 = 2;
            string = "Qty:";
            fontname = "Courier New";
            fontcolor = 162;
            fonttype = 2;
            fontsize = 1;
            fontratio = 1;
            fontslant = 0;
            fontstyle = 0;
            angle = 0;
            justify = LEFT;
            pen = 0;
        };

        text _tmp_1299
        {
            name = "Text_338";
            x1 = 37;
            y1 = 2;
            x2 = 37;
            y2 = 2;
            string = "Material:";
            fontname = "Courier New";
            fontcolor = 162;
            fonttype = 2;
            fontsize = 1;
            fontratio = 1;
            fontslant = 0;
            fontstyle = 0;
            angle = 0;
            justify = LEFT;
            pen = 0;
        };

        text _tmp_1300
        {
            name = "Text_339";
            x1 = 1;
            y1 = 3;
            x2 = 1;
            y2 = 3;
            string = "________________________________________________________________________________________________________________________________________";
            fontname = "Courier New";
            fontcolor = 162;
            fonttype = 2;
            fontsize = 2.38;
            fontratio = 1;
            fontslant = 0;
            fontstyle = 0;
            angle = 0;
            justify = LEFT;
            pen = 0;
        };

        text _tmp_1301
        {
            name = "Text_340";
            x1 = 51;
            y1 = 2;
            x2 = 51;
            y2 = 2;
            string = "Profile:";
            fontname = "Courier New";
            fontcolor = 162;
            fonttype = 2;
            fontsize = 1;
            fontratio = 1;
            fontslant = 0;
            fontstyle = 0;
            angle = 0;
            justify = LEFT;
            pen = 0;
        };

        valuefield _tmp_1303
        {
            name = "ValueField_202";
            location = (2, 1);
            formula = "GetValue(\"NUMBER\")";
            datatype = INTEGER;
            class = "";
            cacheable = TRUE;
            justify = LEFT;
            visibility = TRUE;
            angle = 0;
            length = 4;
            sortdirection = NONE;
            fontname = "Courier New";
            fontcolor = 153;
            fonttype = 2;
            fontsize = 1;
            fontratio = 1;
            fontstyle = 0;
            fontslant = 0;
            pen = 0;
            oncombine = SUM;
        };

        text _tmp_1304
        {
            name = "Text_342";
            x1 = 9;
            y1 = 2;
            x2 = 9;
            y2 = 2;
            string = "Name:";
            fontname = "Courier New";
            fontcolor = 162;
            fonttype = 2;
            fontsize = 1;
            fontratio = 1;
            fontslant = 0;
            fontstyle = 0;
            angle = 0;
            justify = LEFT;
            pen = 0;
        };

        valuefield _tmp_1305
        {
            name = "ValueField_203";
            location = (86, 1);
            formula = "GetValue(\"VOLUME\")";
            datatype = DOUBLE;
            class = "Volume";
            cacheable = TRUE;
            justify = RIGHT;
            visibility = TRUE;
            angle = 0;
            length = 12;
            decimals = 2;
            sortdirection = NONE;
            fontname = "Courier New";
            fontcolor = 153;
            fonttype = 2;
            fontsize = 1;
            fontratio = 1;
            fontstyle = 0;
            fontslant = 0;
            pen = 0;
            oncombine = NONE;
            unit = "m3";
        };

        text _tmp_1306
        {
            name = "Text_343";
            x1 = 87;
            y1 = 2;
            x2 = 87;
            y2 = 2;
            string = "Volume (§©):";
            fontname = "Courier New";
            fontcolor = 162;
            fonttype = 2;
            fontsize = 1;
            fontratio = 1;
            fontslant = 0;
            fontstyle = 0;
            angle = 0;
            justify = LEFT;
            pen = 0;
        };

        valuefield _tmp_1307
        {
            name = "ValueField_204";
            location = (121, 1);
            formula = "GetValue(\"WEIGHT\")";
            datatype = DOUBLE;
            class = "Weight";
            cacheable = TRUE;
            justify = RIGHT;
            visibility = TRUE;
            angle = 0;
            length = 12;
            decimals = 0;
            sortdirection = NONE;
            fontname = "Courier New";
            fontcolor = 153;
            fonttype = 2;
            fontsize = 1;
            fontratio = 1;
            fontstyle = 0;
            fontslant = 0;
            pen = 0;
            oncombine = NONE;
            unit = "kg";
        };

        text _tmp_1308
        {
            name = "Text_344";
            x1 = 122;
            y1 = 2;
            x2 = 122;
            y2 = 2;
            string = "Weight (kg):";
            fontname = "Courier New";
            fontcolor = 162;
            fonttype = 2;
            fontsize = 1;
            fontratio = 1;
            fontslant = 0;
            fontstyle = 0;
            angle = 0;
            justify = LEFT;
            pen = 0;
        };

        text _tmp_1309
        {
            name = "Text_345";
            x1 = 27;
            y1 = 2;
            x2 = 27;
            y2 = 2;
            string = "Mark:";
            fontname = "Courier New";
            fontcolor = 162;
            fonttype = 2;
            fontsize = 1;
            fontratio = 1;
            fontslant = 0;
            fontstyle = 0;
            angle = 0;
            justify = LEFT;
            pen = 0;
        };

        valuefield _tmp_1310
        {
            name = "ValueField_205";
            location = (27, 1);
            formula = "GetValue(\"CAST_UNIT_POS\")";
            datatype = STRING;
            class = "";
            cacheable = TRUE;
            justify = LEFT;
            visibility = TRUE;
            angle = 0;
            length = 7;
            decimals = 0;
            sortdirection = ASCENDING;
            fontname = "Courier New";
            fontcolor = 153;
            fonttype = 2;
            fontsize = 1;
            fontratio = 1;
            fontstyle = 0;
            fontslant = 0;
            pen = 0;
            oncombine = NONE;
        };

        row _tmp_1311
        {
            name = "Row_53";
            height = 3;
            visibility = TRUE;
            usecolumns = FALSE;
            rule = "if (GetValue(\"MAINPART.MATERIAL_TYPE\") != \"CONCRETE\") then\n  Output()\nelse\n  StepOver()\nendif\n";
            contenttype = "ASSEMBLY";
            sorttype = COMBINE;

            text _tmp_1312
            {
                name = "Text_346";
                x1 = 29;
                y1 = 0;
                x2 = 29;
                y2 = 0;
                string = "Name:";
                fontname = "Courier New";
                fontcolor = 162;
                fonttype = 2;
                fontsize = 2.38;
                fontratio = 1;
                fontslant = 0;
                fontstyle = 0;
                angle = 0;
                justify = LEFT;
                pen = 0;
            };

            text _tmp_1313
            {
                name = "Text_347";
                x1 = 54;
                y1 = 0;
                x2 = 54;
                y2 = 0;
                string = "Profile:";
                fontname = "Courier New";
                fontcolor = 162;
                fonttype = 2;
                fontsize = 2.38;
                fontratio = 1;
                fontslant = 0;
                fontstyle = 0;
                angle = 0;
                justify = LEFT;
                pen = 0;
            };

            text _tmp_1314
            {
                name = "Text_348";
                x1 = 22;
                y1 = 0;
                x2 = 22;
                y2 = 0;
                string = "Qty:";
                fontname = "Courier New";
                fontcolor = 162;
                fonttype = 2;
                fontsize = 1;
                fontratio = 1;
                fontslant = 0;
                fontstyle = 0;
                angle = 0;
                justify = LEFT;
                pen = 0;
            };

            text _tmp_1315
            {
                name = "Text_349";
                x1 = 42;
                y1 = 0;
                x2 = 42;
                y2 = 0;
                string = "Material:";
                fontname = "Courier New";
                fontcolor = 162;
                fonttype = 2;
                fontsize = 2.38;
                fontratio = 1;
                fontslant = 0;
                fontstyle = 0;
                angle = 0;
                justify = LEFT;
                pen = 0;
            };

            text _tmp_1316
            {
                name = "Text_350";
                x1 = 15;
                y1 = 1;
                x2 = 15;
                y2 = 1;
                string = "Component Parts:";
                fontname = "Courier New";
                fontcolor = 162;
                fonttype = 2;
                fontsize = 2.38;
                fontratio = 1;
                fontslant = 0;
                fontstyle = 0;
                angle = 0;
                justify = LEFT;
                pen = 0;
            };

            text _tmp_1317
            {
                name = "Text_351";
                x1 = 15;
                y1 = 2;
                x2 = 15;
                y2 = 2;
                string = "_____________________________________________________________________________________________________________________";
                fontname = "Courier New";
                fontcolor = 162;
                fonttype = 2;
                fontsize = 2.38;
                fontratio = 1;
                fontslant = 0;
                fontstyle = 0;
                angle = 0;
                justify = LEFT;
                pen = 0;
            };

            text _tmp_1318
            {
                name = "Text_352";
                x1 = 104;
                y1 = 0;
                x2 = 104;
                y2 = 0;
                string = "Description:";
                fontname = "Courier New";
                fontcolor = 162;
                fonttype = 2;
                fontsize = 2.38;
                fontratio = 1;
                fontslant = 0;
                fontstyle = 0;
                angle = 0;
                justify = LEFT;
                pen = 0;
            };

            text _tmp_1319
            {
                name = "Text_353";
                x1 = 71;
                y1 = 0;
                x2 = 71;
                y2 = 0;
                string = "Length(mm):";
                fontname = "Courier New";
                fontcolor = 162;
                fonttype = 2;
                fontsize = 2.38;
                fontratio = 1;
                fontslant = 0;
                fontstyle = 0;
                angle = 0;
                justify = LEFT;
                pen = 0;
            };

            text _tmp_1320
            {
                name = "Text_354";
                x1 = 83;
                y1 = 0;
                x2 = 83;
                y2 = 0;
                string = "Finish:";
                fontname = "Courier New";
                fontcolor = 162;
                fonttype = 2;
                fontsize = 2.38;
                fontratio = 1;
                fontslant = 0;
                fontstyle = 0;
                angle = 0;
                justify = LEFT;
                pen = 0;
            };

            text _tmp_1321
            {
                name = "Text_355";
                x1 = 95;
                y1 = 0;
                x2 = 95;
                y2 = 0;
                string = "Class:";
                fontname = "Courier New";
                fontcolor = 162;
                fonttype = 2;
                fontsize = 2.38;
                fontratio = 1;
                fontslant = 0;
                fontstyle = 0;
                angle = 0;
                justify = LEFT;
                pen = 0;
            };
        };

        row _tmp_1322
        {
            name = "Row_54";
            height = 1;
            visibility = TRUE;
            usecolumns = FALSE;
            rule = "if (GetValue(\"MAINPART.MATERIAL_TYPE\") != \"CONCRETE\") then\n  Output()\nelse\n  StepOver()\nendif\n";
            contenttype = "ASSEMBLY";
            sorttype = COMBINE;

            valuefield _tmp_1323
            {
                name = "ValueField_206";
                location = (29, 0);
                formula = "GetValue(\"MAINPART.NAME\")";
                datatype = STRING;
                class = "";
                cacheable = TRUE;
                justify = LEFT;
                visibility = TRUE;
                angle = 0;
                length = 10;
                sortdirection = ASCENDING;
                fontname = "Courier New";
                fontcolor = 153;
                fonttype = 2;
                fontsize = 1;
                fontratio = 1;
                fontstyle = 0;
                fontslant = 0;
                pen = 0;
                oncombine = NONE;
            };

            valuefield _tmp_1324
            {
                name = "ValueField_207";
                location = (42, 0);
                formula = "GetValue(\"MAINPART.MATERIAL\")";
                datatype = STRING;
                class = "";
                cacheable = TRUE;
                justify = LEFT;
                visibility = TRUE;
                angle = 0;
                length = 7;
                sortdirection = ASCENDING;
                fontname = "Courier New";
                fontcolor = 153;
                fonttype = 2;
                fontsize = 1;
                fontratio = 1;
                fontstyle = 0;
                fontslant = 0;
                pen = 0;
                oncombine = NONE;
            };

            valuefield _tmp_1325
            {
                name = "ValueField_208";
                location = (53, 0);
                formula = "GetValue(\"MAINPART.PROFILE\")";
                datatype = STRING;
                class = "";
                cacheable = TRUE;
                justify = LEFT;
                visibility = TRUE;
                angle = 0;
                length = 14;
                sortdirection = ASCENDING;
                fontname = "Courier New";
                fontcolor = 153;
                fonttype = 2;
                fontsize = 1;
                fontratio = 1;
                fontstyle = 0;
                fontslant = 0;
                pen = 0;
                oncombine = NONE;
            };

            valuefield _tmp_1326
            {
                name = "ValueField_209";
                location = (69, 0);
                formula = "GetValue(\"MAINPART.LENGTH\")";
                datatype = DOUBLE;
                class = "Length";
                cacheable = TRUE;
                justify = RIGHT;
                visibility = TRUE;
                angle = 0;
                length = 12;
                decimals = 0;
                sortdirection = ASCENDING;
                fontname = "Courier New";
                fontcolor = 153;
                fonttype = 2;
                fontsize = 1;
                fontratio = 1;
                fontstyle = 0;
                fontslant = 0;
                pen = 0;
                oncombine = NONE;
                unit = "mm";
            };

            valuefield _tmp_1327
            {
                name = "ValueField_210";
                location = (83, 0);
                formula = "GetValue(\"MAINPART.FINISH\")";
                datatype = STRING;
                class = "";
                cacheable = TRUE;
                justify = LEFT;
                visibility = TRUE;
                angle = 0;
                length = 10;
                sortdirection = ASCENDING;
                fontname = "Courier New";
                fontcolor = 153;
                fonttype = 2;
                fontsize = 1;
                fontratio = 1;
                fontstyle = 0;
                fontslant = 0;
                pen = 0;
                oncombine = NONE;
            };

            valuefield _tmp_1328
            {
                name = "ValueField_211";
                location = (95, 0);
                formula = "GetValue(\"MAINPART.CLASS_ATTR\")";
                datatype = STRING;
                class = "";
                cacheable = TRUE;
                justify = LEFT;
                visibility = TRUE;
                angle = 0;
                length = 6;
                sortdirection = ASCENDING;
                fontname = "Courier New";
                fontcolor = 153;
                fonttype = 2;
                fontsize = 1;
                fontratio = 1;
                fontstyle = 0;
                fontslant = 0;
                pen = 0;
                oncombine = NONE;
            };

            valuefield _tmp_1329
            {
                name = "ValueField_212";
                location = (22, 0);
                formula = "GetValue(\"NUMBER\")";
                datatype = INTEGER;
                class = "";
                cacheable = TRUE;
                justify = LEFT;
                visibility = TRUE;
                angle = 0;
                length = 3;
                sortdirection = NONE;
                fontname = "Courier New";
                fontcolor = 153;
                fonttype = 2;
                fontsize = 1;
                fontratio = 1;
                fontstyle = 0;
                fontslant = 0;
                pen = 0;
                oncombine = SUM;
            };

            valuefield _tmp_1330
            {
                name = "ValueField_213";
                location = (104, 0);
                formula = "GetValue(\"MAINPART.USERDEFINED.USER_FIELD_1\")";
                datatype = STRING;
                class = "";
                cacheable = TRUE;
                justify = LEFT;
                visibility = TRUE;
                angle = 0;
                length = 20;
                sortdirection = NONE;
                fontname = "Courier New";
                fontcolor = 153;
                fonttype = 2;
                fontsize = 1;
                fontratio = 1;
                fontstyle = 0;
                fontslant = 0;
                pen = 0;
                oncombine = NONE;
            };
        };

        row _tmp_1331
        {
            name = "Row_55";
            height = 3;
            visibility = TRUE;
            usecolumns = FALSE;
            rule = "if (GetValue(\"MATERIAL_TYPE\") != \"CONCRETE\" ) then\n  Output()\nelse\n  StepOver()\nendif\n";
            contenttype = "PART";
            sorttype = COMBINE;

            text _tmp_1332
            {
                name = "Text_356";
                x1 = 30;
                y1 = 0;
                x2 = 30;
                y2 = 0;
                string = "Name:";
                fontname = "Courier New";
                fontcolor = 162;
                fonttype = 2;
                fontsize = 2.38;
                fontratio = 1;
                fontslant = 0;
                fontstyle = 0;
                angle = 0;
                justify = LEFT;
                pen = 0;
            };

            text _tmp_1333
            {
                name = "Text_357";
                x1 = 71;
                y1 = 0;
                x2 = 71;
                y2 = 0;
                string = "Length(mm):";
                fontname = "Courier New";
                fontcolor = 162;
                fonttype = 2;
                fontsize = 2.38;
                fontratio = 1;
                fontslant = 0;
                fontstyle = 0;
                angle = 0;
                justify = LEFT;
                pen = 0;
            };

            text _tmp_1334
            {
                name = "Text_358";
                x1 = 22;
                y1 = 0;
                x2 = 22;
                y2 = 0;
                string = "Qty:";
                fontname = "Courier New";
                fontcolor = 162;
                fonttype = 2;
                fontsize = 1;
                fontratio = 1;
                fontslant = 0;
                fontstyle = 0;
                angle = 0;
                justify = LEFT;
                pen = 0;
            };

            text _tmp_1335
            {
                name = "Text_359";
                x1 = 42;
                y1 = 0;
                x2 = 42;
                y2 = 0;
                string = "Material:";
                fontname = "Courier New";
                fontcolor = 162;
                fonttype = 2;
                fontsize = 2.38;
                fontratio = 1;
                fontslant = 0;
                fontstyle = 0;
                angle = 0;
                justify = LEFT;
                pen = 0;
            };

            text _tmp_1336
            {
                name = "Text_360";
                x1 = 15;
                y1 = 1;
                x2 = 15;
                y2 = 1;
                string = "Free Parts:";
                fontname = "Courier New";
                fontcolor = 162;
                fonttype = 2;
                fontsize = 2.38;
                fontratio = 1;
                fontslant = 0;
                fontstyle = 0;
                angle = 0;
                justify = LEFT;
                pen = 0;
            };

            text _tmp_1337
            {
                name = "Text_361";
                x1 = 15;
                y1 = 2;
                x2 = 15;
                y2 = 2;
                string = "_____________________________________________________________________________________________________________________";
                fontname = "Courier New";
                fontcolor = 162;
                fonttype = 2;
                fontsize = 2.38;
                fontratio = 1;
                fontslant = 0;
                fontstyle = 0;
                angle = 0;
                justify = LEFT;
                pen = 0;
            };

            text _tmp_1338
            {
                name = "Text_362";
                x1 = 104;
                y1 = 0;
                x2 = 104;
                y2 = 0;
                string = "Description:";
                fontname = "Courier New";
                fontcolor = 162;
                fonttype = 2;
                fontsize = 2.38;
                fontratio = 1;
                fontslant = 0;
                fontstyle = 0;
                angle = 0;
                justify = LEFT;
                pen = 0;
            };

            text _tmp_1339
            {
                name = "Text_363";
                x1 = 54;
                y1 = 0;
                x2 = 54;
                y2 = 0;
                string = "Profile:";
                fontname = "Courier New";
                fontcolor = 162;
                fonttype = 2;
                fontsize = 2.38;
                fontratio = 1;
                fontslant = 0;
                fontstyle = 0;
                angle = 0;
                justify = LEFT;
                pen = 0;
            };

            text _tmp_1340
            {
                name = "Text_364";
                x1 = 83;
                y1 = 0;
                x2 = 83;
                y2 = 0;
                string = "Finish:";
                fontname = "Courier New";
                fontcolor = 162;
                fonttype = 2;
                fontsize = 2.38;
                fontratio = 1;
                fontslant = 0;
                fontstyle = 0;
                angle = 0;
                justify = LEFT;
                pen = 0;
            };

            text _tmp_1341
            {
                name = "Text_365";
                x1 = 95;
                y1 = 0;
                x2 = 95;
                y2 = 0;
                string = "Class:";
                fontname = "Courier New";
                fontcolor = 162;
                fonttype = 2;
                fontsize = 2.38;
                fontratio = 1;
                fontslant = 0;
                fontstyle = 0;
                angle = 0;
                justify = LEFT;
                pen = 0;
            };
        };

        row _tmp_1342
        {
            name = "Row_56";
            height = 1;
            visibility = TRUE;
            usecolumns = FALSE;
            rule = "if (GetValue(\"MATERIAL_TYPE\") != \"CONCRETE\" ) then\n  Output()\nelse\n  StepOver()\nendif\n";
            contenttype = "PART";
            sorttype = COMBINE;

            valuefield _tmp_1343
            {
                name = "ValueField_214";
                location = (29, 0);
                formula = "GetValue(\"NAME\")";
                datatype = STRING;
                class = "";
                cacheable = TRUE;
                justify = LEFT;
                visibility = TRUE;
                angle = 0;
                length = 10;
                sortdirection = ASCENDING;
                fontname = "Courier New";
                fontcolor = 153;
                fonttype = 2;
                fontsize = 1;
                fontratio = 1;
                fontstyle = 0;
                fontslant = 0;
                pen = 0;
                oncombine = NONE;
            };

            valuefield _tmp_1344
            {
                name = "ValueField_215";
                location = (42, 0);
                formula = "GetValue(\"MATERIAL\")";
                datatype = STRING;
                class = "";
                cacheable = TRUE;
                justify = LEFT;
                visibility = TRUE;
                angle = 0;
                length = 7;
                sortdirection = ASCENDING;
                fontname = "Courier New";
                fontcolor = 153;
                fonttype = 2;
                fontsize = 1;
                fontratio = 1;
                fontstyle = 0;
                fontslant = 0;
                pen = 0;
                oncombine = NONE;
            };

            valuefield _tmp_1345
            {
                name = "ValueField_216";
                location = (53, 0);
                formula = "GetValue(\"PROFILE\")";
                datatype = STRING;
                class = "";
                cacheable = TRUE;
                justify = LEFT;
                visibility = TRUE;
                angle = 0;
                length = 14;
                sortdirection = ASCENDING;
                fontname = "Courier New";
                fontcolor = 153;
                fonttype = 2;
                fontsize = 1;
                fontratio = 1;
                fontstyle = 0;
                fontslant = 0;
                pen = 0;
                oncombine = NONE;
            };

            valuefield _tmp_1346
            {
                name = "ValueField_217";
                location = (69, 0);
                formula = "GetValue(\"MAINPART.LENGTH\")";
                datatype = DOUBLE;
                class = "Length";
                cacheable = TRUE;
                justify = RIGHT;
                visibility = TRUE;
                angle = 0;
                length = 12;
                decimals = 0;
                sortdirection = ASCENDING;
                fontname = "Courier New";
                fontcolor = 153;
                fonttype = 2;
                fontsize = 1;
                fontratio = 1;
                fontstyle = 0;
                fontslant = 0;
                pen = 0;
                oncombine = NONE;
                unit = "mm";
            };

            valuefield _tmp_1347
            {
                name = "ValueField_218";
                location = (83, 0);
                formula = "GetValue(\"MAINPART.FINISH\")";
                datatype = STRING;
                class = "";
                cacheable = TRUE;
                justify = LEFT;
                visibility = TRUE;
                angle = 0;
                length = 10;
                sortdirection = ASCENDING;
                fontname = "Courier New";
                fontcolor = 153;
                fonttype = 2;
                fontsize = 1;
                fontratio = 1;
                fontstyle = 0;
                fontslant = 0;
                pen = 0;
                oncombine = NONE;
            };

            valuefield _tmp_1348
            {
                name = "ValueField_219";
                location = (95, 0);
                formula = "GetValue(\"MAINPART.CLASS_ATTR\")";
                datatype = STRING;
                class = "";
                cacheable = TRUE;
                justify = LEFT;
                visibility = TRUE;
                angle = 0;
                length = 6;
                sortdirection = ASCENDING;
                fontname = "Courier New";
                fontcolor = 153;
                fonttype = 2;
                fontsize = 1;
                fontratio = 1;
                fontstyle = 0;
                fontslant = 0;
                pen = 0;
                oncombine = NONE;
            };

            valuefield _tmp_1349
            {
                name = "ValueField_220";
                location = (22, 0);
                formula = "GetValue(\"NUMBER\")";
                datatype = INTEGER;
                class = "";
                cacheable = TRUE;
                justify = LEFT;
                visibility = TRUE;
                angle = 0;
                length = 3;
                sortdirection = NONE;
                fontname = "Courier New";
                fontcolor = 153;
                fonttype = 2;
                fontsize = 1;
                fontratio = 1;
                fontstyle = 0;
                fontslant = 0;
                pen = 0;
                oncombine = SUM;
            };

            valuefield _tmp_1350
            {
                name = "ValueField_221";
                location = (104, 0);
                formula = "GetValue(\"USERDEFINED.USER_FIELD_1\")";
                datatype = STRING;
                class = "";
                cacheable = TRUE;
                justify = LEFT;
                visibility = TRUE;
                angle = 0;
                length = 20;
                sortdirection = NONE;
                fontname = "Courier New";
                fontcolor = 153;
                fonttype = 2;
                fontsize = 1;
                fontratio = 1;
                fontstyle = 0;
                fontslant = 0;
                pen = 0;
                oncombine = NONE;
            };
        };

        row _tmp_1351
        {
            name = "Row_57";
            height = 3;
            visibility = FALSE;
            usecolumns = FALSE;
            rule = "";
            contenttype = "PART";
            sorttype = COMBINE;

            row _tmp_1352
            {
                name = "Row_58";
                height = 3;
                visibility = TRUE;
                usecolumns = FALSE;
                rule = "if (GetValue(\"SHAPE\") == \"STR\") then\r\n  Output()\r\nelse\r\n  StepOver()\r\nendif\r\n";
                contenttype = "REBAR";
                sorttype = COMBINE;

                text _tmp_1353
                {
                    name = "Text_366";
                    x1 = 15;
                    y1 = 2;
                    x2 = 15;
                    y2 = 2;
                    string = "_____________________________________________________________________________________";
                    fontname = "Courier New";
                    fontcolor = 162;
                    fonttype = 2;
                    fontsize = 2.38;
                    fontratio = 1;
                    fontslant = 0;
                    fontstyle = 0;
                    angle = 0;
                    justify = LEFT;
                    pen = 0;
                };

                text _tmp_1354
                {
                    name = "Text_367";
                    x1 = 45;
                    y1 = 0;
                    x2 = 45;
                    y2 = 0;
                    string = "Size:";
                    fontname = "Courier New";
                    fontcolor = 162;
                    fonttype = 2;
                    fontsize = 2.38;
                    fontratio = 1;
                    fontslant = 0;
                    fontstyle = 0;
                    angle = 0;
                    justify = LEFT;
                    pen = 0;
                };

                text _tmp_1355
                {
                    name = "Text_368";
                    x1 = 15;
                    y1 = 1;
                    x2 = 15;
                    y2 = 1;
                    string = "Straight Rebar List:";
                    fontname = "Courier New";
                    fontcolor = 162;
                    fonttype = 2;
                    fontsize = 2.38;
                    fontratio = 1;
                    fontslant = 0;
                    fontstyle = 0;
                    angle = 0;
                    justify = LEFT;
                    pen = 0;
                };

                text _tmp_1356
                {
                    name = "Text_369";
                    x1 = 22;
                    y1 = 0;
                    x2 = 22;
                    y2 = 0;
                    string = "Qty:";
                    fontname = "Courier New";
                    fontcolor = 162;
                    fonttype = 2;
                    fontsize = 1;
                    fontratio = 1;
                    fontslant = 0;
                    fontstyle = 0;
                    angle = 0;
                    justify = LEFT;
                    pen = 0;
                };

                text _tmp_1357
                {
                    name = "Text_370";
                    x1 = 52;
                    y1 = 0;
                    x2 = 52;
                    y2 = 0;
                    string = "Length(mm):";
                    fontname = "Courier New";
                    fontcolor = 162;
                    fonttype = 2;
                    fontsize = 2.38;
                    fontratio = 1;
                    fontslant = 0;
                    fontstyle = 0;
                    angle = 0;
                    justify = LEFT;
                    pen = 0;
                };

                text _tmp_1358
                {
                    name = "Text_371";
                    x1 = 33;
                    y1 = 0;
                    x2 = 33;
                    y2 = 0;
                    string = "Grade:";
                    fontname = "Courier New";
                    fontcolor = 162;
                    fonttype = 2;
                    fontsize = 2.38;
                    fontratio = 1;
                    fontslant = 0;
                    fontstyle = 0;
                    angle = 0;
                    justify = LEFT;
                    pen = 0;
                };

                text _tmp_1359
                {
                    name = "Text_372";
                    x1 = 65;
                    y1 = 0;
                    x2 = 65;
                    y2 = 0;
                    string = "Length(mm):";
                    fontname = "Courier New";
                    fontcolor = 162;
                    fonttype = 2;
                    fontsize = 2.38;
                    fontratio = 1;
                    fontslant = 0;
                    fontstyle = 0;
                    angle = 0;
                    justify = LEFT;
                    pen = 0;
                };

                text _tmp_1360
                {
                    name = "Text_373";
                    x1 = 65;
                    y1 = 1;
                    x2 = 65;
                    y2 = 1;
                    string = "Total";
                    fontname = "Courier New";
                    fontcolor = 162;
                    fonttype = 2;
                    fontsize = 2.38;
                    fontratio = 1;
                    fontslant = 0;
                    fontstyle = 0;
                    angle = 0;
                    justify = LEFT;
                    pen = 0;
                };

                text _tmp_1361
                {
                    name = "Text_374";
                    x1 = 79;
                    y1 = 1;
                    x2 = 79;
                    y2 = 1;
                    string = "Total";
                    fontname = "Courier New";
                    fontcolor = 162;
                    fonttype = 2;
                    fontsize = 2.38;
                    fontratio = 1;
                    fontslant = 0;
                    fontstyle = 0;
                    angle = 0;
                    justify = LEFT;
                    pen = 0;
                };

                text _tmp_1362
                {
                    name = "Text_375";
                    x1 = 79;
                    y1 = 0;
                    x2 = 79;
                    y2 = 0;
                    string = "Weight(kg):";
                    fontname = "Courier New";
                    fontcolor = 162;
                    fonttype = 2;
                    fontsize = 2.38;
                    fontratio = 1;
                    fontslant = 0;
                    fontstyle = 0;
                    angle = 0;
                    justify = LEFT;
                    pen = 0;
                };
            };

            row _tmp_1363
            {
                name = "Row_59";
                height = 1;
                visibility = TRUE;
                usecolumns = FALSE;
                rule = "if (GetValue(\"SHAPE\") == \"STR\") then\r\n  Output()\r\nelse\r\n  StepOver()\r\nendif\r\n";
                contenttype = "REBAR";
                sorttype = COMBINE;

                valuefield _tmp_1364
                {
                    name = "ValueField_222";
                    location = (33, 0);
                    formula = "GetValue(\"GRADE\")";
                    datatype = STRING;
                    class = "";
                    cacheable = TRUE;
                    justify = LEFT;
                    visibility = TRUE;
                    angle = 0;
                    length = 7;
                    decimals = 0;
                    sortdirection = ASCENDING;
                    fontname = "Courier New";
                    fontcolor = 153;
                    fonttype = 2;
                    fontsize = 1;
                    fontratio = 1;
                    fontstyle = 0;
                    fontslant = 0;
                    pen = 0;
                    oncombine = NONE;
                };

                valuefield _tmp_1365
                {
                    name = "ValueField_223";
                    location = (44, 0);
                    formula = "GetValue(\"SIZE\")";
                    datatype = STRING;
                    class = "";
                    cacheable = TRUE;
                    justify = CENTERED;
                    visibility = TRUE;
                    angle = 0;
                    length = 6;
                    decimals = 0;
                    sortdirection = ASCENDING;
                    fontname = "Courier New";
                    fontcolor = 153;
                    fonttype = 2;
                    fontsize = 1;
                    fontratio = 1;
                    fontstyle = 0;
                    fontslant = 0;
                    pen = 0;
                    oncombine = NONE;
                };

                valuefield _tmp_1366
                {
                    name = "ValueField_224";
                    location = (53, 0);
                    formula = "GetValue(\"LENGTH\")";
                    datatype = DOUBLE;
                    class = "Length";
                    cacheable = TRUE;
                    justify = RIGHT;
                    visibility = TRUE;
                    angle = 0;
                    length = 8;
                    decimals = 0;
                    sortdirection = ASCENDING;
                    fontname = "Courier New";
                    fontcolor = 153;
                    fonttype = 2;
                    fontsize = 1;
                    fontratio = 1;
                    fontstyle = 0;
                    fontslant = 0;
                    pen = 0;
                    oncombine = NONE;
                    unit = "mm";
                };

                valuefield _tmp_1367
                {
                    name = "ValueField_225";
                    location = (22, 0);
                    formula = "GetValue(\"NUMBER\")";
                    datatype = INTEGER;
                    class = "";
                    cacheable = TRUE;
                    justify = RIGHT;
                    visibility = TRUE;
                    angle = 0;
                    length = 3;
                    decimals = 0;
                    sortdirection = NONE;
                    fontname = "Courier New";
                    fontcolor = 153;
                    fonttype = 2;
                    fontsize = 1;
                    fontratio = 1;
                    fontstyle = 0;
                    fontslant = 0;
                    pen = 0;
                    oncombine = SUM;
                };

                valuefield _tmp_1368
                {
                    name = "ValueField_226";
                    location = (64, 0);
                    formula = "GetValue(\"LENGTH\")*GetValue(\"NUMBER\")";
                    datatype = DOUBLE;
                    class = "Length";
                    cacheable = TRUE;
                    justify = RIGHT;
                    visibility = TRUE;
                    angle = 0;
                    length = 10;
                    decimals = 0;
                    sortdirection = NONE;
                    fontname = "Courier New";
                    fontcolor = 153;
                    fonttype = 2;
                    fontsize = 1;
                    fontratio = 1;
                    fontstyle = 0;
                    fontslant = 0;
                    pen = 0;
                    oncombine = SUM;
                    unit = "mm";
                };

                valuefield _tmp_1369
                {
                    name = "ValueField_227";
                    location = (80, 0);
                    formula = "GetValue(\"WEIGHT_TOTAL\")";
                    datatype = DOUBLE;
                    class = "Weight";
                    cacheable = TRUE;
                    justify = RIGHT;
                    visibility = TRUE;
                    angle = 0;
                    length = 8;
                    decimals = 0;
                    sortdirection = NONE;
                    fontname = "Courier New";
                    fontcolor = 153;
                    fonttype = 2;
                    fontsize = 1;
                    fontratio = 1;
                    fontstyle = 0;
                    fontslant = 0;
                    pen = 0;
                    oncombine = SUM;
                    unit = "kg";
                };
            };

            row _tmp_1370
            {
                name = "Row_60";
                height = 3;
                visibility = TRUE;
                usecolumns = FALSE;
                rule = "if (GetValue(\"SHAPE\") != \"STR\") then\r\n  Output()\r\nelse\r\n  StepOver()\r\nendif";
                contenttype = "REBAR";
                sorttype = COMBINE;

                text _tmp_1371
                {
                    name = "Text_376";
                    x1 = 15;
                    y1 = 1;
                    x2 = 15;
                    y2 = 1;
                    string = "Bent Rebar List:";
                    fontname = "Courier New";
                    fontcolor = 162;
                    fonttype = 2;
                    fontsize = 2.38;
                    fontratio = 1;
                    fontslant = 0;
                    fontstyle = 0;
                    angle = 0;
                    justify = LEFT;
                    pen = 0;
                };

                text _tmp_1372
                {
                    name = "Text_377";
                    x1 = 15;
                    y1 = 2;
                    x2 = 15;
                    y2 = 2;
                    string = "_____________________________________________________________________________________";
                    fontname = "Courier New";
                    fontcolor = 162;
                    fonttype = 2;
                    fontsize = 2.38;
                    fontratio = 1;
                    fontslant = 0;
                    fontstyle = 0;
                    angle = 0;
                    justify = LEFT;
                    pen = 0;
                };

                text _tmp_1373
                {
                    name = "Text_378";
                    x1 = 27;
                    y1 = 0;
                    x2 = 27;
                    y2 = 0;
                    string = "Typ:";
                    fontname = "Courier New";
                    fontcolor = 162;
                    fonttype = 2;
                    fontsize = 1;
                    fontratio = 1;
                    fontslant = 0;
                    fontstyle = 0;
                    angle = 0;
                    justify = LEFT;
                    pen = 0;
                };

                text _tmp_1374
                {
                    name = "Text_379";
                    x1 = 22;
                    y1 = 0;
                    x2 = 22;
                    y2 = 0;
                    string = "Qty:";
                    fontname = "Courier New";
                    fontcolor = 162;
                    fonttype = 2;
                    fontsize = 1;
                    fontratio = 1;
                    fontslant = 0;
                    fontstyle = 0;
                    angle = 0;
                    justify = LEFT;
                    pen = 0;
                };

                text _tmp_1375
                {
                    name = "Text_380";
                    x1 = 33;
                    y1 = 0;
                    x2 = 33;
                    y2 = 0;
                    string = "Grade:";
                    fontname = "Courier New";
                    fontcolor = 162;
                    fonttype = 2;
                    fontsize = 2.38;
                    fontratio = 1;
                    fontslant = 0;
                    fontstyle = 0;
                    angle = 0;
                    justify = LEFT;
                    pen = 0;
                };

                text _tmp_1376
                {
                    name = "Text_381";
                    x1 = 45;
                    y1 = 0;
                    x2 = 45;
                    y2 = 0;
                    string = "Size:";
                    fontname = "Courier New";
                    fontcolor = 162;
                    fonttype = 2;
                    fontsize = 2.38;
                    fontratio = 1;
                    fontslant = 0;
                    fontstyle = 0;
                    angle = 0;
                    justify = LEFT;
                    pen = 0;
                };

                text _tmp_1377
                {
                    name = "Text_382";
                    x1 = 52;
                    y1 = 0;
                    x2 = 52;
                    y2 = 0;
                    string = "Length(mm):";
                    fontname = "Courier New";
                    fontcolor = 162;
                    fonttype = 2;
                    fontsize = 2.38;
                    fontratio = 1;
                    fontslant = 0;
                    fontstyle = 0;
                    angle = 0;
                    justify = LEFT;
                    pen = 0;
                };

                text _tmp_1378
                {
                    name = "Text_383";
                    x1 = 65;
                    y1 = 1;
                    x2 = 65;
                    y2 = 1;
                    string = "Total";
                    fontname = "Courier New";
                    fontcolor = 162;
                    fonttype = 2;
                    fontsize = 2.38;
                    fontratio = 1;
                    fontslant = 0;
                    fontstyle = 0;
                    angle = 0;
                    justify = LEFT;
                    pen = 0;
                };

                text _tmp_1379
                {
                    name = "Text_384";
                    x1 = 65;
                    y1 = 0;
                    x2 = 65;
                    y2 = 0;
                    string = "Length(mm):";
                    fontname = "Courier New";
                    fontcolor = 162;
                    fonttype = 2;
                    fontsize = 2.38;
                    fontratio = 1;
                    fontslant = 0;
                    fontstyle = 0;
                    angle = 0;
                    justify = LEFT;
                    pen = 0;
                };

                text _tmp_1380
                {
                    name = "Text_385";
                    x1 = 79;
                    y1 = 1;
                    x2 = 79;
                    y2 = 1;
                    string = "Total";
                    fontname = "Courier New";
                    fontcolor = 162;
                    fonttype = 2;
                    fontsize = 2.38;
                    fontratio = 1;
                    fontslant = 0;
                    fontstyle = 0;
                    angle = 0;
                    justify = LEFT;
                    pen = 0;
                };

                text _tmp_1381
                {
                    name = "Text_386";
                    x1 = 79;
                    y1 = 0;
                    x2 = 79;
                    y2 = 0;
                    string = "Weight(kg):";
                    fontname = "Courier New";
                    fontcolor = 162;
                    fonttype = 2;
                    fontsize = 2.38;
                    fontratio = 1;
                    fontslant = 0;
                    fontstyle = 0;
                    angle = 0;
                    justify = LEFT;
                    pen = 0;
                };
            };

            row _tmp_1382
            {
                name = "Row_61";
                height = 1;
                visibility = TRUE;
                usecolumns = FALSE;
                rule = "if (GetValue(\"SHAPE\") != \"STR\") then\r\n  Output()\r\nelse\r\n  StepOver()\r\nendif\r\n";
                contenttype = "REBAR";
                sorttype = COMBINE;

                valuefield _tmp_1383
                {
                    name = "ValueField_228";
                    location = (33, 0);
                    formula = "GetValue(\"GRADE\")";
                    datatype = STRING;
                    class = "";
                    cacheable = TRUE;
                    justify = LEFT;
                    visibility = TRUE;
                    angle = 0;
                    length = 7;
                    decimals = 0;
                    sortdirection = ASCENDING;
                    fontname = "Courier New";
                    fontcolor = 153;
                    fonttype = 2;
                    fontsize = 1;
                    fontratio = 1;
                    fontstyle = 0;
                    fontslant = 0;
                    pen = 0;
                    oncombine = NONE;
                };

                valuefield _tmp_1384
                {
                    name = "ValueField_229";
                    location = (44, 0);
                    formula = "GetValue(\"SIZE\")";
                    datatype = STRING;
                    class = "";
                    cacheable = TRUE;
                    justify = CENTERED;
                    visibility = TRUE;
                    angle = 0;
                    length = 6;
                    decimals = 0;
                    sortdirection = ASCENDING;
                    fontname = "Courier New";
                    fontcolor = 153;
                    fonttype = 2;
                    fontsize = 1;
                    fontratio = 1;
                    fontstyle = 0;
                    fontslant = 0;
                    pen = 0;
                    oncombine = NONE;
                };

                valuefield _tmp_1385
                {
                    name = "ValueField_230";
                    location = (27, 0);
                    formula = "GetValue(\"SHAPE\")";
                    datatype = STRING;
                    class = "";
                    cacheable = TRUE;
                    justify = LEFT;
                    visibility = TRUE;
                    angle = 0;
                    length = 4;
                    decimals = 0;
                    sortdirection = ASCENDING;
                    fontname = "Courier New";
                    fontcolor = 153;
                    fonttype = 2;
                    fontsize = 1;
                    fontratio = 1;
                    fontstyle = 0;
                    fontslant = 0;
                    pen = 0;
                    oncombine = NONE;
                };

                valuefield _tmp_1386
                {
                    name = "ValueField_231";
                    location = (53, 0);
                    formula = "GetValue(\"LENGTH\")";
                    datatype = DOUBLE;
                    class = "Length";
                    cacheable = TRUE;
                    justify = RIGHT;
                    visibility = TRUE;
                    angle = 0;
                    length = 8;
                    decimals = 0;
                    sortdirection = ASCENDING;
                    fontname = "Courier New";
                    fontcolor = 153;
                    fonttype = 2;
                    fontsize = 1;
                    fontratio = 1;
                    fontstyle = 0;
                    fontslant = 0;
                    pen = 0;
                    oncombine = NONE;
                    unit = "mm";
                };

                valuefield _tmp_1387
                {
                    name = "ValueField_232";
                    location = (22, 0);
                    formula = "GetValue(\"NUMBER\")";
                    datatype = INTEGER;
                    class = "";
                    cacheable = TRUE;
                    justify = RIGHT;
                    visibility = TRUE;
                    angle = 0;
                    length = 3;
                    decimals = 0;
                    sortdirection = NONE;
                    fontname = "Courier New";
                    fontcolor = 153;
                    fonttype = 2;
                    fontsize = 1;
                    fontratio = 1;
                    fontstyle = 0;
                    fontslant = 0;
                    pen = 0;
                    oncombine = SUM;
                };

                valuefield _tmp_1388
                {
                    name = "ValueField_233";
                    location = (64, 0);
                    formula = "GetValue(\"LENGTH\")*GetValue(\"NUMBER\")";
                    datatype = DOUBLE;
                    class = "Length";
                    cacheable = TRUE;
                    justify = RIGHT;
                    visibility = TRUE;
                    angle = 0;
                    length = 10;
                    decimals = 0;
                    sortdirection = NONE;
                    fontname = "Courier New";
                    fontcolor = 153;
                    fonttype = 2;
                    fontsize = 1;
                    fontratio = 1;
                    fontstyle = 0;
                    fontslant = 0;
                    pen = 0;
                    oncombine = SUM;
                    unit = "mm";
                };

                valuefield _tmp_1389
                {
                    name = "ValueField_234";
                    location = (80, 0);
                    formula = "GetValue(\"WEIGHT_TOTAL\")";
                    datatype = DOUBLE;
                    class = "Weight";
                    cacheable = TRUE;
                    justify = RIGHT;
                    visibility = TRUE;
                    angle = 0;
                    length = 8;
                    decimals = 0;
                    sortdirection = NONE;
                    fontname = "Courier New";
                    fontcolor = 153;
                    fonttype = 2;
                    fontsize = 1;
                    fontratio = 1;
                    fontstyle = 0;
                    fontslant = 0;
                    pen = 0;
                    oncombine = SUM;
                    unit = "kg";
                };
            };

            row _tmp_1390
            {
                name = "Row_62";
                height = 3;
                visibility = TRUE;
                usecolumns = FALSE;
                rule = "";
                contenttype = "STRAND";
                sorttype = COMBINE;

                text _tmp_1391
                {
                    name = "Text_387";
                    x1 = 15;
                    y1 = 2;
                    x2 = 15;
                    y2 = 2;
                    string = "_____________________________________________________________________________________";
                    fontname = "Courier New";
                    fontcolor = 162;
                    fonttype = 2;
                    fontsize = 2.38;
                    fontratio = 1;
                    fontslant = 0;
                    fontstyle = 0;
                    angle = 0;
                    justify = LEFT;
                    pen = 0;
                };

                text _tmp_1392
                {
                    name = "Text_388";
                    x1 = 15;
                    y1 = 1;
                    x2 = 15;
                    y2 = 1;
                    string = "Strand:";
                    fontname = "Courier New";
                    fontcolor = 162;
                    fonttype = 2;
                    fontsize = 2.38;
                    fontratio = 1;
                    fontslant = 0;
                    fontstyle = 0;
                    angle = 0;
                    justify = LEFT;
                    pen = 0;
                };

                text _tmp_1393
                {
                    name = "Text_389";
                    x1 = 33;
                    y1 = 0;
                    x2 = 33;
                    y2 = 0;
                    string = "Grade:";
                    fontname = "Courier New";
                    fontcolor = 162;
                    fonttype = 2;
                    fontsize = 2.38;
                    fontratio = 1;
                    fontslant = 0;
                    fontstyle = 0;
                    angle = 0;
                    justify = LEFT;
                    pen = 0;
                };

                text _tmp_1394
                {
                    name = "Text_390";
                    x1 = 22;
                    y1 = 0;
                    x2 = 22;
                    y2 = 0;
                    string = "Qty:";
                    fontname = "Courier New";
                    fontcolor = 162;
                    fonttype = 2;
                    fontsize = 1;
                    fontratio = 1;
                    fontslant = 0;
                    fontstyle = 0;
                    angle = 0;
                    justify = LEFT;
                    pen = 0;
                };

                text _tmp_1395
                {
                    name = "Text_391";
                    x1 = 52;
                    y1 = 0;
                    x2 = 52;
                    y2 = 0;
                    string = "Length(mm):";
                    fontname = "Courier New";
                    fontcolor = 162;
                    fonttype = 2;
                    fontsize = 2.38;
                    fontratio = 1;
                    fontslant = 0;
                    fontstyle = 0;
                    angle = 0;
                    justify = LEFT;
                    pen = 0;
                };

                text _tmp_1396
                {
                    name = "Text_392";
                    x1 = 94;
                    y1 = 0;
                    x2 = 94;
                    y2 = 0;
                    string = "Pi (KN):";
                    fontname = "Courier New";
                    fontcolor = 162;
                    fonttype = 2;
                    fontsize = 2.38;
                    fontratio = 1;
                    fontslant = 0;
                    fontstyle = 0;
                    angle = 0;
                    justify = LEFT;
                    pen = 0;
                };

                text _tmp_1397
                {
                    name = "Text_393";
                    x1 = 65;
                    y1 = 1;
                    x2 = 65;
                    y2 = 1;
                    string = "Total";
                    fontname = "Courier New";
                    fontcolor = 162;
                    fonttype = 2;
                    fontsize = 2.38;
                    fontratio = 1;
                    fontslant = 0;
                    fontstyle = 0;
                    angle = 0;
                    justify = LEFT;
                    pen = 0;
                };

                text _tmp_1398
                {
                    name = "Text_394";
                    x1 = 65;
                    y1 = 0;
                    x2 = 65;
                    y2 = 0;
                    string = "Length(mm):";
                    fontname = "Courier New";
                    fontcolor = 162;
                    fonttype = 2;
                    fontsize = 2.38;
                    fontratio = 1;
                    fontslant = 0;
                    fontstyle = 0;
                    angle = 0;
                    justify = LEFT;
                    pen = 0;
                };

                text _tmp_1399
                {
                    name = "Text_395";
                    x1 = 45;
                    y1 = 0;
                    x2 = 45;
                    y2 = 0;
                    string = "Size:";
                    fontname = "Courier New";
                    fontcolor = 162;
                    fonttype = 2;
                    fontsize = 2.38;
                    fontratio = 1;
                    fontslant = 0;
                    fontstyle = 0;
                    angle = 0;
                    justify = LEFT;
                    pen = 0;
                };

                text _tmp_1400
                {
                    name = "Text_396";
                    x1 = 79;
                    y1 = 1;
                    x2 = 79;
                    y2 = 1;
                    string = "Total";
                    fontname = "Courier New";
                    fontcolor = 162;
                    fonttype = 2;
                    fontsize = 2.38;
                    fontratio = 1;
                    fontslant = 0;
                    fontstyle = 0;
                    angle = 0;
                    justify = LEFT;
                    pen = 0;
                };

                text _tmp_1401
                {
                    name = "Text_397";
                    x1 = 79;
                    y1 = 0;
                    x2 = 79;
                    y2 = 0;
                    string = "Weight(kg):";
                    fontname = "Courier New";
                    fontcolor = 162;
                    fonttype = 2;
                    fontsize = 2.38;
                    fontratio = 1;
                    fontslant = 0;
                    fontstyle = 0;
                    angle = 0;
                    justify = LEFT;
                    pen = 0;
                };
            };

            row _tmp_1402
            {
                name = "Row_63";
                height = 1;
                visibility = TRUE;
                usecolumns = FALSE;
                rule = "";
                contenttype = "STRAND";
                sorttype = COMBINE;

                valuefield _tmp_1403
                {
                    name = "ValueField_235";
                    location = (33, 0);
                    formula = "GetValue(\"MATERIAL\")";
                    datatype = STRING;
                    class = "";
                    cacheable = TRUE;
                    justify = LEFT;
                    visibility = TRUE;
                    angle = 0;
                    length = 7;
                    decimals = 0;
                    sortdirection = ASCENDING;
                    fontname = "Courier New";
                    fontcolor = 153;
                    fonttype = 2;
                    fontsize = 1;
                    fontratio = 1;
                    fontstyle = 0;
                    fontslant = 0;
                    pen = 0;
                    oncombine = NONE;
                };

                valuefield _tmp_1404
                {
                    name = "ValueField_236";
                    location = (53, 0);
                    formula = "GetValue(\"LENGTH\")";
                    datatype = DOUBLE;
                    class = "Length";
                    cacheable = TRUE;
                    justify = RIGHT;
                    visibility = TRUE;
                    angle = 0;
                    length = 8;
                    decimals = 0;
                    sortdirection = ASCENDING;
                    fontname = "Courier New";
                    fontcolor = 153;
                    fonttype = 2;
                    fontsize = 1;
                    fontratio = 1;
                    fontstyle = 0;
                    fontslant = 0;
                    pen = 0;
                    oncombine = NONE;
                    unit = "mm";
                };

                valuefield _tmp_1405
                {
                    name = "ValueField_237";
                    location = (94, 0);
                    formula = "GetValue(\"STRAND_PULL_FORCE\")";
                    datatype = DOUBLE;
                    class = "Force";
                    cacheable = TRUE;
                    justify = RIGHT;
                    visibility = TRUE;
                    angle = 0;
                    length = 8;
                    decimals = 2;
                    sortdirection = ASCENDING;
                    fontname = "Courier New";
                    fontcolor = 153;
                    fonttype = 2;
                    fontsize = 1;
                    fontratio = 1;
                    fontstyle = 0;
                    fontslant = 0;
                    pen = 0;
                    oncombine = NONE;
                    unit = "kN";
                };

                valuefield _tmp_1406
                {
                    name = "ValueField_238";
                    location = (22, 0);
                    formula = "GetValue(\"NUMBER\")";
                    datatype = INTEGER;
                    class = "";
                    cacheable = TRUE;
                    justify = RIGHT;
                    visibility = TRUE;
                    angle = 0;
                    length = 3;
                    decimals = 0;
                    sortdirection = NONE;
                    fontname = "Courier New";
                    fontcolor = 153;
                    fonttype = 2;
                    fontsize = 1;
                    fontratio = 1;
                    fontstyle = 0;
                    fontslant = 0;
                    pen = 0;
                    oncombine = SUM;
                };

                valuefield _tmp_1407
                {
                    name = "ValueField_239";
                    location = (64, 0);
                    formula = "GetValue(\"NUMBER\")*GetValue(\"LENGTH\")";
                    datatype = DOUBLE;
                    class = "Length";
                    cacheable = TRUE;
                    justify = RIGHT;
                    visibility = TRUE;
                    angle = 0;
                    length = 10;
                    decimals = 0;
                    sortdirection = NONE;
                    fontname = "Courier New";
                    fontcolor = 153;
                    fonttype = 2;
                    fontsize = 1;
                    fontratio = 1;
                    fontstyle = 0;
                    fontslant = 0;
                    pen = 0;
                    oncombine = SUM;
                    unit = "mm";
                };

                valuefield _tmp_1408
                {
                    name = "ValueField_240";
                    location = (44, 0);
                    formula = "GetValue(\"SIZE\")";
                    datatype = STRING;
                    class = "";
                    cacheable = TRUE;
                    justify = CENTERED;
                    visibility = TRUE;
                    angle = 0;
                    length = 6;
                    decimals = 0;
                    sortdirection = ASCENDING;
                    fontname = "Courier New";
                    fontcolor = 153;
                    fonttype = 2;
                    fontsize = 1;
                    fontratio = 1;
                    fontstyle = 0;
                    fontslant = 0;
                    pen = 0;
                    oncombine = NONE;
                };

                valuefield _tmp_1409
                {
                    name = "ValueField_241";
                    location = (80, 0);
                    formula = "GetValue(\"WEIGHT_TOTAL\")";
                    datatype = DOUBLE;
                    class = "Weight";
                    cacheable = TRUE;
                    justify = RIGHT;
                    visibility = TRUE;
                    angle = 0;
                    length = 8;
                    decimals = 0;
                    sortdirection = NONE;
                    fontname = "Courier New";
                    fontcolor = 153;
                    fonttype = 2;
                    fontsize = 1;
                    fontratio = 1;
                    fontstyle = 0;
                    fontslant = 0;
                    pen = 0;
                    oncombine = SUM;
                    unit = "kg";
                };
            };

            row _tmp_1410
            {
                name = "Row_64";
                height = 3;
                visibility = TRUE;
                usecolumns = FALSE;
                rule = "";
                contenttype = "MESH";
                sorttype = COMBINE;

                text _tmp_1411
                {
                    name = "Text_398";
                    x1 = 15;
                    y1 = 1;
                    x2 = 15;
                    y2 = 1;
                    string = "Mesh:";
                    fontname = "Courier New";
                    fontcolor = 162;
                    fonttype = 2;
                    fontsize = 2.38;
                    fontratio = 1;
                    fontslant = 0;
                    fontstyle = 0;
                    angle = 0;
                    justify = LEFT;
                    pen = 0;
                };

                text _tmp_1412
                {
                    name = "Text_399";
                    x1 = 15;
                    y1 = 2;
                    x2 = 15;
                    y2 = 2;
                    string = "_____________________________________________________________________________________";
                    fontname = "Courier New";
                    fontcolor = 162;
                    fonttype = 2;
                    fontsize = 2.38;
                    fontratio = 1;
                    fontslant = 0;
                    fontstyle = 0;
                    angle = 0;
                    justify = LEFT;
                    pen = 0;
                };

                text _tmp_1413
                {
                    name = "Text_400";
                    x1 = 45;
                    y1 = 0;
                    x2 = 45;
                    y2 = 0;
                    string = "Catalog Size:";
                    fontname = "Courier New";
                    fontcolor = 162;
                    fonttype = 2;
                    fontsize = 2.38;
                    fontratio = 1;
                    fontslant = 0;
                    fontstyle = 0;
                    angle = 0;
                    justify = LEFT;
                    pen = 0;
                };

                text _tmp_1414
                {
                    name = "Text_401";
                    x1 = 73;
                    y1 = 0;
                    x2 = 73;
                    y2 = 0;
                    string = "Area (§³):";
                    fontname = "Courier New";
                    fontcolor = 162;
                    fonttype = 2;
                    fontsize = 2.38;
                    fontratio = 1;
                    fontslant = 0;
                    fontstyle = 0;
                    angle = 0;
                    justify = LEFT;
                    pen = 0;
                };

                text _tmp_1415
                {
                    name = "Text_402";
                    x1 = 33;
                    y1 = 0;
                    x2 = 33;
                    y2 = 0;
                    string = "Grade:";
                    fontname = "Courier New";
                    fontcolor = 162;
                    fonttype = 2;
                    fontsize = 2.38;
                    fontratio = 1;
                    fontslant = 0;
                    fontstyle = 0;
                    angle = 0;
                    justify = LEFT;
                    pen = 0;
                };

                text _tmp_1416
                {
                    name = "Text_403";
                    x1 = 22;
                    y1 = 0;
                    x2 = 22;
                    y2 = 0;
                    string = "Qty:";
                    fontname = "Courier New";
                    fontcolor = 162;
                    fonttype = 2;
                    fontsize = 1;
                    fontratio = 1;
                    fontslant = 0;
                    fontstyle = 0;
                    angle = 0;
                    justify = LEFT;
                    pen = 0;
                };
            };

            row _tmp_1417
            {
                name = "Row_65";
                height = 1;
                visibility = TRUE;
                usecolumns = FALSE;
                rule = "";
                contenttype = "MESH";
                sorttype = COMBINE;

                valuefield _tmp_1418
                {
                    name = "ValueField_242";
                    location = (33, 0);
                    formula = "GetValue(\"GRADE\")";
                    datatype = STRING;
                    class = "";
                    cacheable = TRUE;
                    justify = LEFT;
                    visibility = TRUE;
                    angle = 0;
                    length = 8;
                    decimals = 0;
                    sortdirection = ASCENDING;
                    fontname = "Courier New";
                    fontcolor = 153;
                    fonttype = 2;
                    fontsize = 1;
                    fontratio = 1;
                    fontstyle = 0;
                    fontslant = 0;
                    pen = 0;
                    oncombine = NONE;
                };

                valuefield _tmp_1419
                {
                    name = "ValueField_243";
                    location = (45, 0);
                    formula = "GetValue(\"CATALOG_NAME\")";
                    datatype = STRING;
                    class = "";
                    cacheable = TRUE;
                    justify = LEFT;
                    visibility = TRUE;
                    angle = 0;
                    length = 20;
                    decimals = 0;
                    sortdirection = ASCENDING;
                    fontname = "Courier New";
                    fontcolor = 153;
                    fonttype = 2;
                    fontsize = 1;
                    fontratio = 1;
                    fontstyle = 0;
                    fontslant = 0;
                    pen = 0;
                    oncombine = NONE;
                };

                valuefield _tmp_1420
                {
                    name = "ValueField_244";
                    location = (75, 0);
                    formula = "GetValue(\"AREA\")";
                    datatype = DOUBLE;
                    class = "Area";
                    cacheable = TRUE;
                    justify = RIGHT;
                    visibility = TRUE;
                    angle = 0;
                    length = 8;
                    decimals = 2;
                    sortdirection = ASCENDING;
                    fontname = "Courier New";
                    fontcolor = 153;
                    fonttype = 2;
                    fontsize = 1;
                    fontratio = 1;
                    fontstyle = 0;
                    fontslant = 0;
                    pen = 0;
                    oncombine = NONE;
                    unit = "m2";
                };

                valuefield _tmp_1421
                {
                    name = "ValueField_245";
                    location = (22, 0);
                    formula = "GetValue(\"NUMBER\")";
                    datatype = INTEGER;
                    class = "";
                    cacheable = TRUE;
                    justify = RIGHT;
                    visibility = TRUE;
                    angle = 0;
                    length = 3;
                    decimals = 0;
                    sortdirection = NONE;
                    fontname = "Courier New";
                    fontcolor = 153;
                    fonttype = 2;
                    fontsize = 1;
                    fontratio = 1;
                    fontstyle = 0;
                    fontslant = 0;
                    pen = 0;
                    oncombine = SUM;
                };
            };
        };

        valuefield _tmp_45
        {
            name = "ValueField_249";
            location = (105, 1);
            formula = "GetValue(\"VOLUME\")*GetValue(\"NUMBER\")";
            datatype = DOUBLE;
            class = "Volume";
            cacheable = TRUE;
            justify = RIGHT;
            visibility = TRUE;
            angle = 0;
            length = 12;
            decimals = 2;
            sortdirection = NONE;
            fontname = "Courier New";
            fontcolor = 153;
            fonttype = 2;
            fontsize = 1;
            fontratio = 1;
            fontstyle = 0;
            fontslant = 0;
            pen = 0;
            oncombine = SUM;
            unit = "m3";
        };

        text _tmp_46
        {
            name = "Text_407";
            x1 = 102;
            y1 = 2;
            x2 = 102;
            y2 = 2;
            string = "Total Volume (§©):";
            fontname = "Courier New";
            fontcolor = 162;
            fonttype = 2;
            fontsize = 1;
            fontratio = 1;
            fontslant = 0;
            fontstyle = 0;
            angle = 0;
            justify = LEFT;
            pen = 0;
        };
    };

    footer _tmp_19157
    {
        name = "Footer";
        height = 4;

        text _tmp_19158
        {
            name = "Text_35";
            x1 = 1;
            y1 = 3;
            x2 = 1;
            y2 = 3;
            string = "___________________________________________________________________________________________________________________________________________________";
            fontname = "fixfont";
            fontcolor = 153;
            fonttype = 4;
            fontsize = 1;
            fontratio = 1;
            fontslant = 0;
            fontstyle = 0;
            angle = 0;
            justify = LEFT;
            pen = -1;
        };

        valuefield _tmp_19159
        {
            name = "WarningBendInfo";
            location = (43, 2);
            formula = "if (GetValue(\"REBAR.SHAPE_INTERNAL\") != \"1\") then\n  \"*Note: Rebar \"Length\" is along centerline before bending.\"\nelse\n  \"\"\nendif\n";
            datatype = STRING;
            class = "Length";
            cacheable = TRUE;
            justify = RIGHT;
            visibility = TRUE;
            angle = 0;
            length = 60;
            sortdirection = NONE;
            fontname = "Arial";
            fontcolor = 164;
            fonttype = 2;
            fontsize = 2.38;
            fontratio = 1;
            fontstyle = 0;
            fontslant = 0;
            pen = 0;
            oncombine = NONE;
        };

        text _tmp_19160
        {
            name = "Report End";
            x1 = 119;
            y1 = 1;
            x2 = 119;
            y2 = 1;
            string = "Report End";
            fontname = "Arial Narrow";
            fontcolor = 159;
            fonttype = 2;
            fontsize = 1;
            fontratio = 1;
            fontslant = 0;
            fontstyle = 0;
            angle = 0;
            justify = LEFT;
            pen = -1;
        };
    };
};
