
template _tmp_833
{
    name = "template1";
    type = TEXTUAL;
    width = 150;
    maxheight = 65;
    columns = (3, 3);
    gap = 1;
    fillpolicy = CONTINUOUS;
    filldirection = HORIZONTAL;
    fillstartfrom = TOPLEFT;
    margins = (1, 1, 1, 1);
    gridxspacing = 1;
    gridyspacing = 1;
    version = 3.6;
    created = "24.01.2007 13:07";
    modified = "21.02.2019 10:00";
    notes = "";

    header _tmp_19169
    {
        name = "ReportHeader";
        height = 5;

        valuefield _tmp_19170
        {
            name = "field_NUMBER";
            location = (17, 2);
            formula = "GetValue(\"PROJECT.NUMBER\")";
            datatype = STRING;
            class = "";
            cacheable = TRUE;
            justify = LEFT;
            visibility = TRUE;
            angle = 0;
            length = 15;
            sortdirection = NONE;
            fontname = "Courier New";
            fontcolor = 153;
            fonttype = 2;
            fontsize = 0.8;
            fontratio = 1.125;
            fontstyle = 0;
            fontslant = 0;
            pen = 0;
            oncombine = NONE;
            fontlinewidth = 1;
        };

        valuefield _tmp_19171
        {
            name = "field_NAME";
            location = (49, 2);
            formula = "GetValue(\"PROJECT.NAME\")";
            datatype = STRING;
            class = "";
            cacheable = TRUE;
            justify = LEFT;
            visibility = TRUE;
            angle = 0;
            length = 30;
            sortdirection = NONE;
            fontname = "Courier New";
            fontcolor = 153;
            fonttype = 2;
            fontsize = 0.8;
            fontratio = 1.125;
            fontstyle = 0;
            fontslant = 0;
            pen = 0;
            oncombine = NONE;
            fontlinewidth = 1;
        };

        text _tmp_19172
        {
            name = "lbl_ProjectNo";
            x1 = 2;
            y1 = 2;
            x2 = 2;
            y2 = 2;
            string = "Project Number:";
            fontname = "Courier New";
            fontcolor = 153;
            fonttype = 2;
            fontsize = 0.8;
            fontratio = 1.125;
            fontslant = 0;
            fontstyle = 0;
            angle = 0;
            justify = LEFT;
            pen = 0;
            fontlinewidth = 1;
        };

        text _tmp_19173
        {
            name = "lbl_ProjectName";
            x1 = 35;
            y1 = 2;
            x2 = 35;
            y2 = 2;
            string = "Project Name:";
            fontname = "Courier New";
            fontcolor = 153;
            fonttype = 2;
            fontsize = 0.8;
            fontratio = 1.125;
            fontslant = 0;
            fontstyle = 0;
            angle = 0;
            justify = LEFT;
            pen = 0;
            fontlinewidth = 1;
        };

        text _tmp_19174
        {
            name = "Text_83";
            x1 = 1;
            y1 = 4;
            x2 = 1;
            y2 = 4;
            string = "CIP(Cast In Place) Bill of Materials";
            fontname = "fixfont";
            fontcolor = 160;
            fonttype = 4;
            fontsize = 1;
            fontratio = 1;
            fontslant = 0;
            fontstyle = 0;
            angle = 0;
            justify = LEFT;
            pen = 0;
        };

        text _tmp_19175
        {
            name = "Text_5";
            x1 = 1;
            y1 = 1;
            x2 = 1;
            y2 = 1;
            string = "___________________________________________________________________________________________________________________________________________________";
            fontname = "fixfont";
            fontcolor = 153;
            fonttype = 4;
            fontsize = 1;
            fontratio = 1;
            fontslant = 0;
            fontstyle = 0;
            angle = 0;
            justify = LEFT;
            pen = -1;
        };

        valuefield _tmp_19176
        {
            name = "ValueField";
            location = (80, 2);
            formula = "\"Created by: \" + GetValue(\"CURRENT_USER\") + \" on \" + format(GetValue(\"DATE\"), \"Date&Time\", \"mm/dd/yyyy\", \"\")";
            datatype = STRING;
            class = "";
            cacheable = TRUE;
            justify = LEFT;
            visibility = TRUE;
            angle = 0;
            length = 40;
            sortdirection = NONE;
            fontname = "Courier New";
            fontcolor = 153;
            fonttype = 2;
            fontsize = 0.8;
            fontratio = 1.125;
            fontstyle = 0;
            fontslant = 0;
            pen = 0;
            oncombine = NONE;
        };
    };

    row _tmp_2430
    {
        name = "CAST_UNIT_SALB";
        height = 4;
        visibility = TRUE;
        usecolumns = FALSE;
        rule = "if (match(GetValue(\"CAST_UNIT_TYPE\"),\"*Cast in place*\")||match(GetValue(\"CAST_UNIT_TYPE\"),\"*현장타설*\")) && match(GetValue(\"MAINPART.NAME\"),\"*SLAB*\")\r\n then\r\n  Output()\r\nelse\r\n  StepOver()\r\nendif\r\n";
        contenttype = "CAST_UNIT";
        sorttype = COMBINE;

        valuefield _tmp_2431
        {
            name = "ValueField_349";
            location = (9, 1);
            formula = "GetValue(\"MAINPART.NAME\")";
            datatype = STRING;
            class = "";
            cacheable = TRUE;
            justify = LEFT;
            visibility = TRUE;
            angle = 0;
            length = 15;
            decimals = 0;
            sortdirection = ASCENDING;
            fontname = "Courier New";
            fontcolor = 153;
            fonttype = 2;
            fontsize = 1;
            fontratio = 1;
            fontstyle = 0;
            fontslant = 0;
            pen = 0;
            oncombine = NONE;
        };

        valuefield _tmp_2432
        {
            name = "ValueField_350";
            location = (37, 1);
            formula = "GetValue(\"MATERIAL\")";
            datatype = STRING;
            class = "";
            cacheable = TRUE;
            justify = LEFT;
            visibility = TRUE;
            angle = 0;
            length = 7;
            decimals = 0;
            sortdirection = ASCENDING;
            fontname = "Courier New";
            fontcolor = 153;
            fonttype = 2;
            fontsize = 1;
            fontratio = 1;
            fontstyle = 0;
            fontslant = 0;
            pen = 0;
            oncombine = NONE;
        };

        valuefield _tmp_2433
        {
            name = "ValueField_351";
            location = (51, 1);
            formula = "\"Thk.\"+mid(GetValue(\"MAINPART.PROFILE.HEIGHT\"),0,find(GetValue(\"MAINPART.PROFILE.HEIGHT\"), \".\"))";
            datatype = STRING;
            class = "";
            cacheable = TRUE;
            justify = LEFT;
            visibility = TRUE;
            angle = 0;
            length = 20;
            decimals = 0;
            sortdirection = ASCENDING;
            fontname = "Courier New";
            fontcolor = 164;
            fonttype = 2;
            fontsize = 2.38;
            fontratio = 1;
            fontstyle = 0;
            fontslant = 0;
            pen = 0;
            oncombine = NONE;
        };

        text _tmp_2435
        {
            name = "Text_367";
            x1 = 2;
            y1 = 2;
            x2 = 2;
            y2 = 2;
            string = "Qty:";
            fontname = "Courier New";
            fontcolor = 162;
            fonttype = 2;
            fontsize = 1;
            fontratio = 1;
            fontslant = 0;
            fontstyle = 0;
            angle = 0;
            justify = LEFT;
            pen = 0;
        };

        text _tmp_2436
        {
            name = "Text_368";
            x1 = 37;
            y1 = 2;
            x2 = 37;
            y2 = 2;
            string = "Material:";
            fontname = "Courier New";
            fontcolor = 162;
            fonttype = 2;
            fontsize = 1;
            fontratio = 1;
            fontslant = 0;
            fontstyle = 0;
            angle = 0;
            justify = LEFT;
            pen = 0;
        };

        text _tmp_2437
        {
            name = "Text_369";
            x1 = 1;
            y1 = 3;
            x2 = 1;
            y2 = 3;
            string = "________________________________________________________________________________________________________________________________________";
            fontname = "Courier New";
            fontcolor = 162;
            fonttype = 2;
            fontsize = 2.38;
            fontratio = 1;
            fontslant = 0;
            fontstyle = 0;
            angle = 0;
            justify = LEFT;
            pen = 0;
        };

        text _tmp_2438
        {
            name = "Text_370";
            x1 = 51;
            y1 = 2;
            x2 = 51;
            y2 = 2;
            string = "Profile:";
            fontname = "Courier New";
            fontcolor = 162;
            fonttype = 2;
            fontsize = 1;
            fontratio = 1;
            fontslant = 0;
            fontstyle = 0;
            angle = 0;
            justify = LEFT;
            pen = 0;
        };

        valuefield _tmp_2440
        {
            name = "ValueField_353";
            location = (2, 1);
            formula = "GetValue(\"NUMBER\")";
            datatype = INTEGER;
            class = "";
            cacheable = TRUE;
            justify = LEFT;
            visibility = TRUE;
            angle = 0;
            length = 4;
            sortdirection = NONE;
            fontname = "Courier New";
            fontcolor = 153;
            fonttype = 2;
            fontsize = 1;
            fontratio = 1;
            fontstyle = 0;
            fontslant = 0;
            pen = 0;
            oncombine = SUM;
        };

        text _tmp_2441
        {
            name = "Text_372";
            x1 = 9;
            y1 = 2;
            x2 = 9;
            y2 = 2;
            string = "Name:";
            fontname = "Courier New";
            fontcolor = 162;
            fonttype = 2;
            fontsize = 1;
            fontratio = 1;
            fontslant = 0;
            fontstyle = 0;
            angle = 0;
            justify = LEFT;
            pen = 0;
        };

        valuefield _tmp_2442
        {
            name = "ValueField_354";
            location = (86, 1);
            formula = "GetValue(\"VOLUME\")";
            datatype = DOUBLE;
            class = "Volume";
            cacheable = TRUE;
            justify = RIGHT;
            visibility = TRUE;
            angle = 0;
            length = 12;
            decimals = 2;
            sortdirection = NONE;
            fontname = "Courier New";
            fontcolor = 153;
            fonttype = 2;
            fontsize = 1;
            fontratio = 1;
            fontstyle = 0;
            fontslant = 0;
            pen = 0;
            oncombine = NONE;
            unit = "m3";
        };

        text _tmp_2443
        {
            name = "Text_373";
            x1 = 87;
            y1 = 2;
            x2 = 87;
            y2 = 2;
            string = "Volume (㎥):";
            fontname = "Courier New";
            fontcolor = 162;
            fonttype = 2;
            fontsize = 1;
            fontratio = 1;
            fontslant = 0;
            fontstyle = 0;
            angle = 0;
            justify = LEFT;
            pen = 0;
        };

        valuefield _tmp_2444
        {
            name = "ValueField_355";
            location = (120, 1);
            formula = "GetValue(\"WEIGHT\")";
            datatype = DOUBLE;
            class = "Weight";
            cacheable = TRUE;
            justify = RIGHT;
            visibility = TRUE;
            angle = 0;
            length = 12;
            decimals = 0;
            sortdirection = NONE;
            fontname = "Courier New";
            fontcolor = 153;
            fonttype = 2;
            fontsize = 1;
            fontratio = 1;
            fontstyle = 0;
            fontslant = 0;
            pen = 0;
            oncombine = NONE;
            unit = "kg";
        };

        text _tmp_2445
        {
            name = "Text_374";
            x1 = 121;
            y1 = 2;
            x2 = 121;
            y2 = 2;
            string = "Weight (kg):";
            fontname = "Courier New";
            fontcolor = 162;
            fonttype = 2;
            fontsize = 1;
            fontratio = 1;
            fontslant = 0;
            fontstyle = 0;
            angle = 0;
            justify = LEFT;
            pen = 0;
        };

        text _tmp_2446
        {
            name = "Text_375";
            x1 = 27;
            y1 = 2;
            x2 = 27;
            y2 = 2;
            string = "Mark:";
            fontname = "Courier New";
            fontcolor = 162;
            fonttype = 2;
            fontsize = 1;
            fontratio = 1;
            fontslant = 0;
            fontstyle = 0;
            angle = 0;
            justify = LEFT;
            pen = 0;
        };

        valuefield _tmp_2447
        {
            name = "ValueField_356";
            location = (27, 1);
            formula = "GetValue(\"CAST_UNIT_POS\")";
            datatype = STRING;
            class = "";
            cacheable = TRUE;
            justify = LEFT;
            visibility = TRUE;
            angle = 0;
            length = 7;
            decimals = 0;
            sortdirection = ASCENDING;
            fontname = "Courier New";
            fontcolor = 153;
            fonttype = 2;
            fontsize = 1;
            fontratio = 1;
            fontstyle = 0;
            fontslant = 0;
            pen = 0;
            oncombine = NONE;
        };

        row _tmp_2448
        {
            name = "Row_74";
            height = 3;
            visibility = TRUE;
            usecolumns = FALSE;
            rule = "if (GetValue(\"MAINPART.MATERIAL_TYPE\") != \"CONCRETE\") then\n  Output()\nelse\n  StepOver()\nendif\n";
            contenttype = "ASSEMBLY";
            sorttype = COMBINE;

            text _tmp_2449
            {
                name = "Text_376";
                x1 = 29;
                y1 = 0;
                x2 = 29;
                y2 = 0;
                string = "Name:";
                fontname = "Courier New";
                fontcolor = 162;
                fonttype = 2;
                fontsize = 2.38;
                fontratio = 1;
                fontslant = 0;
                fontstyle = 0;
                angle = 0;
                justify = LEFT;
                pen = 0;
            };

            text _tmp_2450
            {
                name = "Text_377";
                x1 = 54;
                y1 = 0;
                x2 = 54;
                y2 = 0;
                string = "Profile:";
                fontname = "Courier New";
                fontcolor = 162;
                fonttype = 2;
                fontsize = 2.38;
                fontratio = 1;
                fontslant = 0;
                fontstyle = 0;
                angle = 0;
                justify = LEFT;
                pen = 0;
            };

            text _tmp_2451
            {
                name = "Text_378";
                x1 = 22;
                y1 = 0;
                x2 = 22;
                y2 = 0;
                string = "Qty:";
                fontname = "Courier New";
                fontcolor = 162;
                fonttype = 2;
                fontsize = 1;
                fontratio = 1;
                fontslant = 0;
                fontstyle = 0;
                angle = 0;
                justify = LEFT;
                pen = 0;
            };

            text _tmp_2452
            {
                name = "Text_379";
                x1 = 42;
                y1 = 0;
                x2 = 42;
                y2 = 0;
                string = "Material:";
                fontname = "Courier New";
                fontcolor = 162;
                fonttype = 2;
                fontsize = 2.38;
                fontratio = 1;
                fontslant = 0;
                fontstyle = 0;
                angle = 0;
                justify = LEFT;
                pen = 0;
            };

            text _tmp_2453
            {
                name = "Text_380";
                x1 = 15;
                y1 = 1;
                x2 = 15;
                y2 = 1;
                string = "Component Parts:";
                fontname = "Courier New";
                fontcolor = 162;
                fonttype = 2;
                fontsize = 2.38;
                fontratio = 1;
                fontslant = 0;
                fontstyle = 0;
                angle = 0;
                justify = LEFT;
                pen = 0;
            };

            text _tmp_2454
            {
                name = "Text_381";
                x1 = 15;
                y1 = 2;
                x2 = 15;
                y2 = 2;
                string = "_____________________________________________________________________________________________________________________";
                fontname = "Courier New";
                fontcolor = 162;
                fonttype = 2;
                fontsize = 2.38;
                fontratio = 1;
                fontslant = 0;
                fontstyle = 0;
                angle = 0;
                justify = LEFT;
                pen = 0;
            };

            text _tmp_2455
            {
                name = "Text_382";
                x1 = 104;
                y1 = 0;
                x2 = 104;
                y2 = 0;
                string = "Description:";
                fontname = "Courier New";
                fontcolor = 162;
                fonttype = 2;
                fontsize = 2.38;
                fontratio = 1;
                fontslant = 0;
                fontstyle = 0;
                angle = 0;
                justify = LEFT;
                pen = 0;
            };

            text _tmp_2456
            {
                name = "Text_383";
                x1 = 71;
                y1 = 0;
                x2 = 71;
                y2 = 0;
                string = "Length(mm):";
                fontname = "Courier New";
                fontcolor = 162;
                fonttype = 2;
                fontsize = 2.38;
                fontratio = 1;
                fontslant = 0;
                fontstyle = 0;
                angle = 0;
                justify = LEFT;
                pen = 0;
            };

            text _tmp_2457
            {
                name = "Text_384";
                x1 = 83;
                y1 = 0;
                x2 = 83;
                y2 = 0;
                string = "Finish:";
                fontname = "Courier New";
                fontcolor = 162;
                fonttype = 2;
                fontsize = 2.38;
                fontratio = 1;
                fontslant = 0;
                fontstyle = 0;
                angle = 0;
                justify = LEFT;
                pen = 0;
            };

            text _tmp_2458
            {
                name = "Text_385";
                x1 = 95;
                y1 = 0;
                x2 = 95;
                y2 = 0;
                string = "Class:";
                fontname = "Courier New";
                fontcolor = 162;
                fonttype = 2;
                fontsize = 2.38;
                fontratio = 1;
                fontslant = 0;
                fontstyle = 0;
                angle = 0;
                justify = LEFT;
                pen = 0;
            };
        };

        row _tmp_2459
        {
            name = "Row_75";
            height = 1;
            visibility = TRUE;
            usecolumns = FALSE;
            rule = "if (GetValue(\"MAINPART.MATERIAL_TYPE\") != \"CONCRETE\") then\n  Output()\nelse\n  StepOver()\nendif\n";
            contenttype = "ASSEMBLY";
            sorttype = COMBINE;

            valuefield _tmp_2460
            {
                name = "ValueField_357";
                location = (29, 0);
                formula = "GetValue(\"MAINPART.NAME\")";
                datatype = STRING;
                class = "";
                cacheable = TRUE;
                justify = LEFT;
                visibility = TRUE;
                angle = 0;
                length = 10;
                sortdirection = ASCENDING;
                fontname = "Courier New";
                fontcolor = 153;
                fonttype = 2;
                fontsize = 1;
                fontratio = 1;
                fontstyle = 0;
                fontslant = 0;
                pen = 0;
                oncombine = NONE;
            };

            valuefield _tmp_2461
            {
                name = "ValueField_358";
                location = (42, 0);
                formula = "GetValue(\"MAINPART.MATERIAL\")";
                datatype = STRING;
                class = "";
                cacheable = TRUE;
                justify = LEFT;
                visibility = TRUE;
                angle = 0;
                length = 7;
                sortdirection = ASCENDING;
                fontname = "Courier New";
                fontcolor = 153;
                fonttype = 2;
                fontsize = 1;
                fontratio = 1;
                fontstyle = 0;
                fontslant = 0;
                pen = 0;
                oncombine = NONE;
            };

            valuefield _tmp_2462
            {
                name = "ValueField_359";
                location = (53, 0);
                formula = "GetValue(\"MAINPART.PROFILE\")";
                datatype = STRING;
                class = "";
                cacheable = TRUE;
                justify = LEFT;
                visibility = TRUE;
                angle = 0;
                length = 14;
                sortdirection = ASCENDING;
                fontname = "Courier New";
                fontcolor = 153;
                fonttype = 2;
                fontsize = 1;
                fontratio = 1;
                fontstyle = 0;
                fontslant = 0;
                pen = 0;
                oncombine = NONE;
            };

            valuefield _tmp_2463
            {
                name = "ValueField_360";
                location = (69, 0);
                formula = "GetValue(\"MAINPART.LENGTH\")";
                datatype = DOUBLE;
                class = "Length";
                cacheable = TRUE;
                justify = RIGHT;
                visibility = TRUE;
                angle = 0;
                length = 12;
                decimals = 0;
                sortdirection = ASCENDING;
                fontname = "Courier New";
                fontcolor = 153;
                fonttype = 2;
                fontsize = 1;
                fontratio = 1;
                fontstyle = 0;
                fontslant = 0;
                pen = 0;
                oncombine = NONE;
                unit = "mm";
            };

            valuefield _tmp_2464
            {
                name = "ValueField_361";
                location = (83, 0);
                formula = "GetValue(\"MAINPART.FINISH\")";
                datatype = STRING;
                class = "";
                cacheable = TRUE;
                justify = LEFT;
                visibility = TRUE;
                angle = 0;
                length = 10;
                sortdirection = ASCENDING;
                fontname = "Courier New";
                fontcolor = 153;
                fonttype = 2;
                fontsize = 1;
                fontratio = 1;
                fontstyle = 0;
                fontslant = 0;
                pen = 0;
                oncombine = NONE;
            };

            valuefield _tmp_2465
            {
                name = "ValueField_362";
                location = (95, 0);
                formula = "GetValue(\"MAINPART.CLASS_ATTR\")";
                datatype = STRING;
                class = "";
                cacheable = TRUE;
                justify = LEFT;
                visibility = TRUE;
                angle = 0;
                length = 6;
                sortdirection = ASCENDING;
                fontname = "Courier New";
                fontcolor = 153;
                fonttype = 2;
                fontsize = 1;
                fontratio = 1;
                fontstyle = 0;
                fontslant = 0;
                pen = 0;
                oncombine = NONE;
            };

            valuefield _tmp_2466
            {
                name = "ValueField_363";
                location = (22, 0);
                formula = "GetValue(\"NUMBER\")";
                datatype = INTEGER;
                class = "";
                cacheable = TRUE;
                justify = LEFT;
                visibility = TRUE;
                angle = 0;
                length = 3;
                sortdirection = NONE;
                fontname = "Courier New";
                fontcolor = 153;
                fonttype = 2;
                fontsize = 1;
                fontratio = 1;
                fontstyle = 0;
                fontslant = 0;
                pen = 0;
                oncombine = SUM;
            };

            valuefield _tmp_2467
            {
                name = "ValueField_364";
                location = (104, 0);
                formula = "GetValue(\"MAINPART.USERDEFINED.USER_FIELD_1\")";
                datatype = STRING;
                class = "";
                cacheable = TRUE;
                justify = LEFT;
                visibility = TRUE;
                angle = 0;
                length = 20;
                sortdirection = NONE;
                fontname = "Courier New";
                fontcolor = 153;
                fonttype = 2;
                fontsize = 1;
                fontratio = 1;
                fontstyle = 0;
                fontslant = 0;
                pen = 0;
                oncombine = NONE;
            };
        };

        row _tmp_2468
        {
            name = "Row_76";
            height = 3;
            visibility = TRUE;
            usecolumns = FALSE;
            rule = "if (GetValue(\"MATERIAL_TYPE\") != \"CONCRETE\" ) then\n  Output()\nelse\n  StepOver()\nendif\n";
            contenttype = "PART";
            sorttype = COMBINE;

            text _tmp_2469
            {
                name = "Text_386";
                x1 = 30;
                y1 = 0;
                x2 = 30;
                y2 = 0;
                string = "Name:";
                fontname = "Courier New";
                fontcolor = 162;
                fonttype = 2;
                fontsize = 2.38;
                fontratio = 1;
                fontslant = 0;
                fontstyle = 0;
                angle = 0;
                justify = LEFT;
                pen = 0;
            };

            text _tmp_2470
            {
                name = "Text_387";
                x1 = 71;
                y1 = 0;
                x2 = 71;
                y2 = 0;
                string = "Length(mm):";
                fontname = "Courier New";
                fontcolor = 162;
                fonttype = 2;
                fontsize = 2.38;
                fontratio = 1;
                fontslant = 0;
                fontstyle = 0;
                angle = 0;
                justify = LEFT;
                pen = 0;
            };

            text _tmp_2471
            {
                name = "Text_388";
                x1 = 22;
                y1 = 0;
                x2 = 22;
                y2 = 0;
                string = "Qty:";
                fontname = "Courier New";
                fontcolor = 162;
                fonttype = 2;
                fontsize = 1;
                fontratio = 1;
                fontslant = 0;
                fontstyle = 0;
                angle = 0;
                justify = LEFT;
                pen = 0;
            };

            text _tmp_2472
            {
                name = "Text_389";
                x1 = 42;
                y1 = 0;
                x2 = 42;
                y2 = 0;
                string = "Material:";
                fontname = "Courier New";
                fontcolor = 162;
                fonttype = 2;
                fontsize = 2.38;
                fontratio = 1;
                fontslant = 0;
                fontstyle = 0;
                angle = 0;
                justify = LEFT;
                pen = 0;
            };

            text _tmp_2473
            {
                name = "Text_390";
                x1 = 15;
                y1 = 1;
                x2 = 15;
                y2 = 1;
                string = "Free Parts:";
                fontname = "Courier New";
                fontcolor = 162;
                fonttype = 2;
                fontsize = 2.38;
                fontratio = 1;
                fontslant = 0;
                fontstyle = 0;
                angle = 0;
                justify = LEFT;
                pen = 0;
            };

            text _tmp_2474
            {
                name = "Text_391";
                x1 = 15;
                y1 = 2;
                x2 = 15;
                y2 = 2;
                string = "_____________________________________________________________________________________________________________________";
                fontname = "Courier New";
                fontcolor = 162;
                fonttype = 2;
                fontsize = 2.38;
                fontratio = 1;
                fontslant = 0;
                fontstyle = 0;
                angle = 0;
                justify = LEFT;
                pen = 0;
            };

            text _tmp_2475
            {
                name = "Text_392";
                x1 = 104;
                y1 = 0;
                x2 = 104;
                y2 = 0;
                string = "Description:";
                fontname = "Courier New";
                fontcolor = 162;
                fonttype = 2;
                fontsize = 2.38;
                fontratio = 1;
                fontslant = 0;
                fontstyle = 0;
                angle = 0;
                justify = LEFT;
                pen = 0;
            };

            text _tmp_2476
            {
                name = "Text_393";
                x1 = 54;
                y1 = 0;
                x2 = 54;
                y2 = 0;
                string = "Profile:";
                fontname = "Courier New";
                fontcolor = 162;
                fonttype = 2;
                fontsize = 2.38;
                fontratio = 1;
                fontslant = 0;
                fontstyle = 0;
                angle = 0;
                justify = LEFT;
                pen = 0;
            };

            text _tmp_2477
            {
                name = "Text_394";
                x1 = 83;
                y1 = 0;
                x2 = 83;
                y2 = 0;
                string = "Finish:";
                fontname = "Courier New";
                fontcolor = 162;
                fonttype = 2;
                fontsize = 2.38;
                fontratio = 1;
                fontslant = 0;
                fontstyle = 0;
                angle = 0;
                justify = LEFT;
                pen = 0;
            };

            text _tmp_2478
            {
                name = "Text_395";
                x1 = 95;
                y1 = 0;
                x2 = 95;
                y2 = 0;
                string = "Class:";
                fontname = "Courier New";
                fontcolor = 162;
                fonttype = 2;
                fontsize = 2.38;
                fontratio = 1;
                fontslant = 0;
                fontstyle = 0;
                angle = 0;
                justify = LEFT;
                pen = 0;
            };
        };

        row _tmp_2479
        {
            name = "Row_77";
            height = 1;
            visibility = TRUE;
            usecolumns = FALSE;
            rule = "if (GetValue(\"MATERIAL_TYPE\") != \"CONCRETE\" ) then\n  Output()\nelse\n  StepOver()\nendif\n";
            contenttype = "PART";
            sorttype = COMBINE;

            valuefield _tmp_2480
            {
                name = "ValueField_365";
                location = (29, 0);
                formula = "GetValue(\"NAME\")";
                datatype = STRING;
                class = "";
                cacheable = TRUE;
                justify = LEFT;
                visibility = TRUE;
                angle = 0;
                length = 10;
                sortdirection = ASCENDING;
                fontname = "Courier New";
                fontcolor = 153;
                fonttype = 2;
                fontsize = 1;
                fontratio = 1;
                fontstyle = 0;
                fontslant = 0;
                pen = 0;
                oncombine = NONE;
            };

            valuefield _tmp_2481
            {
                name = "ValueField_366";
                location = (42, 0);
                formula = "GetValue(\"MATERIAL\")";
                datatype = STRING;
                class = "";
                cacheable = TRUE;
                justify = LEFT;
                visibility = TRUE;
                angle = 0;
                length = 7;
                sortdirection = ASCENDING;
                fontname = "Courier New";
                fontcolor = 153;
                fonttype = 2;
                fontsize = 1;
                fontratio = 1;
                fontstyle = 0;
                fontslant = 0;
                pen = 0;
                oncombine = NONE;
            };

            valuefield _tmp_2482
            {
                name = "ValueField_367";
                location = (53, 0);
                formula = "GetValue(\"PROFILE\")";
                datatype = STRING;
                class = "";
                cacheable = TRUE;
                justify = LEFT;
                visibility = TRUE;
                angle = 0;
                length = 14;
                sortdirection = ASCENDING;
                fontname = "Courier New";
                fontcolor = 153;
                fonttype = 2;
                fontsize = 1;
                fontratio = 1;
                fontstyle = 0;
                fontslant = 0;
                pen = 0;
                oncombine = NONE;
            };

            valuefield _tmp_2483
            {
                name = "ValueField_368";
                location = (69, 0);
                formula = "GetValue(\"MAINPART.LENGTH\")";
                datatype = DOUBLE;
                class = "Length";
                cacheable = TRUE;
                justify = RIGHT;
                visibility = TRUE;
                angle = 0;
                length = 12;
                decimals = 0;
                sortdirection = ASCENDING;
                fontname = "Courier New";
                fontcolor = 153;
                fonttype = 2;
                fontsize = 1;
                fontratio = 1;
                fontstyle = 0;
                fontslant = 0;
                pen = 0;
                oncombine = NONE;
                unit = "mm";
            };

            valuefield _tmp_2484
            {
                name = "ValueField_369";
                location = (83, 0);
                formula = "GetValue(\"MAINPART.FINISH\")";
                datatype = STRING;
                class = "";
                cacheable = TRUE;
                justify = LEFT;
                visibility = TRUE;
                angle = 0;
                length = 10;
                sortdirection = ASCENDING;
                fontname = "Courier New";
                fontcolor = 153;
                fonttype = 2;
                fontsize = 1;
                fontratio = 1;
                fontstyle = 0;
                fontslant = 0;
                pen = 0;
                oncombine = NONE;
            };

            valuefield _tmp_2485
            {
                name = "ValueField_370";
                location = (95, 0);
                formula = "GetValue(\"MAINPART.CLASS_ATTR\")";
                datatype = STRING;
                class = "";
                cacheable = TRUE;
                justify = LEFT;
                visibility = TRUE;
                angle = 0;
                length = 6;
                sortdirection = ASCENDING;
                fontname = "Courier New";
                fontcolor = 153;
                fonttype = 2;
                fontsize = 1;
                fontratio = 1;
                fontstyle = 0;
                fontslant = 0;
                pen = 0;
                oncombine = NONE;
            };

            valuefield _tmp_2486
            {
                name = "ValueField_371";
                location = (22, 0);
                formula = "GetValue(\"NUMBER\")";
                datatype = INTEGER;
                class = "";
                cacheable = TRUE;
                justify = LEFT;
                visibility = TRUE;
                angle = 0;
                length = 3;
                sortdirection = NONE;
                fontname = "Courier New";
                fontcolor = 153;
                fonttype = 2;
                fontsize = 1;
                fontratio = 1;
                fontstyle = 0;
                fontslant = 0;
                pen = 0;
                oncombine = SUM;
            };

            valuefield _tmp_2487
            {
                name = "ValueField_372";
                location = (104, 0);
                formula = "GetValue(\"USERDEFINED.USER_FIELD_1\")";
                datatype = STRING;
                class = "";
                cacheable = TRUE;
                justify = LEFT;
                visibility = TRUE;
                angle = 0;
                length = 20;
                sortdirection = NONE;
                fontname = "Courier New";
                fontcolor = 153;
                fonttype = 2;
                fontsize = 1;
                fontratio = 1;
                fontstyle = 0;
                fontslant = 0;
                pen = 0;
                oncombine = NONE;
            };
        };

        row _tmp_2488
        {
            name = "Row_78";
            height = 3;
            visibility = FALSE;
            usecolumns = FALSE;
            rule = "";
            contenttype = "PART";
            sorttype = COMBINE;

            row _tmp_2489
            {
                name = "Row_79";
                height = 3;
                visibility = TRUE;
                usecolumns = FALSE;
                rule = "if (GetValue(\"SHAPE\") == \"STR\") then\r\n  Output()\r\nelse\r\n  StepOver()\r\nendif\r\n";
                contenttype = "REBAR";
                sorttype = COMBINE;

                text _tmp_2490
                {
                    name = "Text_396";
                    x1 = 15;
                    y1 = 2;
                    x2 = 15;
                    y2 = 2;
                    string = "_____________________________________________________________________________________";
                    fontname = "Courier New";
                    fontcolor = 162;
                    fonttype = 2;
                    fontsize = 2.38;
                    fontratio = 1;
                    fontslant = 0;
                    fontstyle = 0;
                    angle = 0;
                    justify = LEFT;
                    pen = 0;
                };

                text _tmp_2491
                {
                    name = "Text_397";
                    x1 = 45;
                    y1 = 0;
                    x2 = 45;
                    y2 = 0;
                    string = "Size:";
                    fontname = "Courier New";
                    fontcolor = 162;
                    fonttype = 2;
                    fontsize = 2.38;
                    fontratio = 1;
                    fontslant = 0;
                    fontstyle = 0;
                    angle = 0;
                    justify = LEFT;
                    pen = 0;
                };

                text _tmp_2492
                {
                    name = "Text_398";
                    x1 = 15;
                    y1 = 1;
                    x2 = 15;
                    y2 = 1;
                    string = "Straight Rebar List:";
                    fontname = "Courier New";
                    fontcolor = 162;
                    fonttype = 2;
                    fontsize = 2.38;
                    fontratio = 1;
                    fontslant = 0;
                    fontstyle = 0;
                    angle = 0;
                    justify = LEFT;
                    pen = 0;
                };

                text _tmp_2493
                {
                    name = "Text_399";
                    x1 = 22;
                    y1 = 0;
                    x2 = 22;
                    y2 = 0;
                    string = "Qty:";
                    fontname = "Courier New";
                    fontcolor = 162;
                    fonttype = 2;
                    fontsize = 1;
                    fontratio = 1;
                    fontslant = 0;
                    fontstyle = 0;
                    angle = 0;
                    justify = LEFT;
                    pen = 0;
                };

                text _tmp_2494
                {
                    name = "Text_400";
                    x1 = 52;
                    y1 = 0;
                    x2 = 52;
                    y2 = 0;
                    string = "Length(mm):";
                    fontname = "Courier New";
                    fontcolor = 162;
                    fonttype = 2;
                    fontsize = 2.38;
                    fontratio = 1;
                    fontslant = 0;
                    fontstyle = 0;
                    angle = 0;
                    justify = LEFT;
                    pen = 0;
                };

                text _tmp_2495
                {
                    name = "Text_401";
                    x1 = 33;
                    y1 = 0;
                    x2 = 33;
                    y2 = 0;
                    string = "Grade:";
                    fontname = "Courier New";
                    fontcolor = 162;
                    fonttype = 2;
                    fontsize = 2.38;
                    fontratio = 1;
                    fontslant = 0;
                    fontstyle = 0;
                    angle = 0;
                    justify = LEFT;
                    pen = 0;
                };

                text _tmp_2496
                {
                    name = "Text_402";
                    x1 = 65;
                    y1 = 0;
                    x2 = 65;
                    y2 = 0;
                    string = "Length(mm):";
                    fontname = "Courier New";
                    fontcolor = 162;
                    fonttype = 2;
                    fontsize = 2.38;
                    fontratio = 1;
                    fontslant = 0;
                    fontstyle = 0;
                    angle = 0;
                    justify = LEFT;
                    pen = 0;
                };

                text _tmp_2497
                {
                    name = "Text_403";
                    x1 = 65;
                    y1 = 1;
                    x2 = 65;
                    y2 = 1;
                    string = "Total";
                    fontname = "Courier New";
                    fontcolor = 162;
                    fonttype = 2;
                    fontsize = 2.38;
                    fontratio = 1;
                    fontslant = 0;
                    fontstyle = 0;
                    angle = 0;
                    justify = LEFT;
                    pen = 0;
                };

                text _tmp_2498
                {
                    name = "Text_404";
                    x1 = 79;
                    y1 = 1;
                    x2 = 79;
                    y2 = 1;
                    string = "Total";
                    fontname = "Courier New";
                    fontcolor = 162;
                    fonttype = 2;
                    fontsize = 2.38;
                    fontratio = 1;
                    fontslant = 0;
                    fontstyle = 0;
                    angle = 0;
                    justify = LEFT;
                    pen = 0;
                };

                text _tmp_2499
                {
                    name = "Text_405";
                    x1 = 79;
                    y1 = 0;
                    x2 = 79;
                    y2 = 0;
                    string = "Weight(kg):";
                    fontname = "Courier New";
                    fontcolor = 162;
                    fonttype = 2;
                    fontsize = 2.38;
                    fontratio = 1;
                    fontslant = 0;
                    fontstyle = 0;
                    angle = 0;
                    justify = LEFT;
                    pen = 0;
                };
            };

            row _tmp_2500
            {
                name = "Row_80";
                height = 1;
                visibility = TRUE;
                usecolumns = FALSE;
                rule = "if (GetValue(\"SHAPE\") == \"STR\" &&GetValue(\"GROUP_TYPE\") == 0) then\r\n  Output()\r\nelse\r\n  StepOver()\r\nendif\r\n";
                contenttype = "REBAR";
                sorttype = COMBINE;

                valuefield _tmp_2501
                {
                    name = "ValueField_373";
                    location = (33, 0);
                    formula = "GetValue(\"GRADE\")";
                    datatype = STRING;
                    class = "";
                    cacheable = TRUE;
                    justify = LEFT;
                    visibility = TRUE;
                    angle = 0;
                    length = 7;
                    decimals = 0;
                    sortdirection = ASCENDING;
                    fontname = "Courier New";
                    fontcolor = 153;
                    fonttype = 2;
                    fontsize = 1;
                    fontratio = 1;
                    fontstyle = 0;
                    fontslant = 0;
                    pen = 0;
                    oncombine = NONE;
                };

                valuefield _tmp_2502
                {
                    name = "ValueField_374";
                    location = (44, 0);
                    formula = "GetValue(\"SIZE\")";
                    datatype = STRING;
                    class = "";
                    cacheable = TRUE;
                    justify = CENTERED;
                    visibility = TRUE;
                    angle = 0;
                    length = 6;
                    decimals = 0;
                    sortdirection = ASCENDING;
                    fontname = "Courier New";
                    fontcolor = 153;
                    fonttype = 2;
                    fontsize = 1;
                    fontratio = 1;
                    fontstyle = 0;
                    fontslant = 0;
                    pen = 0;
                    oncombine = NONE;
                };

                valuefield _tmp_2503
                {
                    name = "ValueField_375";
                    location = (53, 0);
                    formula = "GetValue(\"LENGTH\")";
                    datatype = DOUBLE;
                    class = "Length";
                    cacheable = TRUE;
                    justify = RIGHT;
                    visibility = TRUE;
                    angle = 0;
                    length = 8;
                    decimals = 0;
                    sortdirection = ASCENDING;
                    fontname = "Courier New";
                    fontcolor = 153;
                    fonttype = 2;
                    fontsize = 1;
                    fontratio = 1;
                    fontstyle = 0;
                    fontslant = 0;
                    pen = 0;
                    oncombine = NONE;
                    unit = "mm";
                };

                valuefield _tmp_2504
                {
                    name = "ValueField_376";
                    location = (22, 0);
                    formula = "GetValue(\"NUMBER\")";
                    datatype = INTEGER;
                    class = "";
                    cacheable = TRUE;
                    justify = RIGHT;
                    visibility = TRUE;
                    angle = 0;
                    length = 3;
                    decimals = 0;
                    sortdirection = NONE;
                    fontname = "Courier New";
                    fontcolor = 153;
                    fonttype = 2;
                    fontsize = 1;
                    fontratio = 1;
                    fontstyle = 0;
                    fontslant = 0;
                    pen = 0;
                    oncombine = SUM;
                };

                valuefield _tmp_2505
                {
                    name = "ValueField_377";
                    location = (64, 0);
                    formula = "GetValue(\"LENGTH\")*GetValue(\"NUMBER\")";
                    datatype = DOUBLE;
                    class = "Length";
                    cacheable = TRUE;
                    justify = RIGHT;
                    visibility = TRUE;
                    angle = 0;
                    length = 10;
                    decimals = 0;
                    sortdirection = NONE;
                    fontname = "Courier New";
                    fontcolor = 153;
                    fonttype = 2;
                    fontsize = 1;
                    fontratio = 1;
                    fontstyle = 0;
                    fontslant = 0;
                    pen = 0;
                    oncombine = SUM;
                    unit = "mm";
                };

                valuefield _tmp_2506
                {
                    name = "ValueField_378";
                    location = (80, 0);
                    formula = "GetValue(\"WEIGHT_TOTAL\")";
                    datatype = DOUBLE;
                    class = "Weight";
                    cacheable = TRUE;
                    justify = RIGHT;
                    visibility = TRUE;
                    angle = 0;
                    length = 8;
                    decimals = 0;
                    sortdirection = NONE;
                    fontname = "Courier New";
                    fontcolor = 153;
                    fonttype = 2;
                    fontsize = 1;
                    fontratio = 1;
                    fontstyle = 0;
                    fontslant = 0;
                    pen = 0;
                    oncombine = SUM;
                    unit = "kg";
                };

                valuefield _tmp_2507
                {
                    name = "ValueField_379";
                    location = (16, 0);
                    formula = "GetValue(\"GROUP_TYPE\")";
                    datatype = INTEGER;
                    class = "";
                    cacheable = TRUE;
                    justify = LEFT;
                    visibility = FALSE;
                    angle = 0;
                    length = 2;
                    decimals = 0;
                    sortdirection = ASCENDING;
                    fontname = "Courier New";
                    fontcolor = 153;
                    fonttype = 2;
                    fontsize = 0.8;
                    fontratio = 0.75;
                    fontstyle = 0;
                    fontslant = 0;
                    pen = 0;
                    oncombine = NONE;
                };
            };

            row _tmp_2508
            {
                name = "Row_81";
                height = 1;
                visibility = TRUE;
                usecolumns = FALSE;
                rule = "if (GetValue(\"SHAPE\") == \"STR\" &&GetValue(\"GROUP_TYPE\") >= 1 &&GetValue(\"GRADE\") != \"WFP\") then\r\n  Output()\r\nelse\r\n  StepOver()\r\nendif\r\n";
                contenttype = "REBAR";
                sorttype = COMBINE;

                valuefield _tmp_2509
                {
                    name = "ValueField_380";
                    location = (33, 0);
                    formula = "GetValue(\"GRADE\")";
                    datatype = STRING;
                    class = "";
                    cacheable = TRUE;
                    justify = LEFT;
                    visibility = TRUE;
                    angle = 0;
                    length = 7;
                    decimals = 0;
                    sortdirection = ASCENDING;
                    fontname = "Courier New";
                    fontcolor = 153;
                    fonttype = 2;
                    fontsize = 1;
                    fontratio = 1;
                    fontstyle = 0;
                    fontslant = 0;
                    pen = 0;
                    oncombine = NONE;
                };

                valuefield _tmp_2510
                {
                    name = "ValueField_381";
                    location = (44, 0);
                    formula = "GetValue(\"SIZE\")";
                    datatype = STRING;
                    class = "";
                    cacheable = TRUE;
                    justify = CENTERED;
                    visibility = TRUE;
                    angle = 0;
                    length = 6;
                    decimals = 0;
                    sortdirection = ASCENDING;
                    fontname = "Courier New";
                    fontcolor = 153;
                    fonttype = 2;
                    fontsize = 1;
                    fontratio = 1;
                    fontstyle = 0;
                    fontslant = 0;
                    pen = 0;
                    oncombine = NONE;
                };

                valuefield _tmp_2511
                {
                    name = "ValueField_382";
                    location = (22, 0);
                    formula = "GetValue(\"NUMBER\")";
                    datatype = INTEGER;
                    class = "";
                    cacheable = TRUE;
                    justify = RIGHT;
                    visibility = TRUE;
                    angle = 0;
                    length = 3;
                    decimals = 0;
                    sortdirection = NONE;
                    fontname = "Courier New";
                    fontcolor = 153;
                    fonttype = 2;
                    fontsize = 1;
                    fontratio = 1;
                    fontstyle = 0;
                    fontslant = 0;
                    pen = 0;
                    oncombine = SUM;
                };

                valuefield _tmp_2512
                {
                    name = "ValueField_383";
                    location = (80, 0);
                    formula = "GetValue(\"WEIGHT_TOTAL\")";
                    datatype = DOUBLE;
                    class = "Weight";
                    cacheable = TRUE;
                    justify = RIGHT;
                    visibility = TRUE;
                    angle = 0;
                    length = 8;
                    decimals = 0;
                    sortdirection = NONE;
                    fontname = "Courier New";
                    fontcolor = 153;
                    fonttype = 2;
                    fontsize = 1;
                    fontratio = 1;
                    fontstyle = 0;
                    fontslant = 0;
                    pen = 0;
                    oncombine = SUM;
                    unit = "kg";
                };

                valuefield _tmp_2513
                {
                    name = "ValueField_384";
                    location = (16, 0);
                    formula = "GetValue(\"GROUP_TYPE\")";
                    datatype = INTEGER;
                    class = "";
                    cacheable = TRUE;
                    justify = LEFT;
                    visibility = FALSE;
                    angle = 0;
                    length = 2;
                    decimals = 0;
                    sortdirection = ASCENDING;
                    fontname = "Courier New";
                    fontcolor = 153;
                    fonttype = 2;
                    fontsize = 0.8;
                    fontratio = 0.75;
                    fontstyle = 0;
                    fontslant = 0;
                    pen = 0;
                    oncombine = NONE;
                };

                text _tmp_2514
                {
                    name = "Text_406";
                    x1 = 51;
                    y1 = 0;
                    x2 = 51;
                    y2 = 0;
                    string = "L MIN";
                    fontname = "Courier New";
                    fontcolor = 153;
                    fonttype = 2;
                    fontsize = 0.8;
                    fontratio = 0.75;
                    fontslant = 0;
                    fontstyle = 0;
                    angle = 0;
                    justify = LEFT;
                    pen = 0;
                };

                valuefield _tmp_2515
                {
                    name = "ValueField_385";
                    location = (57, 0);
                    formula = "GetValue(\"LENGTH_MIN\")";
                    datatype = DOUBLE;
                    class = "Length";
                    cacheable = TRUE;
                    justify = LEFT;
                    visibility = TRUE;
                    angle = 0;
                    length = 7;
                    decimals = 1;
                    sortdirection = ASCENDING;
                    fontname = "Courier New";
                    fontcolor = 153;
                    fonttype = 2;
                    fontsize = 0.8;
                    fontratio = 0.75;
                    fontstyle = 0;
                    fontslant = 0;
                    pen = 0;
                    oncombine = NONE;
                    unit = "mm";
                };

                text _tmp_2516
                {
                    name = "Text_407";
                    x1 = 64;
                    y1 = 0;
                    x2 = 64;
                    y2 = 0;
                    string = "-";
                    fontname = "Courier New";
                    fontcolor = 153;
                    fonttype = 2;
                    fontsize = 0.8;
                    fontratio = 0.75;
                    fontslant = 0;
                    fontstyle = 0;
                    angle = 0;
                    justify = LEFT;
                    pen = 0;
                };

                text _tmp_2517
                {
                    name = "Text_408";
                    x1 = 66;
                    y1 = 0;
                    x2 = 66;
                    y2 = 0;
                    string = "L MAX";
                    fontname = "Courier New";
                    fontcolor = 153;
                    fonttype = 2;
                    fontsize = 0.8;
                    fontratio = 0.75;
                    fontslant = 0;
                    fontstyle = 0;
                    angle = 0;
                    justify = LEFT;
                    pen = 0;
                };

                valuefield _tmp_2518
                {
                    name = "ValueField_386";
                    location = (72, 0);
                    formula = "GetValue(\"LENGTH_MAX\")";
                    datatype = DOUBLE;
                    class = "Length";
                    cacheable = TRUE;
                    justify = LEFT;
                    visibility = TRUE;
                    angle = 0;
                    length = 7;
                    decimals = 1;
                    sortdirection = NONE;
                    fontname = "Courier New";
                    fontcolor = 153;
                    fonttype = 2;
                    fontsize = 0.8;
                    fontratio = 0.75;
                    fontstyle = 0;
                    fontslant = 0;
                    pen = 0;
                    oncombine = NONE;
                    unit = "mm";
                };

                row _tmp_2519
                {
                    name = "Row_82";
                    height = 1;
                    visibility = TRUE;
                    usecolumns = FALSE;
                    rule = "";
                    contenttype = "SINGLE_REBAR";
                    sorttype = COMBINE;

                    valuefield _tmp_2520
                    {
                        name = "ValueField_387";
                        location = (44, 0);
                        formula = "GetValue(\"REBAR.SIZE\")";
                        datatype = STRING;
                        class = "";
                        cacheable = TRUE;
                        justify = CENTERED;
                        visibility = TRUE;
                        angle = 0;
                        length = 6;
                        decimals = 0;
                        sortdirection = ASCENDING;
                        fontname = "Courier New";
                        fontcolor = 153;
                        fonttype = 2;
                        fontsize = 1;
                        fontratio = 1;
                        fontstyle = 0;
                        fontslant = 0;
                        pen = 0;
                        oncombine = NONE;
                    };

                    valuefield _tmp_2521
                    {
                        name = "ValueField_388";
                        location = (53, 0);
                        formula = "GetValue(\"LENGTH\")";
                        datatype = DOUBLE;
                        class = "Length";
                        cacheable = TRUE;
                        justify = RIGHT;
                        visibility = TRUE;
                        angle = 0;
                        length = 8;
                        decimals = 0;
                        sortdirection = ASCENDING;
                        fontname = "Courier New";
                        fontcolor = 153;
                        fonttype = 2;
                        fontsize = 1;
                        fontratio = 1;
                        fontstyle = 0;
                        fontslant = 0;
                        pen = 0;
                        oncombine = NONE;
                        unit = "mm";
                    };

                    valuefield _tmp_2522
                    {
                        name = "ValueField_389";
                        location = (22, 0);
                        formula = "GetValue(\"NUMBER\")";
                        datatype = INTEGER;
                        class = "";
                        cacheable = TRUE;
                        justify = RIGHT;
                        visibility = TRUE;
                        angle = 0;
                        length = 3;
                        decimals = 0;
                        sortdirection = NONE;
                        fontname = "Courier New";
                        fontcolor = 153;
                        fonttype = 2;
                        fontsize = 1;
                        fontratio = 1;
                        fontstyle = 0;
                        fontslant = 0;
                        pen = 0;
                        oncombine = SUM;
                    };

                    valuefield _tmp_2523
                    {
                        name = "ValueField_390";
                        location = (64, 0);
                        formula = "GetValue(\"LENGTH\")*GetValue(\"NUMBER\")";
                        datatype = DOUBLE;
                        class = "Length";
                        cacheable = TRUE;
                        justify = RIGHT;
                        visibility = TRUE;
                        angle = 0;
                        length = 10;
                        decimals = 0;
                        sortdirection = NONE;
                        fontname = "Courier New";
                        fontcolor = 153;
                        fonttype = 2;
                        fontsize = 1;
                        fontratio = 1;
                        fontstyle = 0;
                        fontslant = 0;
                        pen = 0;
                        oncombine = SUM;
                        unit = "mm";
                    };

                    valuefield _tmp_2524
                    {
                        name = "ValueField_391";
                        location = (80, 0);
                        formula = "GetValue(\"WEIGHT_TOTAL\")";
                        datatype = DOUBLE;
                        class = "Weight";
                        cacheable = TRUE;
                        justify = RIGHT;
                        visibility = TRUE;
                        angle = 0;
                        length = 8;
                        decimals = 0;
                        sortdirection = NONE;
                        fontname = "Courier New";
                        fontcolor = 153;
                        fonttype = 2;
                        fontsize = 1;
                        fontratio = 1;
                        fontstyle = 0;
                        fontslant = 0;
                        pen = 0;
                        oncombine = SUM;
                        unit = "kg";
                    };

                    valuefield _tmp_2525
                    {
                        name = "ValueField_392";
                        location = (16, 0);
                        formula = "GetValue(\"GROUP_TYPE\")";
                        datatype = INTEGER;
                        class = "";
                        cacheable = TRUE;
                        justify = LEFT;
                        visibility = FALSE;
                        angle = 0;
                        length = 2;
                        decimals = 0;
                        sortdirection = ASCENDING;
                        fontname = "Courier New";
                        fontcolor = 153;
                        fonttype = 2;
                        fontsize = 0.8;
                        fontratio = 0.75;
                        fontstyle = 0;
                        fontslant = 0;
                        pen = 0;
                        oncombine = NONE;
                    };
                };
            };

            row _tmp_2526
            {
                name = "Row_83";
                height = 3;
                visibility = TRUE;
                usecolumns = FALSE;
                rule = "if (GetValue(\"SHAPE\") != \"STR\") then\r\n  Output()\r\nelse\r\n  StepOver()\r\nendif";
                contenttype = "REBAR";
                sorttype = COMBINE;

                text _tmp_2527
                {
                    name = "Text_409";
                    x1 = 15;
                    y1 = 1;
                    x2 = 15;
                    y2 = 1;
                    string = "Bent Rebar List:";
                    fontname = "Courier New";
                    fontcolor = 162;
                    fonttype = 2;
                    fontsize = 2.38;
                    fontratio = 1;
                    fontslant = 0;
                    fontstyle = 0;
                    angle = 0;
                    justify = LEFT;
                    pen = 0;
                };

                text _tmp_2528
                {
                    name = "Text_410";
                    x1 = 15;
                    y1 = 2;
                    x2 = 15;
                    y2 = 2;
                    string = "_____________________________________________________________________________________";
                    fontname = "Courier New";
                    fontcolor = 162;
                    fonttype = 2;
                    fontsize = 2.38;
                    fontratio = 1;
                    fontslant = 0;
                    fontstyle = 0;
                    angle = 0;
                    justify = LEFT;
                    pen = 0;
                };

                text _tmp_2529
                {
                    name = "Text_411";
                    x1 = 27;
                    y1 = 0;
                    x2 = 27;
                    y2 = 0;
                    string = "Typ:";
                    fontname = "Courier New";
                    fontcolor = 162;
                    fonttype = 2;
                    fontsize = 1;
                    fontratio = 1;
                    fontslant = 0;
                    fontstyle = 0;
                    angle = 0;
                    justify = LEFT;
                    pen = 0;
                };

                text _tmp_2530
                {
                    name = "Text_412";
                    x1 = 22;
                    y1 = 0;
                    x2 = 22;
                    y2 = 0;
                    string = "Qty:";
                    fontname = "Courier New";
                    fontcolor = 162;
                    fonttype = 2;
                    fontsize = 1;
                    fontratio = 1;
                    fontslant = 0;
                    fontstyle = 0;
                    angle = 0;
                    justify = LEFT;
                    pen = 0;
                };

                text _tmp_2531
                {
                    name = "Text_413";
                    x1 = 33;
                    y1 = 0;
                    x2 = 33;
                    y2 = 0;
                    string = "Grade:";
                    fontname = "Courier New";
                    fontcolor = 162;
                    fonttype = 2;
                    fontsize = 2.38;
                    fontratio = 1;
                    fontslant = 0;
                    fontstyle = 0;
                    angle = 0;
                    justify = LEFT;
                    pen = 0;
                };

                text _tmp_2532
                {
                    name = "Text_414";
                    x1 = 45;
                    y1 = 0;
                    x2 = 45;
                    y2 = 0;
                    string = "Size:";
                    fontname = "Courier New";
                    fontcolor = 162;
                    fonttype = 2;
                    fontsize = 2.38;
                    fontratio = 1;
                    fontslant = 0;
                    fontstyle = 0;
                    angle = 0;
                    justify = LEFT;
                    pen = 0;
                };

                text _tmp_2533
                {
                    name = "Text_415";
                    x1 = 52;
                    y1 = 0;
                    x2 = 52;
                    y2 = 0;
                    string = "Length(mm):";
                    fontname = "Courier New";
                    fontcolor = 162;
                    fonttype = 2;
                    fontsize = 2.38;
                    fontratio = 1;
                    fontslant = 0;
                    fontstyle = 0;
                    angle = 0;
                    justify = LEFT;
                    pen = 0;
                };

                text _tmp_2534
                {
                    name = "Text_416";
                    x1 = 65;
                    y1 = 1;
                    x2 = 65;
                    y2 = 1;
                    string = "Total";
                    fontname = "Courier New";
                    fontcolor = 162;
                    fonttype = 2;
                    fontsize = 2.38;
                    fontratio = 1;
                    fontslant = 0;
                    fontstyle = 0;
                    angle = 0;
                    justify = LEFT;
                    pen = 0;
                };

                text _tmp_2535
                {
                    name = "Text_417";
                    x1 = 65;
                    y1 = 0;
                    x2 = 65;
                    y2 = 0;
                    string = "Length(mm):";
                    fontname = "Courier New";
                    fontcolor = 162;
                    fonttype = 2;
                    fontsize = 2.38;
                    fontratio = 1;
                    fontslant = 0;
                    fontstyle = 0;
                    angle = 0;
                    justify = LEFT;
                    pen = 0;
                };

                text _tmp_2536
                {
                    name = "Text_418";
                    x1 = 79;
                    y1 = 1;
                    x2 = 79;
                    y2 = 1;
                    string = "Total";
                    fontname = "Courier New";
                    fontcolor = 162;
                    fonttype = 2;
                    fontsize = 2.38;
                    fontratio = 1;
                    fontslant = 0;
                    fontstyle = 0;
                    angle = 0;
                    justify = LEFT;
                    pen = 0;
                };

                text _tmp_2537
                {
                    name = "Text_419";
                    x1 = 79;
                    y1 = 0;
                    x2 = 79;
                    y2 = 0;
                    string = "Weight(kg):";
                    fontname = "Courier New";
                    fontcolor = 162;
                    fonttype = 2;
                    fontsize = 2.38;
                    fontratio = 1;
                    fontslant = 0;
                    fontstyle = 0;
                    angle = 0;
                    justify = LEFT;
                    pen = 0;
                };
            };

            row _tmp_2538
            {
                name = "Row_84";
                height = 1;
                visibility = TRUE;
                usecolumns = FALSE;
                rule = "if (GetValue(\"SHAPE\") != \"STR\" &&GetValue(\"GROUP_TYPE\") == 0) then\r\n  Output()\r\nelse\r\n  StepOver()\r\nendif\r\n\r\n\r\n";
                contenttype = "REBAR";
                sorttype = COMBINE;

                valuefield _tmp_2539
                {
                    name = "ValueField_393";
                    location = (33, 0);
                    formula = "GetValue(\"GRADE\")";
                    datatype = STRING;
                    class = "";
                    cacheable = TRUE;
                    justify = LEFT;
                    visibility = TRUE;
                    angle = 0;
                    length = 7;
                    decimals = 0;
                    sortdirection = ASCENDING;
                    fontname = "Courier New";
                    fontcolor = 153;
                    fonttype = 2;
                    fontsize = 1;
                    fontratio = 1;
                    fontstyle = 0;
                    fontslant = 0;
                    pen = 0;
                    oncombine = NONE;
                };

                valuefield _tmp_2540
                {
                    name = "ValueField_394";
                    location = (44, 0);
                    formula = "GetValue(\"SIZE\")";
                    datatype = STRING;
                    class = "";
                    cacheable = TRUE;
                    justify = CENTERED;
                    visibility = TRUE;
                    angle = 0;
                    length = 6;
                    decimals = 0;
                    sortdirection = ASCENDING;
                    fontname = "Courier New";
                    fontcolor = 153;
                    fonttype = 2;
                    fontsize = 1;
                    fontratio = 1;
                    fontstyle = 0;
                    fontslant = 0;
                    pen = 0;
                    oncombine = NONE;
                };

                valuefield _tmp_2541
                {
                    name = "ValueField_395";
                    location = (53, 0);
                    formula = "GetValue(\"LENGTH\")";
                    datatype = DOUBLE;
                    class = "Length";
                    cacheable = TRUE;
                    justify = RIGHT;
                    visibility = TRUE;
                    angle = 0;
                    length = 8;
                    decimals = 0;
                    sortdirection = ASCENDING;
                    fontname = "Courier New";
                    fontcolor = 153;
                    fonttype = 2;
                    fontsize = 1;
                    fontratio = 1;
                    fontstyle = 0;
                    fontslant = 0;
                    pen = 0;
                    oncombine = NONE;
                    unit = "mm";
                };

                valuefield _tmp_2542
                {
                    name = "ValueField_396";
                    location = (22, 0);
                    formula = "GetValue(\"NUMBER\")";
                    datatype = INTEGER;
                    class = "";
                    cacheable = TRUE;
                    justify = RIGHT;
                    visibility = TRUE;
                    angle = 0;
                    length = 3;
                    decimals = 0;
                    sortdirection = NONE;
                    fontname = "Courier New";
                    fontcolor = 153;
                    fonttype = 2;
                    fontsize = 1;
                    fontratio = 1;
                    fontstyle = 0;
                    fontslant = 0;
                    pen = 0;
                    oncombine = SUM;
                };

                valuefield _tmp_2543
                {
                    name = "ValueField_397";
                    location = (64, 0);
                    formula = "GetValue(\"LENGTH\")*GetValue(\"NUMBER\")";
                    datatype = DOUBLE;
                    class = "Length";
                    cacheable = TRUE;
                    justify = RIGHT;
                    visibility = TRUE;
                    angle = 0;
                    length = 10;
                    decimals = 0;
                    sortdirection = NONE;
                    fontname = "Courier New";
                    fontcolor = 153;
                    fonttype = 2;
                    fontsize = 1;
                    fontratio = 1;
                    fontstyle = 0;
                    fontslant = 0;
                    pen = 0;
                    oncombine = SUM;
                    unit = "mm";
                };

                valuefield _tmp_2544
                {
                    name = "ValueField_398";
                    location = (80, 0);
                    formula = "GetValue(\"WEIGHT_TOTAL\")";
                    datatype = DOUBLE;
                    class = "Weight";
                    cacheable = TRUE;
                    justify = RIGHT;
                    visibility = TRUE;
                    angle = 0;
                    length = 8;
                    decimals = 0;
                    sortdirection = NONE;
                    fontname = "Courier New";
                    fontcolor = 153;
                    fonttype = 2;
                    fontsize = 1;
                    fontratio = 1;
                    fontstyle = 0;
                    fontslant = 0;
                    pen = 0;
                    oncombine = SUM;
                    unit = "kg";
                };

                valuefield _tmp_2545
                {
                    name = "ValueField_399";
                    location = (16, 0);
                    formula = "GetValue(\"GROUP_TYPE\")";
                    datatype = INTEGER;
                    class = "";
                    cacheable = TRUE;
                    justify = LEFT;
                    visibility = FALSE;
                    angle = 0;
                    length = 2;
                    decimals = 0;
                    sortdirection = ASCENDING;
                    fontname = "Courier New";
                    fontcolor = 153;
                    fonttype = 2;
                    fontsize = 0.8;
                    fontratio = 0.75;
                    fontstyle = 0;
                    fontslant = 0;
                    pen = 0;
                    oncombine = NONE;
                };

                valuefield _tmp_2546
                {
                    name = "ValueField_400";
                    location = (27, 0);
                    formula = "GetValue(\"SHAPE\")";
                    datatype = STRING;
                    class = "";
                    cacheable = TRUE;
                    justify = RIGHT;
                    visibility = TRUE;
                    angle = 0;
                    length = 3;
                    decimals = 0;
                    sortdirection = NONE;
                    fontname = "Courier New";
                    fontcolor = 153;
                    fonttype = 2;
                    fontsize = 1;
                    fontratio = 1;
                    fontstyle = 0;
                    fontslant = 0;
                    pen = 0;
                    oncombine = NONE;
                };
            };

            row _tmp_2547
            {
                name = "Row_85";
                height = 1;
                visibility = TRUE;
                usecolumns = FALSE;
                rule = "if (GetValue(\"SHAPE\") != \"STR\" &&GetValue(\"GROUP_TYPE\") >= 1 &&GetValue(\"GRADE\") != \"WFP\") then\r\n  Output()\r\nelse\r\n  StepOver()\r\nendif\r\n";
                contenttype = "REBAR";
                sorttype = COMBINE;

                valuefield _tmp_2548
                {
                    name = "ValueField_401";
                    location = (33, 0);
                    formula = "GetValue(\"GRADE\")";
                    datatype = STRING;
                    class = "";
                    cacheable = TRUE;
                    justify = LEFT;
                    visibility = TRUE;
                    angle = 0;
                    length = 7;
                    decimals = 0;
                    sortdirection = ASCENDING;
                    fontname = "Courier New";
                    fontcolor = 153;
                    fonttype = 2;
                    fontsize = 1;
                    fontratio = 1;
                    fontstyle = 0;
                    fontslant = 0;
                    pen = 0;
                    oncombine = NONE;
                };

                valuefield _tmp_2549
                {
                    name = "ValueField_402";
                    location = (44, 0);
                    formula = "GetValue(\"SIZE\")";
                    datatype = STRING;
                    class = "";
                    cacheable = TRUE;
                    justify = CENTERED;
                    visibility = TRUE;
                    angle = 0;
                    length = 6;
                    decimals = 0;
                    sortdirection = ASCENDING;
                    fontname = "Courier New";
                    fontcolor = 153;
                    fonttype = 2;
                    fontsize = 1;
                    fontratio = 1;
                    fontstyle = 0;
                    fontslant = 0;
                    pen = 0;
                    oncombine = NONE;
                };

                valuefield _tmp_2550
                {
                    name = "ValueField_403";
                    location = (22, 0);
                    formula = "GetValue(\"NUMBER\")";
                    datatype = INTEGER;
                    class = "";
                    cacheable = TRUE;
                    justify = RIGHT;
                    visibility = TRUE;
                    angle = 0;
                    length = 3;
                    decimals = 0;
                    sortdirection = NONE;
                    fontname = "Courier New";
                    fontcolor = 153;
                    fonttype = 2;
                    fontsize = 1;
                    fontratio = 1;
                    fontstyle = 0;
                    fontslant = 0;
                    pen = 0;
                    oncombine = SUM;
                };

                valuefield _tmp_2551
                {
                    name = "ValueField_404";
                    location = (80, 0);
                    formula = "GetValue(\"WEIGHT_TOTAL\")";
                    datatype = DOUBLE;
                    class = "Weight";
                    cacheable = TRUE;
                    justify = RIGHT;
                    visibility = TRUE;
                    angle = 0;
                    length = 8;
                    decimals = 0;
                    sortdirection = NONE;
                    fontname = "Courier New";
                    fontcolor = 153;
                    fonttype = 2;
                    fontsize = 1;
                    fontratio = 1;
                    fontstyle = 0;
                    fontslant = 0;
                    pen = 0;
                    oncombine = SUM;
                    unit = "kg";
                };

                valuefield _tmp_2552
                {
                    name = "ValueField_405";
                    location = (16, 0);
                    formula = "GetValue(\"GROUP_TYPE\")";
                    datatype = INTEGER;
                    class = "";
                    cacheable = TRUE;
                    justify = LEFT;
                    visibility = FALSE;
                    angle = 0;
                    length = 2;
                    decimals = 0;
                    sortdirection = ASCENDING;
                    fontname = "Courier New";
                    fontcolor = 153;
                    fonttype = 2;
                    fontsize = 0.8;
                    fontratio = 0.75;
                    fontstyle = 0;
                    fontslant = 0;
                    pen = 0;
                    oncombine = NONE;
                };

                text _tmp_2553
                {
                    name = "Text_420";
                    x1 = 51;
                    y1 = 0;
                    x2 = 51;
                    y2 = 0;
                    string = "L MIN";
                    fontname = "Courier New";
                    fontcolor = 153;
                    fonttype = 2;
                    fontsize = 0.8;
                    fontratio = 0.75;
                    fontslant = 0;
                    fontstyle = 0;
                    angle = 0;
                    justify = LEFT;
                    pen = 0;
                };

                valuefield _tmp_2554
                {
                    name = "ValueField_406";
                    location = (57, 0);
                    formula = "GetValue(\"LENGTH_MIN\")";
                    datatype = DOUBLE;
                    class = "Length";
                    cacheable = TRUE;
                    justify = LEFT;
                    visibility = TRUE;
                    angle = 0;
                    length = 7;
                    decimals = 1;
                    sortdirection = ASCENDING;
                    fontname = "Courier New";
                    fontcolor = 153;
                    fonttype = 2;
                    fontsize = 0.8;
                    fontratio = 0.75;
                    fontstyle = 0;
                    fontslant = 0;
                    pen = 0;
                    oncombine = NONE;
                    unit = "mm";
                };

                text _tmp_2555
                {
                    name = "Text_421";
                    x1 = 64;
                    y1 = 0;
                    x2 = 64;
                    y2 = 0;
                    string = "-";
                    fontname = "Courier New";
                    fontcolor = 153;
                    fonttype = 2;
                    fontsize = 0.8;
                    fontratio = 0.75;
                    fontslant = 0;
                    fontstyle = 0;
                    angle = 0;
                    justify = LEFT;
                    pen = 0;
                };

                text _tmp_2556
                {
                    name = "Text_422";
                    x1 = 66;
                    y1 = 0;
                    x2 = 66;
                    y2 = 0;
                    string = "L MAX";
                    fontname = "Courier New";
                    fontcolor = 153;
                    fonttype = 2;
                    fontsize = 0.8;
                    fontratio = 0.75;
                    fontslant = 0;
                    fontstyle = 0;
                    angle = 0;
                    justify = LEFT;
                    pen = 0;
                };

                valuefield _tmp_2557
                {
                    name = "ValueField_407";
                    location = (72, 0);
                    formula = "GetValue(\"LENGTH_MAX\")";
                    datatype = DOUBLE;
                    class = "Length";
                    cacheable = TRUE;
                    justify = LEFT;
                    visibility = TRUE;
                    angle = 0;
                    length = 7;
                    decimals = 1;
                    sortdirection = NONE;
                    fontname = "Courier New";
                    fontcolor = 153;
                    fonttype = 2;
                    fontsize = 0.8;
                    fontratio = 0.75;
                    fontstyle = 0;
                    fontslant = 0;
                    pen = 0;
                    oncombine = NONE;
                    unit = "mm";
                };

                valuefield _tmp_2558
                {
                    name = "ValueField_408";
                    location = (27, 0);
                    formula = "GetValue(\"SHAPE\")";
                    datatype = STRING;
                    class = "";
                    cacheable = TRUE;
                    justify = RIGHT;
                    visibility = TRUE;
                    angle = 0;
                    length = 3;
                    decimals = 0;
                    sortdirection = NONE;
                    fontname = "Courier New";
                    fontcolor = 153;
                    fonttype = 2;
                    fontsize = 1;
                    fontratio = 1;
                    fontstyle = 0;
                    fontslant = 0;
                    pen = 0;
                    oncombine = NONE;
                };

                row _tmp_2559
                {
                    name = "Row_86";
                    height = 1;
                    visibility = TRUE;
                    usecolumns = FALSE;
                    rule = "";
                    contenttype = "SINGLE_REBAR";
                    sorttype = COMBINE;

                    valuefield _tmp_2560
                    {
                        name = "ValueField_409";
                        location = (44, 0);
                        formula = "GetValue(\"REBAR.SIZE\")";
                        datatype = STRING;
                        class = "";
                        cacheable = TRUE;
                        justify = CENTERED;
                        visibility = TRUE;
                        angle = 0;
                        length = 6;
                        decimals = 0;
                        sortdirection = ASCENDING;
                        fontname = "Courier New";
                        fontcolor = 153;
                        fonttype = 2;
                        fontsize = 1;
                        fontratio = 1;
                        fontstyle = 0;
                        fontslant = 0;
                        pen = 0;
                        oncombine = NONE;
                    };

                    valuefield _tmp_2561
                    {
                        name = "ValueField_410";
                        location = (53, 0);
                        formula = "GetValue(\"LENGTH\")";
                        datatype = DOUBLE;
                        class = "Length";
                        cacheable = TRUE;
                        justify = RIGHT;
                        visibility = TRUE;
                        angle = 0;
                        length = 8;
                        decimals = 0;
                        sortdirection = ASCENDING;
                        fontname = "Courier New";
                        fontcolor = 153;
                        fonttype = 2;
                        fontsize = 1;
                        fontratio = 1;
                        fontstyle = 0;
                        fontslant = 0;
                        pen = 0;
                        oncombine = NONE;
                        unit = "mm";
                    };

                    valuefield _tmp_2562
                    {
                        name = "ValueField_411";
                        location = (22, 0);
                        formula = "GetValue(\"NUMBER\")";
                        datatype = INTEGER;
                        class = "";
                        cacheable = TRUE;
                        justify = RIGHT;
                        visibility = TRUE;
                        angle = 0;
                        length = 3;
                        decimals = 0;
                        sortdirection = NONE;
                        fontname = "Courier New";
                        fontcolor = 153;
                        fonttype = 2;
                        fontsize = 1;
                        fontratio = 1;
                        fontstyle = 0;
                        fontslant = 0;
                        pen = 0;
                        oncombine = SUM;
                    };

                    valuefield _tmp_2563
                    {
                        name = "ValueField_412";
                        location = (64, 0);
                        formula = "GetValue(\"LENGTH\")*GetValue(\"NUMBER\")";
                        datatype = DOUBLE;
                        class = "Length";
                        cacheable = TRUE;
                        justify = RIGHT;
                        visibility = TRUE;
                        angle = 0;
                        length = 10;
                        decimals = 0;
                        sortdirection = NONE;
                        fontname = "Courier New";
                        fontcolor = 153;
                        fonttype = 2;
                        fontsize = 1;
                        fontratio = 1;
                        fontstyle = 0;
                        fontslant = 0;
                        pen = 0;
                        oncombine = SUM;
                        unit = "mm";
                    };

                    valuefield _tmp_2564
                    {
                        name = "ValueField_413";
                        location = (80, 0);
                        formula = "GetValue(\"WEIGHT_TOTAL\")";
                        datatype = DOUBLE;
                        class = "Weight";
                        cacheable = TRUE;
                        justify = RIGHT;
                        visibility = TRUE;
                        angle = 0;
                        length = 8;
                        decimals = 0;
                        sortdirection = NONE;
                        fontname = "Courier New";
                        fontcolor = 153;
                        fonttype = 2;
                        fontsize = 1;
                        fontratio = 1;
                        fontstyle = 0;
                        fontslant = 0;
                        pen = 0;
                        oncombine = SUM;
                        unit = "kg";
                    };

                    valuefield _tmp_2565
                    {
                        name = "ValueField_414";
                        location = (16, 0);
                        formula = "GetValue(\"GROUP_TYPE\")";
                        datatype = INTEGER;
                        class = "";
                        cacheable = TRUE;
                        justify = LEFT;
                        visibility = FALSE;
                        angle = 0;
                        length = 2;
                        decimals = 0;
                        sortdirection = ASCENDING;
                        fontname = "Courier New";
                        fontcolor = 153;
                        fonttype = 2;
                        fontsize = 0.8;
                        fontratio = 0.75;
                        fontstyle = 0;
                        fontslant = 0;
                        pen = 0;
                        oncombine = NONE;
                    };
                };
            };

            row _tmp_2566
            {
                name = "Row_87";
                height = 3;
                visibility = TRUE;
                usecolumns = FALSE;
                rule = "";
                contenttype = "STRAND";
                sorttype = COMBINE;

                text _tmp_2567
                {
                    name = "Text_423";
                    x1 = 15;
                    y1 = 2;
                    x2 = 15;
                    y2 = 2;
                    string = "_____________________________________________________________________________________";
                    fontname = "Courier New";
                    fontcolor = 162;
                    fonttype = 2;
                    fontsize = 2.38;
                    fontratio = 1;
                    fontslant = 0;
                    fontstyle = 0;
                    angle = 0;
                    justify = LEFT;
                    pen = 0;
                };

                text _tmp_2568
                {
                    name = "Text_424";
                    x1 = 15;
                    y1 = 1;
                    x2 = 15;
                    y2 = 1;
                    string = "Strand:";
                    fontname = "Courier New";
                    fontcolor = 162;
                    fonttype = 2;
                    fontsize = 2.38;
                    fontratio = 1;
                    fontslant = 0;
                    fontstyle = 0;
                    angle = 0;
                    justify = LEFT;
                    pen = 0;
                };

                text _tmp_2569
                {
                    name = "Text_425";
                    x1 = 33;
                    y1 = 0;
                    x2 = 33;
                    y2 = 0;
                    string = "Grade:";
                    fontname = "Courier New";
                    fontcolor = 162;
                    fonttype = 2;
                    fontsize = 2.38;
                    fontratio = 1;
                    fontslant = 0;
                    fontstyle = 0;
                    angle = 0;
                    justify = LEFT;
                    pen = 0;
                };

                text _tmp_2570
                {
                    name = "Text_426";
                    x1 = 22;
                    y1 = 0;
                    x2 = 22;
                    y2 = 0;
                    string = "Qty:";
                    fontname = "Courier New";
                    fontcolor = 162;
                    fonttype = 2;
                    fontsize = 1;
                    fontratio = 1;
                    fontslant = 0;
                    fontstyle = 0;
                    angle = 0;
                    justify = LEFT;
                    pen = 0;
                };

                text _tmp_2571
                {
                    name = "Text_427";
                    x1 = 52;
                    y1 = 0;
                    x2 = 52;
                    y2 = 0;
                    string = "Length(mm):";
                    fontname = "Courier New";
                    fontcolor = 162;
                    fonttype = 2;
                    fontsize = 2.38;
                    fontratio = 1;
                    fontslant = 0;
                    fontstyle = 0;
                    angle = 0;
                    justify = LEFT;
                    pen = 0;
                };

                text _tmp_2572
                {
                    name = "Text_428";
                    x1 = 94;
                    y1 = 0;
                    x2 = 94;
                    y2 = 0;
                    string = "Pi (KN):";
                    fontname = "Courier New";
                    fontcolor = 162;
                    fonttype = 2;
                    fontsize = 2.38;
                    fontratio = 1;
                    fontslant = 0;
                    fontstyle = 0;
                    angle = 0;
                    justify = LEFT;
                    pen = 0;
                };

                text _tmp_2573
                {
                    name = "Text_429";
                    x1 = 65;
                    y1 = 1;
                    x2 = 65;
                    y2 = 1;
                    string = "Total";
                    fontname = "Courier New";
                    fontcolor = 162;
                    fonttype = 2;
                    fontsize = 2.38;
                    fontratio = 1;
                    fontslant = 0;
                    fontstyle = 0;
                    angle = 0;
                    justify = LEFT;
                    pen = 0;
                };

                text _tmp_2574
                {
                    name = "Text_430";
                    x1 = 65;
                    y1 = 0;
                    x2 = 65;
                    y2 = 0;
                    string = "Length(mm):";
                    fontname = "Courier New";
                    fontcolor = 162;
                    fonttype = 2;
                    fontsize = 2.38;
                    fontratio = 1;
                    fontslant = 0;
                    fontstyle = 0;
                    angle = 0;
                    justify = LEFT;
                    pen = 0;
                };

                text _tmp_2575
                {
                    name = "Text_431";
                    x1 = 45;
                    y1 = 0;
                    x2 = 45;
                    y2 = 0;
                    string = "Size:";
                    fontname = "Courier New";
                    fontcolor = 162;
                    fonttype = 2;
                    fontsize = 2.38;
                    fontratio = 1;
                    fontslant = 0;
                    fontstyle = 0;
                    angle = 0;
                    justify = LEFT;
                    pen = 0;
                };

                text _tmp_2576
                {
                    name = "Text_432";
                    x1 = 79;
                    y1 = 1;
                    x2 = 79;
                    y2 = 1;
                    string = "Total";
                    fontname = "Courier New";
                    fontcolor = 162;
                    fonttype = 2;
                    fontsize = 2.38;
                    fontratio = 1;
                    fontslant = 0;
                    fontstyle = 0;
                    angle = 0;
                    justify = LEFT;
                    pen = 0;
                };

                text _tmp_2577
                {
                    name = "Text_433";
                    x1 = 79;
                    y1 = 0;
                    x2 = 79;
                    y2 = 0;
                    string = "Weight(kg):";
                    fontname = "Courier New";
                    fontcolor = 162;
                    fonttype = 2;
                    fontsize = 2.38;
                    fontratio = 1;
                    fontslant = 0;
                    fontstyle = 0;
                    angle = 0;
                    justify = LEFT;
                    pen = 0;
                };
            };

            row _tmp_2578
            {
                name = "Row_88";
                height = 1;
                visibility = TRUE;
                usecolumns = FALSE;
                rule = "";
                contenttype = "STRAND";
                sorttype = COMBINE;

                valuefield _tmp_2579
                {
                    name = "ValueField_415";
                    location = (33, 0);
                    formula = "GetValue(\"MATERIAL\")";
                    datatype = STRING;
                    class = "";
                    cacheable = TRUE;
                    justify = LEFT;
                    visibility = TRUE;
                    angle = 0;
                    length = 7;
                    decimals = 0;
                    sortdirection = ASCENDING;
                    fontname = "Courier New";
                    fontcolor = 153;
                    fonttype = 2;
                    fontsize = 1;
                    fontratio = 1;
                    fontstyle = 0;
                    fontslant = 0;
                    pen = 0;
                    oncombine = NONE;
                };

                valuefield _tmp_2580
                {
                    name = "ValueField_416";
                    location = (53, 0);
                    formula = "GetValue(\"LENGTH\")";
                    datatype = DOUBLE;
                    class = "Length";
                    cacheable = TRUE;
                    justify = RIGHT;
                    visibility = TRUE;
                    angle = 0;
                    length = 8;
                    decimals = 0;
                    sortdirection = ASCENDING;
                    fontname = "Courier New";
                    fontcolor = 153;
                    fonttype = 2;
                    fontsize = 1;
                    fontratio = 1;
                    fontstyle = 0;
                    fontslant = 0;
                    pen = 0;
                    oncombine = NONE;
                    unit = "mm";
                };

                valuefield _tmp_2581
                {
                    name = "ValueField_417";
                    location = (94, 0);
                    formula = "GetValue(\"STRAND_PULL_FORCE\")";
                    datatype = DOUBLE;
                    class = "Force";
                    cacheable = TRUE;
                    justify = RIGHT;
                    visibility = TRUE;
                    angle = 0;
                    length = 8;
                    decimals = 2;
                    sortdirection = ASCENDING;
                    fontname = "Courier New";
                    fontcolor = 153;
                    fonttype = 2;
                    fontsize = 1;
                    fontratio = 1;
                    fontstyle = 0;
                    fontslant = 0;
                    pen = 0;
                    oncombine = NONE;
                    unit = "kN";
                };

                valuefield _tmp_2582
                {
                    name = "ValueField_418";
                    location = (22, 0);
                    formula = "GetValue(\"NUMBER\")";
                    datatype = INTEGER;
                    class = "";
                    cacheable = TRUE;
                    justify = RIGHT;
                    visibility = TRUE;
                    angle = 0;
                    length = 3;
                    decimals = 0;
                    sortdirection = NONE;
                    fontname = "Courier New";
                    fontcolor = 153;
                    fonttype = 2;
                    fontsize = 1;
                    fontratio = 1;
                    fontstyle = 0;
                    fontslant = 0;
                    pen = 0;
                    oncombine = SUM;
                };

                valuefield _tmp_2583
                {
                    name = "ValueField_419";
                    location = (64, 0);
                    formula = "GetValue(\"NUMBER\")*GetValue(\"LENGTH\")";
                    datatype = DOUBLE;
                    class = "Length";
                    cacheable = TRUE;
                    justify = RIGHT;
                    visibility = TRUE;
                    angle = 0;
                    length = 10;
                    decimals = 0;
                    sortdirection = NONE;
                    fontname = "Courier New";
                    fontcolor = 153;
                    fonttype = 2;
                    fontsize = 1;
                    fontratio = 1;
                    fontstyle = 0;
                    fontslant = 0;
                    pen = 0;
                    oncombine = SUM;
                    unit = "mm";
                };

                valuefield _tmp_2584
                {
                    name = "ValueField_420";
                    location = (44, 0);
                    formula = "GetValue(\"SIZE\")";
                    datatype = STRING;
                    class = "";
                    cacheable = TRUE;
                    justify = CENTERED;
                    visibility = TRUE;
                    angle = 0;
                    length = 6;
                    decimals = 0;
                    sortdirection = ASCENDING;
                    fontname = "Courier New";
                    fontcolor = 153;
                    fonttype = 2;
                    fontsize = 1;
                    fontratio = 1;
                    fontstyle = 0;
                    fontslant = 0;
                    pen = 0;
                    oncombine = NONE;
                };

                valuefield _tmp_2585
                {
                    name = "ValueField_421";
                    location = (80, 0);
                    formula = "GetValue(\"WEIGHT_TOTAL\")";
                    datatype = DOUBLE;
                    class = "Weight";
                    cacheable = TRUE;
                    justify = RIGHT;
                    visibility = TRUE;
                    angle = 0;
                    length = 8;
                    decimals = 0;
                    sortdirection = NONE;
                    fontname = "Courier New";
                    fontcolor = 153;
                    fonttype = 2;
                    fontsize = 1;
                    fontratio = 1;
                    fontstyle = 0;
                    fontslant = 0;
                    pen = 0;
                    oncombine = SUM;
                    unit = "kg";
                };
            };

            row _tmp_2586
            {
                name = "Row_89";
                height = 3;
                visibility = TRUE;
                usecolumns = FALSE;
                rule = "if (GetValue(\"GRADE\") == \"WFP\") then\n  Output()\nelse\n  StepOver()\nendif\n";
                contenttype = "MESH";
                sorttype = COMBINE;

                text _tmp_2587
                {
                    name = "Text_434";
                    x1 = 15;
                    y1 = 2;
                    x2 = 15;
                    y2 = 2;
                    string = "_____________________________________________________________________________________";
                    fontname = "Courier New";
                    fontcolor = 162;
                    fonttype = 2;
                    fontsize = 2.38;
                    fontratio = 1;
                    fontslant = 0;
                    fontstyle = 0;
                    angle = 0;
                    justify = LEFT;
                    pen = 0;
                };

                text _tmp_2588
                {
                    name = "Text_435";
                    x1 = 15;
                    y1 = 1;
                    x2 = 15;
                    y2 = 1;
                    string = "Mesh:";
                    fontname = "Courier New";
                    fontcolor = 162;
                    fonttype = 2;
                    fontsize = 2.38;
                    fontratio = 1;
                    fontslant = 0;
                    fontstyle = 0;
                    angle = 0;
                    justify = LEFT;
                    pen = 0;
                };

                text _tmp_2589
                {
                    name = "Text_436";
                    x1 = 33;
                    y1 = 0;
                    x2 = 33;
                    y2 = 0;
                    string = "Grade:";
                    fontname = "Courier New";
                    fontcolor = 162;
                    fonttype = 2;
                    fontsize = 2.38;
                    fontratio = 1;
                    fontslant = 0;
                    fontstyle = 0;
                    angle = 0;
                    justify = LEFT;
                    pen = 0;
                };

                text _tmp_2590
                {
                    name = "Text_437";
                    x1 = 22;
                    y1 = 0;
                    x2 = 22;
                    y2 = 0;
                    string = "Qty:";
                    fontname = "Courier New";
                    fontcolor = 162;
                    fonttype = 2;
                    fontsize = 1;
                    fontratio = 1;
                    fontslant = 0;
                    fontstyle = 0;
                    angle = 0;
                    justify = LEFT;
                    pen = 0;
                };

                text _tmp_2591
                {
                    name = "Text_438";
                    x1 = 79;
                    y1 = 0;
                    x2 = 79;
                    y2 = 0;
                    string = "Area (㎡):";
                    fontname = "Courier New";
                    fontcolor = 162;
                    fonttype = 2;
                    fontsize = 2.38;
                    fontratio = 1;
                    fontslant = 0;
                    fontstyle = 0;
                    angle = 0;
                    justify = LEFT;
                    pen = 0;
                };

                text _tmp_2592
                {
                    name = "Text_439";
                    x1 = 45;
                    y1 = 0;
                    x2 = 45;
                    y2 = 0;
                    string = "Catalog Size:";
                    fontname = "Courier New";
                    fontcolor = 162;
                    fonttype = 2;
                    fontsize = 2.38;
                    fontratio = 1;
                    fontslant = 0;
                    fontstyle = 0;
                    angle = 0;
                    justify = LEFT;
                    pen = 0;
                };
            };

            row _tmp_2593
            {
                name = "Row_90";
                height = 1;
                visibility = TRUE;
                usecolumns = FALSE;
                rule = "if (GetValue(\"GRADE\") == \"WFP\") then\r\n  Output()\r\nelse\r\n  StepOver()\r\nendif";
                contenttype = "MESH";
                sorttype = COMBINE;

                valuefield _tmp_2594
                {
                    name = "ValueField_422";
                    location = (33, 0);
                    formula = "GetValue(\"GRADE\")";
                    datatype = STRING;
                    class = "";
                    cacheable = TRUE;
                    justify = LEFT;
                    visibility = TRUE;
                    angle = 0;
                    length = 7;
                    decimals = 0;
                    sortdirection = ASCENDING;
                    fontname = "Courier New";
                    fontcolor = 153;
                    fonttype = 2;
                    fontsize = 1;
                    fontratio = 1;
                    fontstyle = 0;
                    fontslant = 0;
                    pen = 0;
                    oncombine = NONE;
                };

                valuefield _tmp_2595
                {
                    name = "ValueField_423";
                    location = (45, 0);
                    formula = "GetValue(\"CATALOG_NAME\")";
                    datatype = STRING;
                    class = "Length";
                    cacheable = TRUE;
                    justify = LEFT;
                    visibility = TRUE;
                    angle = 0;
                    length = 20;
                    decimals = 0;
                    sortdirection = ASCENDING;
                    fontname = "Courier New";
                    fontcolor = 153;
                    fonttype = 2;
                    fontsize = 1;
                    fontratio = 1;
                    fontstyle = 0;
                    fontslant = 0;
                    pen = 0;
                    oncombine = NONE;
                    unit = "mm";
                };

                valuefield _tmp_2596
                {
                    name = "ValueField_424";
                    location = (80, 0);
                    formula = "GetValue(\"AREA\")";
                    datatype = DOUBLE;
                    class = "Area";
                    cacheable = TRUE;
                    justify = RIGHT;
                    visibility = TRUE;
                    angle = 0;
                    length = 8;
                    decimals = 2;
                    sortdirection = ASCENDING;
                    fontname = "Courier New";
                    fontcolor = 153;
                    fonttype = 2;
                    fontsize = 1;
                    fontratio = 1;
                    fontstyle = 0;
                    fontslant = 0;
                    pen = 0;
                    oncombine = NONE;
                    unit = "m2";
                };

                valuefield _tmp_2597
                {
                    name = "ValueField_425";
                    location = (22, 0);
                    formula = "GetValue(\"NUMBER\")";
                    datatype = INTEGER;
                    class = "";
                    cacheable = TRUE;
                    justify = RIGHT;
                    visibility = TRUE;
                    angle = 0;
                    length = 3;
                    decimals = 0;
                    sortdirection = NONE;
                    fontname = "Courier New";
                    fontcolor = 153;
                    fonttype = 2;
                    fontsize = 1;
                    fontratio = 1;
                    fontstyle = 0;
                    fontslant = 0;
                    pen = 0;
                    oncombine = SUM;
                };
            };
        };

        text _tmp_51
        {
            name = "Text_78";
            x1 = 102;
            y1 = 2;
            x2 = 102;
            y2 = 2;
            string = "Total Volume (㎥):";
            fontname = "Courier New";
            fontcolor = 162;
            fonttype = 2;
            fontsize = 1;
            fontratio = 1;
            fontslant = 0;
            fontstyle = 0;
            angle = 0;
            justify = LEFT;
            pen = 0;
        };

        valuefield _tmp_52
        {
            name = "ValueField_44";
            location = (105, 1);
            formula = "GetValue(\"VOLUME\")*GetValue(\"NUMBER\")";
            datatype = DOUBLE;
            class = "Volume";
            cacheable = TRUE;
            justify = RIGHT;
            visibility = TRUE;
            angle = 0;
            length = 12;
            decimals = 2;
            sortdirection = NONE;
            fontname = "Courier New";
            fontcolor = 153;
            fonttype = 2;
            fontsize = 1;
            fontratio = 1;
            fontstyle = 0;
            fontslant = 0;
            pen = 0;
            oncombine = SUM;
            unit = "m3";
        };
    };

    row _tmp_2262
    {
        name = "CAST_UNIT_GIRDER";
        height = 4;
        visibility = TRUE;
        usecolumns = FALSE;
        rule = "if (match(GetValue(\"CAST_UNIT_TYPE\"),\"*Cast in place*\")||match(GetValue(\"CAST_UNIT_TYPE\"),\"*현장타설*\")) && match(GetValue(\"MAINPART.NAME\"),\"*GIRDER*\")\r\n then\r\n  Output()\r\nelse\r\n  StepOver()\r\nendif";
        contenttype = "CAST_UNIT";
        sorttype = COMBINE;

        valuefield _tmp_2263
        {
            name = "ValueField_272";
            location = (9, 1);
            formula = "GetValue(\"MAINPART.NAME\")";
            datatype = STRING;
            class = "";
            cacheable = TRUE;
            justify = LEFT;
            visibility = TRUE;
            angle = 0;
            length = 15;
            decimals = 0;
            sortdirection = ASCENDING;
            fontname = "Courier New";
            fontcolor = 153;
            fonttype = 2;
            fontsize = 1;
            fontratio = 1;
            fontstyle = 0;
            fontslant = 0;
            pen = 0;
            oncombine = NONE;
        };

        valuefield _tmp_2264
        {
            name = "ValueField_273";
            location = (37, 1);
            formula = "GetValue(\"MATERIAL\")";
            datatype = STRING;
            class = "";
            cacheable = TRUE;
            justify = LEFT;
            visibility = TRUE;
            angle = 0;
            length = 7;
            decimals = 0;
            sortdirection = ASCENDING;
            fontname = "Courier New";
            fontcolor = 153;
            fonttype = 2;
            fontsize = 1;
            fontratio = 1;
            fontstyle = 0;
            fontslant = 0;
            pen = 0;
            oncombine = NONE;
        };

        valuefield _tmp_2265
        {
            name = "ValueField_274";
            location = (66, 1);
            formula = "mid(GetValue(\"MAINPART.PROFILE.WIDTH\"),0,find(GetValue(\"MAINPART.PROFILE.WIDTH\"), \".\"))\r\n+\"X\"+mid(GetValue(\"MAINPART.PROFILE.HEIGHT\"),0,find(GetValue(\"MAINPART.PROFILE.HEIGHT\"), \".\"))";
            datatype = STRING;
            class = "";
            cacheable = TRUE;
            justify = LEFT;
            visibility = TRUE;
            angle = 0;
            length = 20;
            decimals = 0;
            sortdirection = ASCENDING;
            fontname = "Courier New";
            fontcolor = 164;
            fonttype = 2;
            fontsize = 2.38;
            fontratio = 1;
            fontstyle = 0;
            fontslant = 0;
            pen = 0;
            oncombine = NONE;
        };

        valuefield _tmp_2266
        {
            name = "ValueField_275";
            location = (49, 1);
            formula = "GetValue(\"LENGTH\")";
            datatype = DOUBLE;
            class = "Length";
            cacheable = TRUE;
            justify = RIGHT;
            visibility = TRUE;
            angle = 0;
            length = 12;
            decimals = 0;
            sortdirection = ASCENDING;
            fontname = "Courier New";
            fontcolor = 164;
            fonttype = 2;
            fontsize = 2.38;
            fontratio = 1;
            fontstyle = 0;
            fontslant = 0;
            pen = 0;
            oncombine = NONE;
            unit = "mm";
        };

        text _tmp_2267
        {
            name = "Text_294";
            x1 = 2;
            y1 = 2;
            x2 = 2;
            y2 = 2;
            string = "Qty:";
            fontname = "Courier New";
            fontcolor = 162;
            fonttype = 2;
            fontsize = 1;
            fontratio = 1;
            fontslant = 0;
            fontstyle = 0;
            angle = 0;
            justify = LEFT;
            pen = 0;
        };

        text _tmp_2268
        {
            name = "Text_295";
            x1 = 37;
            y1 = 2;
            x2 = 37;
            y2 = 2;
            string = "Material:";
            fontname = "Courier New";
            fontcolor = 162;
            fonttype = 2;
            fontsize = 1;
            fontratio = 1;
            fontslant = 0;
            fontstyle = 0;
            angle = 0;
            justify = LEFT;
            pen = 0;
        };

        text _tmp_2269
        {
            name = "Text_296";
            x1 = 1;
            y1 = 3;
            x2 = 1;
            y2 = 3;
            string = "________________________________________________________________________________________________________________________________________";
            fontname = "Courier New";
            fontcolor = 162;
            fonttype = 2;
            fontsize = 2.38;
            fontratio = 1;
            fontslant = 0;
            fontstyle = 0;
            angle = 0;
            justify = LEFT;
            pen = 0;
        };

        text _tmp_2270
        {
            name = "Text_297";
            x1 = 66;
            y1 = 2;
            x2 = 66;
            y2 = 2;
            string = "Profile:";
            fontname = "Courier New";
            fontcolor = 162;
            fonttype = 2;
            fontsize = 1;
            fontratio = 1;
            fontslant = 0;
            fontstyle = 0;
            angle = 0;
            justify = LEFT;
            pen = 0;
        };

        text _tmp_2271
        {
            name = "Text_298";
            x1 = 51;
            y1 = 2;
            x2 = 51;
            y2 = 2;
            string = "Length(mm):";
            fontname = "Courier New";
            fontcolor = 162;
            fonttype = 2;
            fontsize = 1;
            fontratio = 1;
            fontslant = 0;
            fontstyle = 0;
            angle = 0;
            justify = LEFT;
            pen = 0;
        };

        valuefield _tmp_2272
        {
            name = "ValueField_276";
            location = (2, 1);
            formula = "GetValue(\"NUMBER\")";
            datatype = INTEGER;
            class = "";
            cacheable = TRUE;
            justify = LEFT;
            visibility = TRUE;
            angle = 0;
            length = 4;
            sortdirection = NONE;
            fontname = "Courier New";
            fontcolor = 153;
            fonttype = 2;
            fontsize = 1;
            fontratio = 1;
            fontstyle = 0;
            fontslant = 0;
            pen = 0;
            oncombine = SUM;
        };

        text _tmp_2273
        {
            name = "Text_299";
            x1 = 9;
            y1 = 2;
            x2 = 9;
            y2 = 2;
            string = "Name:";
            fontname = "Courier New";
            fontcolor = 162;
            fonttype = 2;
            fontsize = 1;
            fontratio = 1;
            fontslant = 0;
            fontstyle = 0;
            angle = 0;
            justify = LEFT;
            pen = 0;
        };

        valuefield _tmp_2274
        {
            name = "ValueField_277";
            location = (86, 1);
            formula = "GetValue(\"VOLUME\")";
            datatype = DOUBLE;
            class = "Volume";
            cacheable = TRUE;
            justify = RIGHT;
            visibility = TRUE;
            angle = 0;
            length = 12;
            decimals = 2;
            sortdirection = NONE;
            fontname = "Courier New";
            fontcolor = 153;
            fonttype = 2;
            fontsize = 1;
            fontratio = 1;
            fontstyle = 0;
            fontslant = 0;
            pen = 0;
            oncombine = NONE;
            unit = "m3";
        };

        text _tmp_2275
        {
            name = "Text_300";
            x1 = 87;
            y1 = 2;
            x2 = 87;
            y2 = 2;
            string = "Volume (㎥):";
            fontname = "Courier New";
            fontcolor = 162;
            fonttype = 2;
            fontsize = 1;
            fontratio = 1;
            fontslant = 0;
            fontstyle = 0;
            angle = 0;
            justify = LEFT;
            pen = 0;
        };

        valuefield _tmp_2276
        {
            name = "ValueField_278";
            location = (120, 1);
            formula = "GetValue(\"WEIGHT\")";
            datatype = DOUBLE;
            class = "Weight";
            cacheable = TRUE;
            justify = RIGHT;
            visibility = TRUE;
            angle = 0;
            length = 12;
            decimals = 0;
            sortdirection = NONE;
            fontname = "Courier New";
            fontcolor = 153;
            fonttype = 2;
            fontsize = 1;
            fontratio = 1;
            fontstyle = 0;
            fontslant = 0;
            pen = 0;
            oncombine = NONE;
            unit = "kg";
        };

        text _tmp_2277
        {
            name = "Text_301";
            x1 = 121;
            y1 = 2;
            x2 = 121;
            y2 = 2;
            string = "Weight (kg):";
            fontname = "Courier New";
            fontcolor = 162;
            fonttype = 2;
            fontsize = 1;
            fontratio = 1;
            fontslant = 0;
            fontstyle = 0;
            angle = 0;
            justify = LEFT;
            pen = 0;
        };

        text _tmp_2278
        {
            name = "Text_302";
            x1 = 27;
            y1 = 2;
            x2 = 27;
            y2 = 2;
            string = "Mark:";
            fontname = "Courier New";
            fontcolor = 162;
            fonttype = 2;
            fontsize = 1;
            fontratio = 1;
            fontslant = 0;
            fontstyle = 0;
            angle = 0;
            justify = LEFT;
            pen = 0;
        };

        valuefield _tmp_2279
        {
            name = "ValueField_279";
            location = (27, 1);
            formula = "GetValue(\"CAST_UNIT_POS\")";
            datatype = STRING;
            class = "";
            cacheable = TRUE;
            justify = LEFT;
            visibility = TRUE;
            angle = 0;
            length = 7;
            decimals = 0;
            sortdirection = ASCENDING;
            fontname = "Courier New";
            fontcolor = 153;
            fonttype = 2;
            fontsize = 1;
            fontratio = 1;
            fontstyle = 0;
            fontslant = 0;
            pen = 0;
            oncombine = NONE;
        };

        row _tmp_2280
        {
            name = "Row_56";
            height = 3;
            visibility = TRUE;
            usecolumns = FALSE;
            rule = "if (GetValue(\"MAINPART.MATERIAL_TYPE\") != \"CONCRETE\") then\n  Output()\nelse\n  StepOver()\nendif\n";
            contenttype = "ASSEMBLY";
            sorttype = COMBINE;

            text _tmp_2281
            {
                name = "Text_303";
                x1 = 29;
                y1 = 0;
                x2 = 29;
                y2 = 0;
                string = "Name:";
                fontname = "Courier New";
                fontcolor = 162;
                fonttype = 2;
                fontsize = 2.38;
                fontratio = 1;
                fontslant = 0;
                fontstyle = 0;
                angle = 0;
                justify = LEFT;
                pen = 0;
            };

            text _tmp_2282
            {
                name = "Text_304";
                x1 = 54;
                y1 = 0;
                x2 = 54;
                y2 = 0;
                string = "Profile:";
                fontname = "Courier New";
                fontcolor = 162;
                fonttype = 2;
                fontsize = 2.38;
                fontratio = 1;
                fontslant = 0;
                fontstyle = 0;
                angle = 0;
                justify = LEFT;
                pen = 0;
            };

            text _tmp_2283
            {
                name = "Text_305";
                x1 = 22;
                y1 = 0;
                x2 = 22;
                y2 = 0;
                string = "Qty:";
                fontname = "Courier New";
                fontcolor = 162;
                fonttype = 2;
                fontsize = 1;
                fontratio = 1;
                fontslant = 0;
                fontstyle = 0;
                angle = 0;
                justify = LEFT;
                pen = 0;
            };

            text _tmp_2284
            {
                name = "Text_306";
                x1 = 42;
                y1 = 0;
                x2 = 42;
                y2 = 0;
                string = "Material:";
                fontname = "Courier New";
                fontcolor = 162;
                fonttype = 2;
                fontsize = 2.38;
                fontratio = 1;
                fontslant = 0;
                fontstyle = 0;
                angle = 0;
                justify = LEFT;
                pen = 0;
            };

            text _tmp_2285
            {
                name = "Text_307";
                x1 = 15;
                y1 = 1;
                x2 = 15;
                y2 = 1;
                string = "Component Parts:";
                fontname = "Courier New";
                fontcolor = 162;
                fonttype = 2;
                fontsize = 2.38;
                fontratio = 1;
                fontslant = 0;
                fontstyle = 0;
                angle = 0;
                justify = LEFT;
                pen = 0;
            };

            text _tmp_2286
            {
                name = "Text_308";
                x1 = 15;
                y1 = 2;
                x2 = 15;
                y2 = 2;
                string = "_____________________________________________________________________________________________________________________";
                fontname = "Courier New";
                fontcolor = 162;
                fonttype = 2;
                fontsize = 2.38;
                fontratio = 1;
                fontslant = 0;
                fontstyle = 0;
                angle = 0;
                justify = LEFT;
                pen = 0;
            };

            text _tmp_2287
            {
                name = "Text_309";
                x1 = 104;
                y1 = 0;
                x2 = 104;
                y2 = 0;
                string = "Description:";
                fontname = "Courier New";
                fontcolor = 162;
                fonttype = 2;
                fontsize = 2.38;
                fontratio = 1;
                fontslant = 0;
                fontstyle = 0;
                angle = 0;
                justify = LEFT;
                pen = 0;
            };

            text _tmp_2288
            {
                name = "Text_310";
                x1 = 71;
                y1 = 0;
                x2 = 71;
                y2 = 0;
                string = "Length(mm):";
                fontname = "Courier New";
                fontcolor = 162;
                fonttype = 2;
                fontsize = 2.38;
                fontratio = 1;
                fontslant = 0;
                fontstyle = 0;
                angle = 0;
                justify = LEFT;
                pen = 0;
            };

            text _tmp_2289
            {
                name = "Text_311";
                x1 = 83;
                y1 = 0;
                x2 = 83;
                y2 = 0;
                string = "Finish:";
                fontname = "Courier New";
                fontcolor = 162;
                fonttype = 2;
                fontsize = 2.38;
                fontratio = 1;
                fontslant = 0;
                fontstyle = 0;
                angle = 0;
                justify = LEFT;
                pen = 0;
            };

            text _tmp_2290
            {
                name = "Text_312";
                x1 = 95;
                y1 = 0;
                x2 = 95;
                y2 = 0;
                string = "Class:";
                fontname = "Courier New";
                fontcolor = 162;
                fonttype = 2;
                fontsize = 2.38;
                fontratio = 1;
                fontslant = 0;
                fontstyle = 0;
                angle = 0;
                justify = LEFT;
                pen = 0;
            };
        };

        row _tmp_2291
        {
            name = "Row_57";
            height = 1;
            visibility = TRUE;
            usecolumns = FALSE;
            rule = "if (GetValue(\"MAINPART.MATERIAL_TYPE\") != \"CONCRETE\") then\n  Output()\nelse\n  StepOver()\nendif\n";
            contenttype = "ASSEMBLY";
            sorttype = COMBINE;

            valuefield _tmp_2292
            {
                name = "ValueField_280";
                location = (29, 0);
                formula = "GetValue(\"MAINPART.NAME\")";
                datatype = STRING;
                class = "";
                cacheable = TRUE;
                justify = LEFT;
                visibility = TRUE;
                angle = 0;
                length = 10;
                sortdirection = ASCENDING;
                fontname = "Courier New";
                fontcolor = 153;
                fonttype = 2;
                fontsize = 1;
                fontratio = 1;
                fontstyle = 0;
                fontslant = 0;
                pen = 0;
                oncombine = NONE;
            };

            valuefield _tmp_2293
            {
                name = "ValueField_281";
                location = (42, 0);
                formula = "GetValue(\"MAINPART.MATERIAL\")";
                datatype = STRING;
                class = "";
                cacheable = TRUE;
                justify = LEFT;
                visibility = TRUE;
                angle = 0;
                length = 7;
                sortdirection = ASCENDING;
                fontname = "Courier New";
                fontcolor = 153;
                fonttype = 2;
                fontsize = 1;
                fontratio = 1;
                fontstyle = 0;
                fontslant = 0;
                pen = 0;
                oncombine = NONE;
            };

            valuefield _tmp_2294
            {
                name = "ValueField_282";
                location = (53, 0);
                formula = "GetValue(\"MAINPART.PROFILE\")";
                datatype = STRING;
                class = "";
                cacheable = TRUE;
                justify = LEFT;
                visibility = TRUE;
                angle = 0;
                length = 14;
                sortdirection = ASCENDING;
                fontname = "Courier New";
                fontcolor = 153;
                fonttype = 2;
                fontsize = 1;
                fontratio = 1;
                fontstyle = 0;
                fontslant = 0;
                pen = 0;
                oncombine = NONE;
            };

            valuefield _tmp_2295
            {
                name = "ValueField_283";
                location = (69, 0);
                formula = "GetValue(\"MAINPART.LENGTH\")";
                datatype = DOUBLE;
                class = "Length";
                cacheable = TRUE;
                justify = RIGHT;
                visibility = TRUE;
                angle = 0;
                length = 12;
                decimals = 0;
                sortdirection = ASCENDING;
                fontname = "Courier New";
                fontcolor = 153;
                fonttype = 2;
                fontsize = 1;
                fontratio = 1;
                fontstyle = 0;
                fontslant = 0;
                pen = 0;
                oncombine = NONE;
                unit = "mm";
            };

            valuefield _tmp_2296
            {
                name = "ValueField_284";
                location = (83, 0);
                formula = "GetValue(\"MAINPART.FINISH\")";
                datatype = STRING;
                class = "";
                cacheable = TRUE;
                justify = LEFT;
                visibility = TRUE;
                angle = 0;
                length = 10;
                sortdirection = ASCENDING;
                fontname = "Courier New";
                fontcolor = 153;
                fonttype = 2;
                fontsize = 1;
                fontratio = 1;
                fontstyle = 0;
                fontslant = 0;
                pen = 0;
                oncombine = NONE;
            };

            valuefield _tmp_2297
            {
                name = "ValueField_285";
                location = (95, 0);
                formula = "GetValue(\"MAINPART.CLASS_ATTR\")";
                datatype = STRING;
                class = "";
                cacheable = TRUE;
                justify = LEFT;
                visibility = TRUE;
                angle = 0;
                length = 6;
                sortdirection = ASCENDING;
                fontname = "Courier New";
                fontcolor = 153;
                fonttype = 2;
                fontsize = 1;
                fontratio = 1;
                fontstyle = 0;
                fontslant = 0;
                pen = 0;
                oncombine = NONE;
            };

            valuefield _tmp_2298
            {
                name = "ValueField_286";
                location = (22, 0);
                formula = "GetValue(\"NUMBER\")";
                datatype = INTEGER;
                class = "";
                cacheable = TRUE;
                justify = LEFT;
                visibility = TRUE;
                angle = 0;
                length = 3;
                sortdirection = NONE;
                fontname = "Courier New";
                fontcolor = 153;
                fonttype = 2;
                fontsize = 1;
                fontratio = 1;
                fontstyle = 0;
                fontslant = 0;
                pen = 0;
                oncombine = SUM;
            };

            valuefield _tmp_2299
            {
                name = "ValueField_287";
                location = (104, 0);
                formula = "GetValue(\"MAINPART.USERDEFINED.USER_FIELD_1\")";
                datatype = STRING;
                class = "";
                cacheable = TRUE;
                justify = LEFT;
                visibility = TRUE;
                angle = 0;
                length = 20;
                sortdirection = NONE;
                fontname = "Courier New";
                fontcolor = 153;
                fonttype = 2;
                fontsize = 1;
                fontratio = 1;
                fontstyle = 0;
                fontslant = 0;
                pen = 0;
                oncombine = NONE;
            };
        };

        row _tmp_2300
        {
            name = "Row_58";
            height = 3;
            visibility = TRUE;
            usecolumns = FALSE;
            rule = "if (GetValue(\"MATERIAL_TYPE\") != \"CONCRETE\" ) then\n  Output()\nelse\n  StepOver()\nendif\n";
            contenttype = "PART";
            sorttype = COMBINE;

            text _tmp_2301
            {
                name = "Text_313";
                x1 = 30;
                y1 = 0;
                x2 = 30;
                y2 = 0;
                string = "Name:";
                fontname = "Courier New";
                fontcolor = 162;
                fonttype = 2;
                fontsize = 2.38;
                fontratio = 1;
                fontslant = 0;
                fontstyle = 0;
                angle = 0;
                justify = LEFT;
                pen = 0;
            };

            text _tmp_2302
            {
                name = "Text_314";
                x1 = 71;
                y1 = 0;
                x2 = 71;
                y2 = 0;
                string = "Length(mm):";
                fontname = "Courier New";
                fontcolor = 162;
                fonttype = 2;
                fontsize = 2.38;
                fontratio = 1;
                fontslant = 0;
                fontstyle = 0;
                angle = 0;
                justify = LEFT;
                pen = 0;
            };

            text _tmp_2303
            {
                name = "Text_315";
                x1 = 22;
                y1 = 0;
                x2 = 22;
                y2 = 0;
                string = "Qty:";
                fontname = "Courier New";
                fontcolor = 162;
                fonttype = 2;
                fontsize = 1;
                fontratio = 1;
                fontslant = 0;
                fontstyle = 0;
                angle = 0;
                justify = LEFT;
                pen = 0;
            };

            text _tmp_2304
            {
                name = "Text_316";
                x1 = 42;
                y1 = 0;
                x2 = 42;
                y2 = 0;
                string = "Material:";
                fontname = "Courier New";
                fontcolor = 162;
                fonttype = 2;
                fontsize = 2.38;
                fontratio = 1;
                fontslant = 0;
                fontstyle = 0;
                angle = 0;
                justify = LEFT;
                pen = 0;
            };

            text _tmp_2305
            {
                name = "Text_317";
                x1 = 15;
                y1 = 1;
                x2 = 15;
                y2 = 1;
                string = "Free Parts:";
                fontname = "Courier New";
                fontcolor = 162;
                fonttype = 2;
                fontsize = 2.38;
                fontratio = 1;
                fontslant = 0;
                fontstyle = 0;
                angle = 0;
                justify = LEFT;
                pen = 0;
            };

            text _tmp_2306
            {
                name = "Text_318";
                x1 = 15;
                y1 = 2;
                x2 = 15;
                y2 = 2;
                string = "_____________________________________________________________________________________________________________________";
                fontname = "Courier New";
                fontcolor = 162;
                fonttype = 2;
                fontsize = 2.38;
                fontratio = 1;
                fontslant = 0;
                fontstyle = 0;
                angle = 0;
                justify = LEFT;
                pen = 0;
            };

            text _tmp_2307
            {
                name = "Text_319";
                x1 = 104;
                y1 = 0;
                x2 = 104;
                y2 = 0;
                string = "Description:";
                fontname = "Courier New";
                fontcolor = 162;
                fonttype = 2;
                fontsize = 2.38;
                fontratio = 1;
                fontslant = 0;
                fontstyle = 0;
                angle = 0;
                justify = LEFT;
                pen = 0;
            };

            text _tmp_2308
            {
                name = "Text_320";
                x1 = 54;
                y1 = 0;
                x2 = 54;
                y2 = 0;
                string = "Profile:";
                fontname = "Courier New";
                fontcolor = 162;
                fonttype = 2;
                fontsize = 2.38;
                fontratio = 1;
                fontslant = 0;
                fontstyle = 0;
                angle = 0;
                justify = LEFT;
                pen = 0;
            };

            text _tmp_2309
            {
                name = "Text_321";
                x1 = 83;
                y1 = 0;
                x2 = 83;
                y2 = 0;
                string = "Finish:";
                fontname = "Courier New";
                fontcolor = 162;
                fonttype = 2;
                fontsize = 2.38;
                fontratio = 1;
                fontslant = 0;
                fontstyle = 0;
                angle = 0;
                justify = LEFT;
                pen = 0;
            };

            text _tmp_2310
            {
                name = "Text_322";
                x1 = 95;
                y1 = 0;
                x2 = 95;
                y2 = 0;
                string = "Class:";
                fontname = "Courier New";
                fontcolor = 162;
                fonttype = 2;
                fontsize = 2.38;
                fontratio = 1;
                fontslant = 0;
                fontstyle = 0;
                angle = 0;
                justify = LEFT;
                pen = 0;
            };
        };

        row _tmp_2311
        {
            name = "Row_59";
            height = 1;
            visibility = TRUE;
            usecolumns = FALSE;
            rule = "if (GetValue(\"MATERIAL_TYPE\") != \"CONCRETE\" ) then\n  Output()\nelse\n  StepOver()\nendif\n";
            contenttype = "PART";
            sorttype = COMBINE;

            valuefield _tmp_2312
            {
                name = "ValueField_288";
                location = (29, 0);
                formula = "GetValue(\"NAME\")";
                datatype = STRING;
                class = "";
                cacheable = TRUE;
                justify = LEFT;
                visibility = TRUE;
                angle = 0;
                length = 10;
                sortdirection = ASCENDING;
                fontname = "Courier New";
                fontcolor = 153;
                fonttype = 2;
                fontsize = 1;
                fontratio = 1;
                fontstyle = 0;
                fontslant = 0;
                pen = 0;
                oncombine = NONE;
            };

            valuefield _tmp_2313
            {
                name = "ValueField_289";
                location = (42, 0);
                formula = "GetValue(\"MATERIAL\")";
                datatype = STRING;
                class = "";
                cacheable = TRUE;
                justify = LEFT;
                visibility = TRUE;
                angle = 0;
                length = 7;
                sortdirection = ASCENDING;
                fontname = "Courier New";
                fontcolor = 153;
                fonttype = 2;
                fontsize = 1;
                fontratio = 1;
                fontstyle = 0;
                fontslant = 0;
                pen = 0;
                oncombine = NONE;
            };

            valuefield _tmp_2314
            {
                name = "ValueField_290";
                location = (53, 0);
                formula = "GetValue(\"PROFILE\")";
                datatype = STRING;
                class = "";
                cacheable = TRUE;
                justify = LEFT;
                visibility = TRUE;
                angle = 0;
                length = 14;
                sortdirection = ASCENDING;
                fontname = "Courier New";
                fontcolor = 153;
                fonttype = 2;
                fontsize = 1;
                fontratio = 1;
                fontstyle = 0;
                fontslant = 0;
                pen = 0;
                oncombine = NONE;
            };

            valuefield _tmp_2315
            {
                name = "ValueField_291";
                location = (69, 0);
                formula = "GetValue(\"MAINPART.LENGTH\")";
                datatype = DOUBLE;
                class = "Length";
                cacheable = TRUE;
                justify = RIGHT;
                visibility = TRUE;
                angle = 0;
                length = 12;
                decimals = 0;
                sortdirection = ASCENDING;
                fontname = "Courier New";
                fontcolor = 153;
                fonttype = 2;
                fontsize = 1;
                fontratio = 1;
                fontstyle = 0;
                fontslant = 0;
                pen = 0;
                oncombine = NONE;
                unit = "mm";
            };

            valuefield _tmp_2316
            {
                name = "ValueField_292";
                location = (83, 0);
                formula = "GetValue(\"MAINPART.FINISH\")";
                datatype = STRING;
                class = "";
                cacheable = TRUE;
                justify = LEFT;
                visibility = TRUE;
                angle = 0;
                length = 10;
                sortdirection = ASCENDING;
                fontname = "Courier New";
                fontcolor = 153;
                fonttype = 2;
                fontsize = 1;
                fontratio = 1;
                fontstyle = 0;
                fontslant = 0;
                pen = 0;
                oncombine = NONE;
            };

            valuefield _tmp_2317
            {
                name = "ValueField_293";
                location = (95, 0);
                formula = "GetValue(\"MAINPART.CLASS_ATTR\")";
                datatype = STRING;
                class = "";
                cacheable = TRUE;
                justify = LEFT;
                visibility = TRUE;
                angle = 0;
                length = 6;
                sortdirection = ASCENDING;
                fontname = "Courier New";
                fontcolor = 153;
                fonttype = 2;
                fontsize = 1;
                fontratio = 1;
                fontstyle = 0;
                fontslant = 0;
                pen = 0;
                oncombine = NONE;
            };

            valuefield _tmp_2318
            {
                name = "ValueField_294";
                location = (22, 0);
                formula = "GetValue(\"NUMBER\")";
                datatype = INTEGER;
                class = "";
                cacheable = TRUE;
                justify = LEFT;
                visibility = TRUE;
                angle = 0;
                length = 3;
                sortdirection = NONE;
                fontname = "Courier New";
                fontcolor = 153;
                fonttype = 2;
                fontsize = 1;
                fontratio = 1;
                fontstyle = 0;
                fontslant = 0;
                pen = 0;
                oncombine = SUM;
            };

            valuefield _tmp_2319
            {
                name = "ValueField_295";
                location = (104, 0);
                formula = "GetValue(\"USERDEFINED.USER_FIELD_1\")";
                datatype = STRING;
                class = "";
                cacheable = TRUE;
                justify = LEFT;
                visibility = TRUE;
                angle = 0;
                length = 20;
                sortdirection = NONE;
                fontname = "Courier New";
                fontcolor = 153;
                fonttype = 2;
                fontsize = 1;
                fontratio = 1;
                fontstyle = 0;
                fontslant = 0;
                pen = 0;
                oncombine = NONE;
            };
        };

        row _tmp_2320
        {
            name = "Row_60";
            height = 3;
            visibility = FALSE;
            usecolumns = FALSE;
            rule = "";
            contenttype = "PART";
            sorttype = COMBINE;

            row _tmp_2321
            {
                name = "Row_61";
                height = 3;
                visibility = TRUE;
                usecolumns = FALSE;
                rule = "if (GetValue(\"SHAPE\") == \"STR\") then\r\n  Output()\r\nelse\r\n  StepOver()\r\nendif\r\n";
                contenttype = "REBAR";
                sorttype = COMBINE;

                text _tmp_2322
                {
                    name = "Text_323";
                    x1 = 15;
                    y1 = 2;
                    x2 = 15;
                    y2 = 2;
                    string = "_____________________________________________________________________________________";
                    fontname = "Courier New";
                    fontcolor = 162;
                    fonttype = 2;
                    fontsize = 2.38;
                    fontratio = 1;
                    fontslant = 0;
                    fontstyle = 0;
                    angle = 0;
                    justify = LEFT;
                    pen = 0;
                };

                text _tmp_2323
                {
                    name = "Text_324";
                    x1 = 45;
                    y1 = 0;
                    x2 = 45;
                    y2 = 0;
                    string = "Size:";
                    fontname = "Courier New";
                    fontcolor = 162;
                    fonttype = 2;
                    fontsize = 2.38;
                    fontratio = 1;
                    fontslant = 0;
                    fontstyle = 0;
                    angle = 0;
                    justify = LEFT;
                    pen = 0;
                };

                text _tmp_2324
                {
                    name = "Text_325";
                    x1 = 15;
                    y1 = 1;
                    x2 = 15;
                    y2 = 1;
                    string = "Straight Rebar List:";
                    fontname = "Courier New";
                    fontcolor = 162;
                    fonttype = 2;
                    fontsize = 2.38;
                    fontratio = 1;
                    fontslant = 0;
                    fontstyle = 0;
                    angle = 0;
                    justify = LEFT;
                    pen = 0;
                };

                text _tmp_2325
                {
                    name = "Text_326";
                    x1 = 22;
                    y1 = 0;
                    x2 = 22;
                    y2 = 0;
                    string = "Qty:";
                    fontname = "Courier New";
                    fontcolor = 162;
                    fonttype = 2;
                    fontsize = 1;
                    fontratio = 1;
                    fontslant = 0;
                    fontstyle = 0;
                    angle = 0;
                    justify = LEFT;
                    pen = 0;
                };

                text _tmp_2326
                {
                    name = "Text_327";
                    x1 = 52;
                    y1 = 0;
                    x2 = 52;
                    y2 = 0;
                    string = "Length(mm):";
                    fontname = "Courier New";
                    fontcolor = 162;
                    fonttype = 2;
                    fontsize = 2.38;
                    fontratio = 1;
                    fontslant = 0;
                    fontstyle = 0;
                    angle = 0;
                    justify = LEFT;
                    pen = 0;
                };

                text _tmp_2327
                {
                    name = "Text_328";
                    x1 = 33;
                    y1 = 0;
                    x2 = 33;
                    y2 = 0;
                    string = "Grade:";
                    fontname = "Courier New";
                    fontcolor = 162;
                    fonttype = 2;
                    fontsize = 2.38;
                    fontratio = 1;
                    fontslant = 0;
                    fontstyle = 0;
                    angle = 0;
                    justify = LEFT;
                    pen = 0;
                };

                text _tmp_2328
                {
                    name = "Text_329";
                    x1 = 65;
                    y1 = 0;
                    x2 = 65;
                    y2 = 0;
                    string = "Length(mm):";
                    fontname = "Courier New";
                    fontcolor = 162;
                    fonttype = 2;
                    fontsize = 2.38;
                    fontratio = 1;
                    fontslant = 0;
                    fontstyle = 0;
                    angle = 0;
                    justify = LEFT;
                    pen = 0;
                };

                text _tmp_2329
                {
                    name = "Text_330";
                    x1 = 65;
                    y1 = 1;
                    x2 = 65;
                    y2 = 1;
                    string = "Total";
                    fontname = "Courier New";
                    fontcolor = 162;
                    fonttype = 2;
                    fontsize = 2.38;
                    fontratio = 1;
                    fontslant = 0;
                    fontstyle = 0;
                    angle = 0;
                    justify = LEFT;
                    pen = 0;
                };

                text _tmp_2330
                {
                    name = "Text_331";
                    x1 = 79;
                    y1 = 1;
                    x2 = 79;
                    y2 = 1;
                    string = "Total";
                    fontname = "Courier New";
                    fontcolor = 162;
                    fonttype = 2;
                    fontsize = 2.38;
                    fontratio = 1;
                    fontslant = 0;
                    fontstyle = 0;
                    angle = 0;
                    justify = LEFT;
                    pen = 0;
                };

                text _tmp_2331
                {
                    name = "Text_332";
                    x1 = 79;
                    y1 = 0;
                    x2 = 79;
                    y2 = 0;
                    string = "Weight(kg):";
                    fontname = "Courier New";
                    fontcolor = 162;
                    fonttype = 2;
                    fontsize = 2.38;
                    fontratio = 1;
                    fontslant = 0;
                    fontstyle = 0;
                    angle = 0;
                    justify = LEFT;
                    pen = 0;
                };
            };

            row _tmp_2332
            {
                name = "Row_62";
                height = 1;
                visibility = TRUE;
                usecolumns = FALSE;
                rule = "if (GetValue(\"SHAPE\") == \"STR\" &&GetValue(\"GROUP_TYPE\") == 0) then\r\n  Output()\r\nelse\r\n  StepOver()\r\nendif\r\n";
                contenttype = "REBAR";
                sorttype = COMBINE;

                valuefield _tmp_2333
                {
                    name = "ValueField_296";
                    location = (33, 0);
                    formula = "GetValue(\"GRADE\")";
                    datatype = STRING;
                    class = "";
                    cacheable = TRUE;
                    justify = LEFT;
                    visibility = TRUE;
                    angle = 0;
                    length = 7;
                    decimals = 0;
                    sortdirection = ASCENDING;
                    fontname = "Courier New";
                    fontcolor = 153;
                    fonttype = 2;
                    fontsize = 1;
                    fontratio = 1;
                    fontstyle = 0;
                    fontslant = 0;
                    pen = 0;
                    oncombine = NONE;
                };

                valuefield _tmp_2334
                {
                    name = "ValueField_297";
                    location = (44, 0);
                    formula = "GetValue(\"SIZE\")";
                    datatype = STRING;
                    class = "";
                    cacheable = TRUE;
                    justify = CENTERED;
                    visibility = TRUE;
                    angle = 0;
                    length = 6;
                    decimals = 0;
                    sortdirection = ASCENDING;
                    fontname = "Courier New";
                    fontcolor = 153;
                    fonttype = 2;
                    fontsize = 1;
                    fontratio = 1;
                    fontstyle = 0;
                    fontslant = 0;
                    pen = 0;
                    oncombine = NONE;
                };

                valuefield _tmp_2335
                {
                    name = "ValueField_298";
                    location = (53, 0);
                    formula = "GetValue(\"LENGTH\")";
                    datatype = DOUBLE;
                    class = "Length";
                    cacheable = TRUE;
                    justify = RIGHT;
                    visibility = TRUE;
                    angle = 0;
                    length = 8;
                    decimals = 0;
                    sortdirection = ASCENDING;
                    fontname = "Courier New";
                    fontcolor = 153;
                    fonttype = 2;
                    fontsize = 1;
                    fontratio = 1;
                    fontstyle = 0;
                    fontslant = 0;
                    pen = 0;
                    oncombine = NONE;
                    unit = "mm";
                };

                valuefield _tmp_2336
                {
                    name = "ValueField_299";
                    location = (22, 0);
                    formula = "GetValue(\"NUMBER\")";
                    datatype = INTEGER;
                    class = "";
                    cacheable = TRUE;
                    justify = RIGHT;
                    visibility = TRUE;
                    angle = 0;
                    length = 3;
                    decimals = 0;
                    sortdirection = NONE;
                    fontname = "Courier New";
                    fontcolor = 153;
                    fonttype = 2;
                    fontsize = 1;
                    fontratio = 1;
                    fontstyle = 0;
                    fontslant = 0;
                    pen = 0;
                    oncombine = SUM;
                };

                valuefield _tmp_2337
                {
                    name = "ValueField_300";
                    location = (64, 0);
                    formula = "GetValue(\"LENGTH\")*GetValue(\"NUMBER\")";
                    datatype = DOUBLE;
                    class = "Length";
                    cacheable = TRUE;
                    justify = RIGHT;
                    visibility = TRUE;
                    angle = 0;
                    length = 10;
                    decimals = 0;
                    sortdirection = NONE;
                    fontname = "Courier New";
                    fontcolor = 153;
                    fonttype = 2;
                    fontsize = 1;
                    fontratio = 1;
                    fontstyle = 0;
                    fontslant = 0;
                    pen = 0;
                    oncombine = SUM;
                    unit = "mm";
                };

                valuefield _tmp_2338
                {
                    name = "ValueField_301";
                    location = (80, 0);
                    formula = "GetValue(\"WEIGHT_TOTAL\")";
                    datatype = DOUBLE;
                    class = "Weight";
                    cacheable = TRUE;
                    justify = RIGHT;
                    visibility = TRUE;
                    angle = 0;
                    length = 8;
                    decimals = 0;
                    sortdirection = NONE;
                    fontname = "Courier New";
                    fontcolor = 153;
                    fonttype = 2;
                    fontsize = 1;
                    fontratio = 1;
                    fontstyle = 0;
                    fontslant = 0;
                    pen = 0;
                    oncombine = SUM;
                    unit = "kg";
                };

                valuefield _tmp_2339
                {
                    name = "ValueField_302";
                    location = (16, 0);
                    formula = "GetValue(\"GROUP_TYPE\")";
                    datatype = INTEGER;
                    class = "";
                    cacheable = TRUE;
                    justify = LEFT;
                    visibility = FALSE;
                    angle = 0;
                    length = 2;
                    decimals = 0;
                    sortdirection = ASCENDING;
                    fontname = "Courier New";
                    fontcolor = 153;
                    fonttype = 2;
                    fontsize = 0.8;
                    fontratio = 0.75;
                    fontstyle = 0;
                    fontslant = 0;
                    pen = 0;
                    oncombine = NONE;
                };
            };

            row _tmp_2340
            {
                name = "Row_63";
                height = 1;
                visibility = TRUE;
                usecolumns = FALSE;
                rule = "if (GetValue(\"SHAPE\") == \"STR\" &&GetValue(\"GROUP_TYPE\") >= 1 &&GetValue(\"GRADE\") != \"WFP\") then\r\n  Output()\r\nelse\r\n  StepOver()\r\nendif\r\n";
                contenttype = "REBAR";
                sorttype = COMBINE;

                valuefield _tmp_2341
                {
                    name = "ValueField_303";
                    location = (33, 0);
                    formula = "GetValue(\"GRADE\")";
                    datatype = STRING;
                    class = "";
                    cacheable = TRUE;
                    justify = LEFT;
                    visibility = TRUE;
                    angle = 0;
                    length = 7;
                    decimals = 0;
                    sortdirection = ASCENDING;
                    fontname = "Courier New";
                    fontcolor = 153;
                    fonttype = 2;
                    fontsize = 1;
                    fontratio = 1;
                    fontstyle = 0;
                    fontslant = 0;
                    pen = 0;
                    oncombine = NONE;
                };

                valuefield _tmp_2342
                {
                    name = "ValueField_304";
                    location = (44, 0);
                    formula = "GetValue(\"SIZE\")";
                    datatype = STRING;
                    class = "";
                    cacheable = TRUE;
                    justify = CENTERED;
                    visibility = TRUE;
                    angle = 0;
                    length = 6;
                    decimals = 0;
                    sortdirection = ASCENDING;
                    fontname = "Courier New";
                    fontcolor = 153;
                    fonttype = 2;
                    fontsize = 1;
                    fontratio = 1;
                    fontstyle = 0;
                    fontslant = 0;
                    pen = 0;
                    oncombine = NONE;
                };

                valuefield _tmp_2343
                {
                    name = "ValueField_305";
                    location = (22, 0);
                    formula = "GetValue(\"NUMBER\")";
                    datatype = INTEGER;
                    class = "";
                    cacheable = TRUE;
                    justify = RIGHT;
                    visibility = TRUE;
                    angle = 0;
                    length = 3;
                    decimals = 0;
                    sortdirection = NONE;
                    fontname = "Courier New";
                    fontcolor = 153;
                    fonttype = 2;
                    fontsize = 1;
                    fontratio = 1;
                    fontstyle = 0;
                    fontslant = 0;
                    pen = 0;
                    oncombine = SUM;
                };

                valuefield _tmp_2344
                {
                    name = "ValueField_306";
                    location = (80, 0);
                    formula = "GetValue(\"WEIGHT_TOTAL\")";
                    datatype = DOUBLE;
                    class = "Weight";
                    cacheable = TRUE;
                    justify = RIGHT;
                    visibility = TRUE;
                    angle = 0;
                    length = 8;
                    decimals = 0;
                    sortdirection = NONE;
                    fontname = "Courier New";
                    fontcolor = 153;
                    fonttype = 2;
                    fontsize = 1;
                    fontratio = 1;
                    fontstyle = 0;
                    fontslant = 0;
                    pen = 0;
                    oncombine = SUM;
                    unit = "kg";
                };

                valuefield _tmp_2345
                {
                    name = "ValueField_307";
                    location = (16, 0);
                    formula = "GetValue(\"GROUP_TYPE\")";
                    datatype = INTEGER;
                    class = "";
                    cacheable = TRUE;
                    justify = LEFT;
                    visibility = FALSE;
                    angle = 0;
                    length = 2;
                    decimals = 0;
                    sortdirection = ASCENDING;
                    fontname = "Courier New";
                    fontcolor = 153;
                    fonttype = 2;
                    fontsize = 0.8;
                    fontratio = 0.75;
                    fontstyle = 0;
                    fontslant = 0;
                    pen = 0;
                    oncombine = NONE;
                };

                text _tmp_2346
                {
                    name = "Text_333";
                    x1 = 51;
                    y1 = 0;
                    x2 = 51;
                    y2 = 0;
                    string = "L MIN";
                    fontname = "Courier New";
                    fontcolor = 153;
                    fonttype = 2;
                    fontsize = 0.8;
                    fontratio = 0.75;
                    fontslant = 0;
                    fontstyle = 0;
                    angle = 0;
                    justify = LEFT;
                    pen = 0;
                };

                valuefield _tmp_2347
                {
                    name = "ValueField_308";
                    location = (57, 0);
                    formula = "GetValue(\"LENGTH_MIN\")";
                    datatype = DOUBLE;
                    class = "Length";
                    cacheable = TRUE;
                    justify = LEFT;
                    visibility = TRUE;
                    angle = 0;
                    length = 7;
                    decimals = 1;
                    sortdirection = ASCENDING;
                    fontname = "Courier New";
                    fontcolor = 153;
                    fonttype = 2;
                    fontsize = 0.8;
                    fontratio = 0.75;
                    fontstyle = 0;
                    fontslant = 0;
                    pen = 0;
                    oncombine = NONE;
                    unit = "mm";
                };

                text _tmp_2348
                {
                    name = "Text_334";
                    x1 = 64;
                    y1 = 0;
                    x2 = 64;
                    y2 = 0;
                    string = "-";
                    fontname = "Courier New";
                    fontcolor = 153;
                    fonttype = 2;
                    fontsize = 0.8;
                    fontratio = 0.75;
                    fontslant = 0;
                    fontstyle = 0;
                    angle = 0;
                    justify = LEFT;
                    pen = 0;
                };

                text _tmp_2349
                {
                    name = "Text_335";
                    x1 = 66;
                    y1 = 0;
                    x2 = 66;
                    y2 = 0;
                    string = "L MAX";
                    fontname = "Courier New";
                    fontcolor = 153;
                    fonttype = 2;
                    fontsize = 0.8;
                    fontratio = 0.75;
                    fontslant = 0;
                    fontstyle = 0;
                    angle = 0;
                    justify = LEFT;
                    pen = 0;
                };

                valuefield _tmp_2350
                {
                    name = "ValueField_309";
                    location = (72, 0);
                    formula = "GetValue(\"LENGTH_MAX\")";
                    datatype = DOUBLE;
                    class = "Length";
                    cacheable = TRUE;
                    justify = LEFT;
                    visibility = TRUE;
                    angle = 0;
                    length = 7;
                    decimals = 1;
                    sortdirection = NONE;
                    fontname = "Courier New";
                    fontcolor = 153;
                    fonttype = 2;
                    fontsize = 0.8;
                    fontratio = 0.75;
                    fontstyle = 0;
                    fontslant = 0;
                    pen = 0;
                    oncombine = NONE;
                    unit = "mm";
                };

                row _tmp_2351
                {
                    name = "Row_64";
                    height = 1;
                    visibility = TRUE;
                    usecolumns = FALSE;
                    rule = "";
                    contenttype = "SINGLE_REBAR";
                    sorttype = COMBINE;

                    valuefield _tmp_2352
                    {
                        name = "ValueField_310";
                        location = (44, 0);
                        formula = "GetValue(\"REBAR.SIZE\")";
                        datatype = STRING;
                        class = "";
                        cacheable = TRUE;
                        justify = CENTERED;
                        visibility = TRUE;
                        angle = 0;
                        length = 6;
                        decimals = 0;
                        sortdirection = ASCENDING;
                        fontname = "Courier New";
                        fontcolor = 153;
                        fonttype = 2;
                        fontsize = 1;
                        fontratio = 1;
                        fontstyle = 0;
                        fontslant = 0;
                        pen = 0;
                        oncombine = NONE;
                    };

                    valuefield _tmp_2353
                    {
                        name = "ValueField_311";
                        location = (53, 0);
                        formula = "GetValue(\"LENGTH\")";
                        datatype = DOUBLE;
                        class = "Length";
                        cacheable = TRUE;
                        justify = RIGHT;
                        visibility = TRUE;
                        angle = 0;
                        length = 8;
                        decimals = 0;
                        sortdirection = ASCENDING;
                        fontname = "Courier New";
                        fontcolor = 153;
                        fonttype = 2;
                        fontsize = 1;
                        fontratio = 1;
                        fontstyle = 0;
                        fontslant = 0;
                        pen = 0;
                        oncombine = NONE;
                        unit = "mm";
                    };

                    valuefield _tmp_2354
                    {
                        name = "ValueField_312";
                        location = (22, 0);
                        formula = "GetValue(\"NUMBER\")";
                        datatype = INTEGER;
                        class = "";
                        cacheable = TRUE;
                        justify = RIGHT;
                        visibility = TRUE;
                        angle = 0;
                        length = 3;
                        decimals = 0;
                        sortdirection = NONE;
                        fontname = "Courier New";
                        fontcolor = 153;
                        fonttype = 2;
                        fontsize = 1;
                        fontratio = 1;
                        fontstyle = 0;
                        fontslant = 0;
                        pen = 0;
                        oncombine = SUM;
                    };

                    valuefield _tmp_2355
                    {
                        name = "ValueField_313";
                        location = (64, 0);
                        formula = "GetValue(\"LENGTH\")*GetValue(\"NUMBER\")";
                        datatype = DOUBLE;
                        class = "Length";
                        cacheable = TRUE;
                        justify = RIGHT;
                        visibility = TRUE;
                        angle = 0;
                        length = 10;
                        decimals = 0;
                        sortdirection = NONE;
                        fontname = "Courier New";
                        fontcolor = 153;
                        fonttype = 2;
                        fontsize = 1;
                        fontratio = 1;
                        fontstyle = 0;
                        fontslant = 0;
                        pen = 0;
                        oncombine = SUM;
                        unit = "mm";
                    };

                    valuefield _tmp_2356
                    {
                        name = "ValueField_314";
                        location = (80, 0);
                        formula = "GetValue(\"WEIGHT_TOTAL\")";
                        datatype = DOUBLE;
                        class = "Weight";
                        cacheable = TRUE;
                        justify = RIGHT;
                        visibility = TRUE;
                        angle = 0;
                        length = 8;
                        decimals = 0;
                        sortdirection = NONE;
                        fontname = "Courier New";
                        fontcolor = 153;
                        fonttype = 2;
                        fontsize = 1;
                        fontratio = 1;
                        fontstyle = 0;
                        fontslant = 0;
                        pen = 0;
                        oncombine = SUM;
                        unit = "kg";
                    };

                    valuefield _tmp_2357
                    {
                        name = "ValueField_315";
                        location = (16, 0);
                        formula = "GetValue(\"GROUP_TYPE\")";
                        datatype = INTEGER;
                        class = "";
                        cacheable = TRUE;
                        justify = LEFT;
                        visibility = FALSE;
                        angle = 0;
                        length = 2;
                        decimals = 0;
                        sortdirection = ASCENDING;
                        fontname = "Courier New";
                        fontcolor = 153;
                        fonttype = 2;
                        fontsize = 0.8;
                        fontratio = 0.75;
                        fontstyle = 0;
                        fontslant = 0;
                        pen = 0;
                        oncombine = NONE;
                    };
                };
            };

            row _tmp_2358
            {
                name = "Row_65";
                height = 3;
                visibility = TRUE;
                usecolumns = FALSE;
                rule = "if (GetValue(\"SHAPE\") != \"STR\") then\r\n  Output()\r\nelse\r\n  StepOver()\r\nendif";
                contenttype = "REBAR";
                sorttype = COMBINE;

                text _tmp_2359
                {
                    name = "Text_336";
                    x1 = 15;
                    y1 = 1;
                    x2 = 15;
                    y2 = 1;
                    string = "Bent Rebar List:";
                    fontname = "Courier New";
                    fontcolor = 162;
                    fonttype = 2;
                    fontsize = 2.38;
                    fontratio = 1;
                    fontslant = 0;
                    fontstyle = 0;
                    angle = 0;
                    justify = LEFT;
                    pen = 0;
                };

                text _tmp_2360
                {
                    name = "Text_337";
                    x1 = 15;
                    y1 = 2;
                    x2 = 15;
                    y2 = 2;
                    string = "_____________________________________________________________________________________";
                    fontname = "Courier New";
                    fontcolor = 162;
                    fonttype = 2;
                    fontsize = 2.38;
                    fontratio = 1;
                    fontslant = 0;
                    fontstyle = 0;
                    angle = 0;
                    justify = LEFT;
                    pen = 0;
                };

                text _tmp_2361
                {
                    name = "Text_338";
                    x1 = 27;
                    y1 = 0;
                    x2 = 27;
                    y2 = 0;
                    string = "Typ:";
                    fontname = "Courier New";
                    fontcolor = 162;
                    fonttype = 2;
                    fontsize = 1;
                    fontratio = 1;
                    fontslant = 0;
                    fontstyle = 0;
                    angle = 0;
                    justify = LEFT;
                    pen = 0;
                };

                text _tmp_2362
                {
                    name = "Text_339";
                    x1 = 22;
                    y1 = 0;
                    x2 = 22;
                    y2 = 0;
                    string = "Qty:";
                    fontname = "Courier New";
                    fontcolor = 162;
                    fonttype = 2;
                    fontsize = 1;
                    fontratio = 1;
                    fontslant = 0;
                    fontstyle = 0;
                    angle = 0;
                    justify = LEFT;
                    pen = 0;
                };

                text _tmp_2363
                {
                    name = "Text_340";
                    x1 = 33;
                    y1 = 0;
                    x2 = 33;
                    y2 = 0;
                    string = "Grade:";
                    fontname = "Courier New";
                    fontcolor = 162;
                    fonttype = 2;
                    fontsize = 2.38;
                    fontratio = 1;
                    fontslant = 0;
                    fontstyle = 0;
                    angle = 0;
                    justify = LEFT;
                    pen = 0;
                };

                text _tmp_2364
                {
                    name = "Text_341";
                    x1 = 45;
                    y1 = 0;
                    x2 = 45;
                    y2 = 0;
                    string = "Size:";
                    fontname = "Courier New";
                    fontcolor = 162;
                    fonttype = 2;
                    fontsize = 2.38;
                    fontratio = 1;
                    fontslant = 0;
                    fontstyle = 0;
                    angle = 0;
                    justify = LEFT;
                    pen = 0;
                };

                text _tmp_2365
                {
                    name = "Text_342";
                    x1 = 52;
                    y1 = 0;
                    x2 = 52;
                    y2 = 0;
                    string = "Length(mm):";
                    fontname = "Courier New";
                    fontcolor = 162;
                    fonttype = 2;
                    fontsize = 2.38;
                    fontratio = 1;
                    fontslant = 0;
                    fontstyle = 0;
                    angle = 0;
                    justify = LEFT;
                    pen = 0;
                };

                text _tmp_2366
                {
                    name = "Text_343";
                    x1 = 65;
                    y1 = 1;
                    x2 = 65;
                    y2 = 1;
                    string = "Total";
                    fontname = "Courier New";
                    fontcolor = 162;
                    fonttype = 2;
                    fontsize = 2.38;
                    fontratio = 1;
                    fontslant = 0;
                    fontstyle = 0;
                    angle = 0;
                    justify = LEFT;
                    pen = 0;
                };

                text _tmp_2367
                {
                    name = "Text_344";
                    x1 = 65;
                    y1 = 0;
                    x2 = 65;
                    y2 = 0;
                    string = "Length(mm):";
                    fontname = "Courier New";
                    fontcolor = 162;
                    fonttype = 2;
                    fontsize = 2.38;
                    fontratio = 1;
                    fontslant = 0;
                    fontstyle = 0;
                    angle = 0;
                    justify = LEFT;
                    pen = 0;
                };

                text _tmp_2368
                {
                    name = "Text_345";
                    x1 = 79;
                    y1 = 1;
                    x2 = 79;
                    y2 = 1;
                    string = "Total";
                    fontname = "Courier New";
                    fontcolor = 162;
                    fonttype = 2;
                    fontsize = 2.38;
                    fontratio = 1;
                    fontslant = 0;
                    fontstyle = 0;
                    angle = 0;
                    justify = LEFT;
                    pen = 0;
                };

                text _tmp_2369
                {
                    name = "Text_346";
                    x1 = 79;
                    y1 = 0;
                    x2 = 79;
                    y2 = 0;
                    string = "Weight(kg):";
                    fontname = "Courier New";
                    fontcolor = 162;
                    fonttype = 2;
                    fontsize = 2.38;
                    fontratio = 1;
                    fontslant = 0;
                    fontstyle = 0;
                    angle = 0;
                    justify = LEFT;
                    pen = 0;
                };
            };

            row _tmp_2370
            {
                name = "Row_66";
                height = 1;
                visibility = TRUE;
                usecolumns = FALSE;
                rule = "if (GetValue(\"SHAPE\") != \"STR\" &&GetValue(\"GROUP_TYPE\") == 0) then\r\n  Output()\r\nelse\r\n  StepOver()\r\nendif\r\n\r\n\r\n";
                contenttype = "REBAR";
                sorttype = COMBINE;

                valuefield _tmp_2371
                {
                    name = "ValueField_316";
                    location = (33, 0);
                    formula = "GetValue(\"GRADE\")";
                    datatype = STRING;
                    class = "";
                    cacheable = TRUE;
                    justify = LEFT;
                    visibility = TRUE;
                    angle = 0;
                    length = 7;
                    decimals = 0;
                    sortdirection = ASCENDING;
                    fontname = "Courier New";
                    fontcolor = 153;
                    fonttype = 2;
                    fontsize = 1;
                    fontratio = 1;
                    fontstyle = 0;
                    fontslant = 0;
                    pen = 0;
                    oncombine = NONE;
                };

                valuefield _tmp_2372
                {
                    name = "ValueField_317";
                    location = (44, 0);
                    formula = "GetValue(\"SIZE\")";
                    datatype = STRING;
                    class = "";
                    cacheable = TRUE;
                    justify = CENTERED;
                    visibility = TRUE;
                    angle = 0;
                    length = 6;
                    decimals = 0;
                    sortdirection = ASCENDING;
                    fontname = "Courier New";
                    fontcolor = 153;
                    fonttype = 2;
                    fontsize = 1;
                    fontratio = 1;
                    fontstyle = 0;
                    fontslant = 0;
                    pen = 0;
                    oncombine = NONE;
                };

                valuefield _tmp_2373
                {
                    name = "ValueField_318";
                    location = (53, 0);
                    formula = "GetValue(\"LENGTH\")";
                    datatype = DOUBLE;
                    class = "Length";
                    cacheable = TRUE;
                    justify = RIGHT;
                    visibility = TRUE;
                    angle = 0;
                    length = 8;
                    decimals = 0;
                    sortdirection = ASCENDING;
                    fontname = "Courier New";
                    fontcolor = 153;
                    fonttype = 2;
                    fontsize = 1;
                    fontratio = 1;
                    fontstyle = 0;
                    fontslant = 0;
                    pen = 0;
                    oncombine = NONE;
                    unit = "mm";
                };

                valuefield _tmp_2374
                {
                    name = "ValueField_319";
                    location = (22, 0);
                    formula = "GetValue(\"NUMBER\")";
                    datatype = INTEGER;
                    class = "";
                    cacheable = TRUE;
                    justify = RIGHT;
                    visibility = TRUE;
                    angle = 0;
                    length = 3;
                    decimals = 0;
                    sortdirection = NONE;
                    fontname = "Courier New";
                    fontcolor = 153;
                    fonttype = 2;
                    fontsize = 1;
                    fontratio = 1;
                    fontstyle = 0;
                    fontslant = 0;
                    pen = 0;
                    oncombine = SUM;
                };

                valuefield _tmp_2375
                {
                    name = "ValueField_320";
                    location = (64, 0);
                    formula = "GetValue(\"LENGTH\")*GetValue(\"NUMBER\")";
                    datatype = DOUBLE;
                    class = "Length";
                    cacheable = TRUE;
                    justify = RIGHT;
                    visibility = TRUE;
                    angle = 0;
                    length = 10;
                    decimals = 0;
                    sortdirection = NONE;
                    fontname = "Courier New";
                    fontcolor = 153;
                    fonttype = 2;
                    fontsize = 1;
                    fontratio = 1;
                    fontstyle = 0;
                    fontslant = 0;
                    pen = 0;
                    oncombine = SUM;
                    unit = "mm";
                };

                valuefield _tmp_2376
                {
                    name = "ValueField_321";
                    location = (80, 0);
                    formula = "GetValue(\"WEIGHT_TOTAL\")";
                    datatype = DOUBLE;
                    class = "Weight";
                    cacheable = TRUE;
                    justify = RIGHT;
                    visibility = TRUE;
                    angle = 0;
                    length = 8;
                    decimals = 0;
                    sortdirection = NONE;
                    fontname = "Courier New";
                    fontcolor = 153;
                    fonttype = 2;
                    fontsize = 1;
                    fontratio = 1;
                    fontstyle = 0;
                    fontslant = 0;
                    pen = 0;
                    oncombine = SUM;
                    unit = "kg";
                };

                valuefield _tmp_2377
                {
                    name = "ValueField_322";
                    location = (16, 0);
                    formula = "GetValue(\"GROUP_TYPE\")";
                    datatype = INTEGER;
                    class = "";
                    cacheable = TRUE;
                    justify = LEFT;
                    visibility = FALSE;
                    angle = 0;
                    length = 2;
                    decimals = 0;
                    sortdirection = ASCENDING;
                    fontname = "Courier New";
                    fontcolor = 153;
                    fonttype = 2;
                    fontsize = 0.8;
                    fontratio = 0.75;
                    fontstyle = 0;
                    fontslant = 0;
                    pen = 0;
                    oncombine = NONE;
                };

                valuefield _tmp_2378
                {
                    name = "ValueField_323";
                    location = (27, 0);
                    formula = "GetValue(\"SHAPE\")";
                    datatype = STRING;
                    class = "";
                    cacheable = TRUE;
                    justify = RIGHT;
                    visibility = TRUE;
                    angle = 0;
                    length = 3;
                    decimals = 0;
                    sortdirection = NONE;
                    fontname = "Courier New";
                    fontcolor = 153;
                    fonttype = 2;
                    fontsize = 1;
                    fontratio = 1;
                    fontstyle = 0;
                    fontslant = 0;
                    pen = 0;
                    oncombine = NONE;
                };
            };

            row _tmp_2379
            {
                name = "Row_67";
                height = 1;
                visibility = TRUE;
                usecolumns = FALSE;
                rule = "if (GetValue(\"SHAPE\") != \"STR\" &&GetValue(\"GROUP_TYPE\") >= 1 &&GetValue(\"GRADE\") != \"WFP\") then\r\n  Output()\r\nelse\r\n  StepOver()\r\nendif\r\n";
                contenttype = "REBAR";
                sorttype = COMBINE;

                valuefield _tmp_2380
                {
                    name = "ValueField_324";
                    location = (33, 0);
                    formula = "GetValue(\"GRADE\")";
                    datatype = STRING;
                    class = "";
                    cacheable = TRUE;
                    justify = LEFT;
                    visibility = TRUE;
                    angle = 0;
                    length = 7;
                    decimals = 0;
                    sortdirection = ASCENDING;
                    fontname = "Courier New";
                    fontcolor = 153;
                    fonttype = 2;
                    fontsize = 1;
                    fontratio = 1;
                    fontstyle = 0;
                    fontslant = 0;
                    pen = 0;
                    oncombine = NONE;
                };

                valuefield _tmp_2381
                {
                    name = "ValueField_325";
                    location = (44, 0);
                    formula = "GetValue(\"SIZE\")";
                    datatype = STRING;
                    class = "";
                    cacheable = TRUE;
                    justify = CENTERED;
                    visibility = TRUE;
                    angle = 0;
                    length = 6;
                    decimals = 0;
                    sortdirection = ASCENDING;
                    fontname = "Courier New";
                    fontcolor = 153;
                    fonttype = 2;
                    fontsize = 1;
                    fontratio = 1;
                    fontstyle = 0;
                    fontslant = 0;
                    pen = 0;
                    oncombine = NONE;
                };

                valuefield _tmp_2382
                {
                    name = "ValueField_326";
                    location = (22, 0);
                    formula = "GetValue(\"NUMBER\")";
                    datatype = INTEGER;
                    class = "";
                    cacheable = TRUE;
                    justify = RIGHT;
                    visibility = TRUE;
                    angle = 0;
                    length = 3;
                    decimals = 0;
                    sortdirection = NONE;
                    fontname = "Courier New";
                    fontcolor = 153;
                    fonttype = 2;
                    fontsize = 1;
                    fontratio = 1;
                    fontstyle = 0;
                    fontslant = 0;
                    pen = 0;
                    oncombine = SUM;
                };

                valuefield _tmp_2383
                {
                    name = "ValueField_327";
                    location = (80, 0);
                    formula = "GetValue(\"WEIGHT_TOTAL\")";
                    datatype = DOUBLE;
                    class = "Weight";
                    cacheable = TRUE;
                    justify = RIGHT;
                    visibility = TRUE;
                    angle = 0;
                    length = 8;
                    decimals = 0;
                    sortdirection = NONE;
                    fontname = "Courier New";
                    fontcolor = 153;
                    fonttype = 2;
                    fontsize = 1;
                    fontratio = 1;
                    fontstyle = 0;
                    fontslant = 0;
                    pen = 0;
                    oncombine = SUM;
                    unit = "kg";
                };

                valuefield _tmp_2384
                {
                    name = "ValueField_328";
                    location = (16, 0);
                    formula = "GetValue(\"GROUP_TYPE\")";
                    datatype = INTEGER;
                    class = "";
                    cacheable = TRUE;
                    justify = LEFT;
                    visibility = FALSE;
                    angle = 0;
                    length = 2;
                    decimals = 0;
                    sortdirection = ASCENDING;
                    fontname = "Courier New";
                    fontcolor = 153;
                    fonttype = 2;
                    fontsize = 0.8;
                    fontratio = 0.75;
                    fontstyle = 0;
                    fontslant = 0;
                    pen = 0;
                    oncombine = NONE;
                };

                text _tmp_2385
                {
                    name = "Text_347";
                    x1 = 51;
                    y1 = 0;
                    x2 = 51;
                    y2 = 0;
                    string = "L MIN";
                    fontname = "Courier New";
                    fontcolor = 153;
                    fonttype = 2;
                    fontsize = 0.8;
                    fontratio = 0.75;
                    fontslant = 0;
                    fontstyle = 0;
                    angle = 0;
                    justify = LEFT;
                    pen = 0;
                };

                valuefield _tmp_2386
                {
                    name = "ValueField_329";
                    location = (57, 0);
                    formula = "GetValue(\"LENGTH_MIN\")";
                    datatype = DOUBLE;
                    class = "Length";
                    cacheable = TRUE;
                    justify = LEFT;
                    visibility = TRUE;
                    angle = 0;
                    length = 7;
                    decimals = 1;
                    sortdirection = ASCENDING;
                    fontname = "Courier New";
                    fontcolor = 153;
                    fonttype = 2;
                    fontsize = 0.8;
                    fontratio = 0.75;
                    fontstyle = 0;
                    fontslant = 0;
                    pen = 0;
                    oncombine = NONE;
                    unit = "mm";
                };

                text _tmp_2387
                {
                    name = "Text_348";
                    x1 = 64;
                    y1 = 0;
                    x2 = 64;
                    y2 = 0;
                    string = "-";
                    fontname = "Courier New";
                    fontcolor = 153;
                    fonttype = 2;
                    fontsize = 0.8;
                    fontratio = 0.75;
                    fontslant = 0;
                    fontstyle = 0;
                    angle = 0;
                    justify = LEFT;
                    pen = 0;
                };

                text _tmp_2388
                {
                    name = "Text_349";
                    x1 = 66;
                    y1 = 0;
                    x2 = 66;
                    y2 = 0;
                    string = "L MAX";
                    fontname = "Courier New";
                    fontcolor = 153;
                    fonttype = 2;
                    fontsize = 0.8;
                    fontratio = 0.75;
                    fontslant = 0;
                    fontstyle = 0;
                    angle = 0;
                    justify = LEFT;
                    pen = 0;
                };

                valuefield _tmp_2389
                {
                    name = "ValueField_330";
                    location = (72, 0);
                    formula = "GetValue(\"LENGTH_MAX\")";
                    datatype = DOUBLE;
                    class = "Length";
                    cacheable = TRUE;
                    justify = LEFT;
                    visibility = TRUE;
                    angle = 0;
                    length = 7;
                    decimals = 1;
                    sortdirection = NONE;
                    fontname = "Courier New";
                    fontcolor = 153;
                    fonttype = 2;
                    fontsize = 0.8;
                    fontratio = 0.75;
                    fontstyle = 0;
                    fontslant = 0;
                    pen = 0;
                    oncombine = NONE;
                    unit = "mm";
                };

                valuefield _tmp_2390
                {
                    name = "ValueField_331";
                    location = (27, 0);
                    formula = "GetValue(\"SHAPE\")";
                    datatype = STRING;
                    class = "";
                    cacheable = TRUE;
                    justify = RIGHT;
                    visibility = TRUE;
                    angle = 0;
                    length = 3;
                    decimals = 0;
                    sortdirection = NONE;
                    fontname = "Courier New";
                    fontcolor = 153;
                    fonttype = 2;
                    fontsize = 1;
                    fontratio = 1;
                    fontstyle = 0;
                    fontslant = 0;
                    pen = 0;
                    oncombine = NONE;
                };

                row _tmp_2391
                {
                    name = "Row_68";
                    height = 1;
                    visibility = TRUE;
                    usecolumns = FALSE;
                    rule = "";
                    contenttype = "SINGLE_REBAR";
                    sorttype = COMBINE;

                    valuefield _tmp_2392
                    {
                        name = "ValueField_332";
                        location = (44, 0);
                        formula = "GetValue(\"REBAR.SIZE\")";
                        datatype = STRING;
                        class = "";
                        cacheable = TRUE;
                        justify = CENTERED;
                        visibility = TRUE;
                        angle = 0;
                        length = 6;
                        decimals = 0;
                        sortdirection = ASCENDING;
                        fontname = "Courier New";
                        fontcolor = 153;
                        fonttype = 2;
                        fontsize = 1;
                        fontratio = 1;
                        fontstyle = 0;
                        fontslant = 0;
                        pen = 0;
                        oncombine = NONE;
                    };

                    valuefield _tmp_2393
                    {
                        name = "ValueField_333";
                        location = (53, 0);
                        formula = "GetValue(\"LENGTH\")";
                        datatype = DOUBLE;
                        class = "Length";
                        cacheable = TRUE;
                        justify = RIGHT;
                        visibility = TRUE;
                        angle = 0;
                        length = 8;
                        decimals = 0;
                        sortdirection = ASCENDING;
                        fontname = "Courier New";
                        fontcolor = 153;
                        fonttype = 2;
                        fontsize = 1;
                        fontratio = 1;
                        fontstyle = 0;
                        fontslant = 0;
                        pen = 0;
                        oncombine = NONE;
                        unit = "mm";
                    };

                    valuefield _tmp_2394
                    {
                        name = "ValueField_334";
                        location = (22, 0);
                        formula = "GetValue(\"NUMBER\")";
                        datatype = INTEGER;
                        class = "";
                        cacheable = TRUE;
                        justify = RIGHT;
                        visibility = TRUE;
                        angle = 0;
                        length = 3;
                        decimals = 0;
                        sortdirection = NONE;
                        fontname = "Courier New";
                        fontcolor = 153;
                        fonttype = 2;
                        fontsize = 1;
                        fontratio = 1;
                        fontstyle = 0;
                        fontslant = 0;
                        pen = 0;
                        oncombine = SUM;
                    };

                    valuefield _tmp_2395
                    {
                        name = "ValueField_335";
                        location = (64, 0);
                        formula = "GetValue(\"LENGTH\")*GetValue(\"NUMBER\")";
                        datatype = DOUBLE;
                        class = "Length";
                        cacheable = TRUE;
                        justify = RIGHT;
                        visibility = TRUE;
                        angle = 0;
                        length = 10;
                        decimals = 0;
                        sortdirection = NONE;
                        fontname = "Courier New";
                        fontcolor = 153;
                        fonttype = 2;
                        fontsize = 1;
                        fontratio = 1;
                        fontstyle = 0;
                        fontslant = 0;
                        pen = 0;
                        oncombine = SUM;
                        unit = "mm";
                    };

                    valuefield _tmp_2396
                    {
                        name = "ValueField_336";
                        location = (80, 0);
                        formula = "GetValue(\"WEIGHT_TOTAL\")";
                        datatype = DOUBLE;
                        class = "Weight";
                        cacheable = TRUE;
                        justify = RIGHT;
                        visibility = TRUE;
                        angle = 0;
                        length = 8;
                        decimals = 0;
                        sortdirection = NONE;
                        fontname = "Courier New";
                        fontcolor = 153;
                        fonttype = 2;
                        fontsize = 1;
                        fontratio = 1;
                        fontstyle = 0;
                        fontslant = 0;
                        pen = 0;
                        oncombine = SUM;
                        unit = "kg";
                    };

                    valuefield _tmp_2397
                    {
                        name = "ValueField_337";
                        location = (16, 0);
                        formula = "GetValue(\"GROUP_TYPE\")";
                        datatype = INTEGER;
                        class = "";
                        cacheable = TRUE;
                        justify = LEFT;
                        visibility = FALSE;
                        angle = 0;
                        length = 2;
                        decimals = 0;
                        sortdirection = ASCENDING;
                        fontname = "Courier New";
                        fontcolor = 153;
                        fonttype = 2;
                        fontsize = 0.8;
                        fontratio = 0.75;
                        fontstyle = 0;
                        fontslant = 0;
                        pen = 0;
                        oncombine = NONE;
                    };
                };
            };

            row _tmp_2398
            {
                name = "Row_69";
                height = 3;
                visibility = TRUE;
                usecolumns = FALSE;
                rule = "";
                contenttype = "STRAND";
                sorttype = COMBINE;

                text _tmp_2399
                {
                    name = "Text_350";
                    x1 = 15;
                    y1 = 2;
                    x2 = 15;
                    y2 = 2;
                    string = "_____________________________________________________________________________________";
                    fontname = "Courier New";
                    fontcolor = 162;
                    fonttype = 2;
                    fontsize = 2.38;
                    fontratio = 1;
                    fontslant = 0;
                    fontstyle = 0;
                    angle = 0;
                    justify = LEFT;
                    pen = 0;
                };

                text _tmp_2400
                {
                    name = "Text_351";
                    x1 = 15;
                    y1 = 1;
                    x2 = 15;
                    y2 = 1;
                    string = "Strand:";
                    fontname = "Courier New";
                    fontcolor = 162;
                    fonttype = 2;
                    fontsize = 2.38;
                    fontratio = 1;
                    fontslant = 0;
                    fontstyle = 0;
                    angle = 0;
                    justify = LEFT;
                    pen = 0;
                };

                text _tmp_2401
                {
                    name = "Text_352";
                    x1 = 33;
                    y1 = 0;
                    x2 = 33;
                    y2 = 0;
                    string = "Grade:";
                    fontname = "Courier New";
                    fontcolor = 162;
                    fonttype = 2;
                    fontsize = 2.38;
                    fontratio = 1;
                    fontslant = 0;
                    fontstyle = 0;
                    angle = 0;
                    justify = LEFT;
                    pen = 0;
                };

                text _tmp_2402
                {
                    name = "Text_353";
                    x1 = 22;
                    y1 = 0;
                    x2 = 22;
                    y2 = 0;
                    string = "Qty:";
                    fontname = "Courier New";
                    fontcolor = 162;
                    fonttype = 2;
                    fontsize = 1;
                    fontratio = 1;
                    fontslant = 0;
                    fontstyle = 0;
                    angle = 0;
                    justify = LEFT;
                    pen = 0;
                };

                text _tmp_2403
                {
                    name = "Text_354";
                    x1 = 52;
                    y1 = 0;
                    x2 = 52;
                    y2 = 0;
                    string = "Length(mm):";
                    fontname = "Courier New";
                    fontcolor = 162;
                    fonttype = 2;
                    fontsize = 2.38;
                    fontratio = 1;
                    fontslant = 0;
                    fontstyle = 0;
                    angle = 0;
                    justify = LEFT;
                    pen = 0;
                };

                text _tmp_2404
                {
                    name = "Text_355";
                    x1 = 94;
                    y1 = 0;
                    x2 = 94;
                    y2 = 0;
                    string = "Pi (KN):";
                    fontname = "Courier New";
                    fontcolor = 162;
                    fonttype = 2;
                    fontsize = 2.38;
                    fontratio = 1;
                    fontslant = 0;
                    fontstyle = 0;
                    angle = 0;
                    justify = LEFT;
                    pen = 0;
                };

                text _tmp_2405
                {
                    name = "Text_356";
                    x1 = 65;
                    y1 = 1;
                    x2 = 65;
                    y2 = 1;
                    string = "Total";
                    fontname = "Courier New";
                    fontcolor = 162;
                    fonttype = 2;
                    fontsize = 2.38;
                    fontratio = 1;
                    fontslant = 0;
                    fontstyle = 0;
                    angle = 0;
                    justify = LEFT;
                    pen = 0;
                };

                text _tmp_2406
                {
                    name = "Text_357";
                    x1 = 65;
                    y1 = 0;
                    x2 = 65;
                    y2 = 0;
                    string = "Length(mm):";
                    fontname = "Courier New";
                    fontcolor = 162;
                    fonttype = 2;
                    fontsize = 2.38;
                    fontratio = 1;
                    fontslant = 0;
                    fontstyle = 0;
                    angle = 0;
                    justify = LEFT;
                    pen = 0;
                };

                text _tmp_2407
                {
                    name = "Text_358";
                    x1 = 45;
                    y1 = 0;
                    x2 = 45;
                    y2 = 0;
                    string = "Size:";
                    fontname = "Courier New";
                    fontcolor = 162;
                    fonttype = 2;
                    fontsize = 2.38;
                    fontratio = 1;
                    fontslant = 0;
                    fontstyle = 0;
                    angle = 0;
                    justify = LEFT;
                    pen = 0;
                };

                text _tmp_2408
                {
                    name = "Text_359";
                    x1 = 79;
                    y1 = 1;
                    x2 = 79;
                    y2 = 1;
                    string = "Total";
                    fontname = "Courier New";
                    fontcolor = 162;
                    fonttype = 2;
                    fontsize = 2.38;
                    fontratio = 1;
                    fontslant = 0;
                    fontstyle = 0;
                    angle = 0;
                    justify = LEFT;
                    pen = 0;
                };

                text _tmp_2409
                {
                    name = "Text_360";
                    x1 = 79;
                    y1 = 0;
                    x2 = 79;
                    y2 = 0;
                    string = "Weight(kg):";
                    fontname = "Courier New";
                    fontcolor = 162;
                    fonttype = 2;
                    fontsize = 2.38;
                    fontratio = 1;
                    fontslant = 0;
                    fontstyle = 0;
                    angle = 0;
                    justify = LEFT;
                    pen = 0;
                };
            };

            row _tmp_2410
            {
                name = "Row_70";
                height = 1;
                visibility = TRUE;
                usecolumns = FALSE;
                rule = "";
                contenttype = "STRAND";
                sorttype = COMBINE;

                valuefield _tmp_2411
                {
                    name = "ValueField_338";
                    location = (33, 0);
                    formula = "GetValue(\"MATERIAL\")";
                    datatype = STRING;
                    class = "";
                    cacheable = TRUE;
                    justify = LEFT;
                    visibility = TRUE;
                    angle = 0;
                    length = 7;
                    decimals = 0;
                    sortdirection = ASCENDING;
                    fontname = "Courier New";
                    fontcolor = 153;
                    fonttype = 2;
                    fontsize = 1;
                    fontratio = 1;
                    fontstyle = 0;
                    fontslant = 0;
                    pen = 0;
                    oncombine = NONE;
                };

                valuefield _tmp_2412
                {
                    name = "ValueField_339";
                    location = (53, 0);
                    formula = "GetValue(\"LENGTH\")";
                    datatype = DOUBLE;
                    class = "Length";
                    cacheable = TRUE;
                    justify = RIGHT;
                    visibility = TRUE;
                    angle = 0;
                    length = 8;
                    decimals = 0;
                    sortdirection = ASCENDING;
                    fontname = "Courier New";
                    fontcolor = 153;
                    fonttype = 2;
                    fontsize = 1;
                    fontratio = 1;
                    fontstyle = 0;
                    fontslant = 0;
                    pen = 0;
                    oncombine = NONE;
                    unit = "mm";
                };

                valuefield _tmp_2413
                {
                    name = "ValueField_340";
                    location = (94, 0);
                    formula = "GetValue(\"STRAND_PULL_FORCE\")";
                    datatype = DOUBLE;
                    class = "Force";
                    cacheable = TRUE;
                    justify = RIGHT;
                    visibility = TRUE;
                    angle = 0;
                    length = 8;
                    decimals = 2;
                    sortdirection = ASCENDING;
                    fontname = "Courier New";
                    fontcolor = 153;
                    fonttype = 2;
                    fontsize = 1;
                    fontratio = 1;
                    fontstyle = 0;
                    fontslant = 0;
                    pen = 0;
                    oncombine = NONE;
                    unit = "kN";
                };

                valuefield _tmp_2414
                {
                    name = "ValueField_341";
                    location = (22, 0);
                    formula = "GetValue(\"NUMBER\")";
                    datatype = INTEGER;
                    class = "";
                    cacheable = TRUE;
                    justify = RIGHT;
                    visibility = TRUE;
                    angle = 0;
                    length = 3;
                    decimals = 0;
                    sortdirection = NONE;
                    fontname = "Courier New";
                    fontcolor = 153;
                    fonttype = 2;
                    fontsize = 1;
                    fontratio = 1;
                    fontstyle = 0;
                    fontslant = 0;
                    pen = 0;
                    oncombine = SUM;
                };

                valuefield _tmp_2415
                {
                    name = "ValueField_342";
                    location = (64, 0);
                    formula = "GetValue(\"NUMBER\")*GetValue(\"LENGTH\")";
                    datatype = DOUBLE;
                    class = "Length";
                    cacheable = TRUE;
                    justify = RIGHT;
                    visibility = TRUE;
                    angle = 0;
                    length = 10;
                    decimals = 0;
                    sortdirection = NONE;
                    fontname = "Courier New";
                    fontcolor = 153;
                    fonttype = 2;
                    fontsize = 1;
                    fontratio = 1;
                    fontstyle = 0;
                    fontslant = 0;
                    pen = 0;
                    oncombine = SUM;
                    unit = "mm";
                };

                valuefield _tmp_2416
                {
                    name = "ValueField_343";
                    location = (44, 0);
                    formula = "GetValue(\"SIZE\")";
                    datatype = STRING;
                    class = "";
                    cacheable = TRUE;
                    justify = CENTERED;
                    visibility = TRUE;
                    angle = 0;
                    length = 6;
                    decimals = 0;
                    sortdirection = ASCENDING;
                    fontname = "Courier New";
                    fontcolor = 153;
                    fonttype = 2;
                    fontsize = 1;
                    fontratio = 1;
                    fontstyle = 0;
                    fontslant = 0;
                    pen = 0;
                    oncombine = NONE;
                };

                valuefield _tmp_2417
                {
                    name = "ValueField_344";
                    location = (80, 0);
                    formula = "GetValue(\"WEIGHT_TOTAL\")";
                    datatype = DOUBLE;
                    class = "Weight";
                    cacheable = TRUE;
                    justify = RIGHT;
                    visibility = TRUE;
                    angle = 0;
                    length = 8;
                    decimals = 0;
                    sortdirection = NONE;
                    fontname = "Courier New";
                    fontcolor = 153;
                    fonttype = 2;
                    fontsize = 1;
                    fontratio = 1;
                    fontstyle = 0;
                    fontslant = 0;
                    pen = 0;
                    oncombine = SUM;
                    unit = "kg";
                };
            };

            row _tmp_2418
            {
                name = "Row_71";
                height = 3;
                visibility = TRUE;
                usecolumns = FALSE;
                rule = "if (GetValue(\"GRADE\") == \"WFP\") then\n  Output()\nelse\n  StepOver()\nendif\n";
                contenttype = "MESH";
                sorttype = COMBINE;

                text _tmp_2419
                {
                    name = "Text_361";
                    x1 = 15;
                    y1 = 2;
                    x2 = 15;
                    y2 = 2;
                    string = "_____________________________________________________________________________________";
                    fontname = "Courier New";
                    fontcolor = 162;
                    fonttype = 2;
                    fontsize = 2.38;
                    fontratio = 1;
                    fontslant = 0;
                    fontstyle = 0;
                    angle = 0;
                    justify = LEFT;
                    pen = 0;
                };

                text _tmp_2420
                {
                    name = "Text_362";
                    x1 = 15;
                    y1 = 1;
                    x2 = 15;
                    y2 = 1;
                    string = "Mesh:";
                    fontname = "Courier New";
                    fontcolor = 162;
                    fonttype = 2;
                    fontsize = 2.38;
                    fontratio = 1;
                    fontslant = 0;
                    fontstyle = 0;
                    angle = 0;
                    justify = LEFT;
                    pen = 0;
                };

                text _tmp_2421
                {
                    name = "Text_363";
                    x1 = 33;
                    y1 = 0;
                    x2 = 33;
                    y2 = 0;
                    string = "Grade:";
                    fontname = "Courier New";
                    fontcolor = 162;
                    fonttype = 2;
                    fontsize = 2.38;
                    fontratio = 1;
                    fontslant = 0;
                    fontstyle = 0;
                    angle = 0;
                    justify = LEFT;
                    pen = 0;
                };

                text _tmp_2422
                {
                    name = "Text_364";
                    x1 = 22;
                    y1 = 0;
                    x2 = 22;
                    y2 = 0;
                    string = "Qty:";
                    fontname = "Courier New";
                    fontcolor = 162;
                    fonttype = 2;
                    fontsize = 1;
                    fontratio = 1;
                    fontslant = 0;
                    fontstyle = 0;
                    angle = 0;
                    justify = LEFT;
                    pen = 0;
                };

                text _tmp_2423
                {
                    name = "Text_365";
                    x1 = 79;
                    y1 = 0;
                    x2 = 79;
                    y2 = 0;
                    string = "Area (㎡):";
                    fontname = "Courier New";
                    fontcolor = 162;
                    fonttype = 2;
                    fontsize = 2.38;
                    fontratio = 1;
                    fontslant = 0;
                    fontstyle = 0;
                    angle = 0;
                    justify = LEFT;
                    pen = 0;
                };

                text _tmp_2424
                {
                    name = "Text_366";
                    x1 = 45;
                    y1 = 0;
                    x2 = 45;
                    y2 = 0;
                    string = "Catalog Size:";
                    fontname = "Courier New";
                    fontcolor = 162;
                    fonttype = 2;
                    fontsize = 2.38;
                    fontratio = 1;
                    fontslant = 0;
                    fontstyle = 0;
                    angle = 0;
                    justify = LEFT;
                    pen = 0;
                };
            };

            row _tmp_2425
            {
                name = "Row_72";
                height = 1;
                visibility = TRUE;
                usecolumns = FALSE;
                rule = "if (GetValue(\"GRADE\") == \"WFP\") then\r\n  Output()\r\nelse\r\n  StepOver()\r\nendif";
                contenttype = "MESH";
                sorttype = COMBINE;

                valuefield _tmp_2426
                {
                    name = "ValueField_345";
                    location = (33, 0);
                    formula = "GetValue(\"GRADE\")";
                    datatype = STRING;
                    class = "";
                    cacheable = TRUE;
                    justify = LEFT;
                    visibility = TRUE;
                    angle = 0;
                    length = 7;
                    decimals = 0;
                    sortdirection = ASCENDING;
                    fontname = "Courier New";
                    fontcolor = 153;
                    fonttype = 2;
                    fontsize = 1;
                    fontratio = 1;
                    fontstyle = 0;
                    fontslant = 0;
                    pen = 0;
                    oncombine = NONE;
                };

                valuefield _tmp_2427
                {
                    name = "ValueField_346";
                    location = (45, 0);
                    formula = "GetValue(\"CATALOG_NAME\")";
                    datatype = STRING;
                    class = "Length";
                    cacheable = TRUE;
                    justify = LEFT;
                    visibility = TRUE;
                    angle = 0;
                    length = 20;
                    decimals = 0;
                    sortdirection = ASCENDING;
                    fontname = "Courier New";
                    fontcolor = 153;
                    fonttype = 2;
                    fontsize = 1;
                    fontratio = 1;
                    fontstyle = 0;
                    fontslant = 0;
                    pen = 0;
                    oncombine = NONE;
                    unit = "mm";
                };

                valuefield _tmp_2428
                {
                    name = "ValueField_347";
                    location = (80, 0);
                    formula = "GetValue(\"AREA\")";
                    datatype = DOUBLE;
                    class = "Area";
                    cacheable = TRUE;
                    justify = RIGHT;
                    visibility = TRUE;
                    angle = 0;
                    length = 8;
                    decimals = 2;
                    sortdirection = ASCENDING;
                    fontname = "Courier New";
                    fontcolor = 153;
                    fonttype = 2;
                    fontsize = 1;
                    fontratio = 1;
                    fontstyle = 0;
                    fontslant = 0;
                    pen = 0;
                    oncombine = NONE;
                    unit = "m2";
                };

                valuefield _tmp_2429
                {
                    name = "ValueField_348";
                    location = (22, 0);
                    formula = "GetValue(\"NUMBER\")";
                    datatype = INTEGER;
                    class = "";
                    cacheable = TRUE;
                    justify = RIGHT;
                    visibility = TRUE;
                    angle = 0;
                    length = 3;
                    decimals = 0;
                    sortdirection = NONE;
                    fontname = "Courier New";
                    fontcolor = 153;
                    fonttype = 2;
                    fontsize = 1;
                    fontratio = 1;
                    fontstyle = 0;
                    fontslant = 0;
                    pen = 0;
                    oncombine = SUM;
                };
            };
        };

        text _tmp_55
        {
            name = "Text_440";
            x1 = 102;
            y1 = 2;
            x2 = 102;
            y2 = 2;
            string = "Total Volume (㎥):";
            fontname = "Courier New";
            fontcolor = 162;
            fonttype = 2;
            fontsize = 1;
            fontratio = 1;
            fontslant = 0;
            fontstyle = 0;
            angle = 0;
            justify = LEFT;
            pen = 0;
        };

        valuefield _tmp_56
        {
            name = "ValueField_462";
            location = (105, 1);
            formula = "GetValue(\"VOLUME\")*GetValue(\"NUMBER\")";
            datatype = DOUBLE;
            class = "Volume";
            cacheable = TRUE;
            justify = RIGHT;
            visibility = TRUE;
            angle = 0;
            length = 12;
            decimals = 2;
            sortdirection = NONE;
            fontname = "Courier New";
            fontcolor = 153;
            fonttype = 2;
            fontsize = 1;
            fontratio = 1;
            fontstyle = 0;
            fontslant = 0;
            pen = 0;
            oncombine = SUM;
            unit = "m3";
        };
    };

    row _tmp_2094
    {
        name = "CAST_UNIT_BEAM";
        height = 4;
        visibility = TRUE;
        usecolumns = FALSE;
        rule = "if (match(GetValue(\"CAST_UNIT_TYPE\"),\"*Cast in place*\")||match(GetValue(\"CAST_UNIT_TYPE\"),\"*현장타설*\")) && match(GetValue(\"MAINPART.NAME\"),\"*BEAM*\")\r\n then\r\n  Output()\r\nelse\r\n  StepOver()\r\nendif";
        contenttype = "CAST_UNIT";
        sorttype = COMBINE;

        valuefield _tmp_2095
        {
            name = "ValueField_195";
            location = (9, 1);
            formula = "GetValue(\"MAINPART.NAME\")";
            datatype = STRING;
            class = "";
            cacheable = TRUE;
            justify = LEFT;
            visibility = TRUE;
            angle = 0;
            length = 15;
            decimals = 0;
            sortdirection = ASCENDING;
            fontname = "Courier New";
            fontcolor = 153;
            fonttype = 2;
            fontsize = 1;
            fontratio = 1;
            fontstyle = 0;
            fontslant = 0;
            pen = 0;
            oncombine = NONE;
        };

        valuefield _tmp_2096
        {
            name = "ValueField_196";
            location = (37, 1);
            formula = "GetValue(\"MATERIAL\")";
            datatype = STRING;
            class = "";
            cacheable = TRUE;
            justify = LEFT;
            visibility = TRUE;
            angle = 0;
            length = 7;
            decimals = 0;
            sortdirection = ASCENDING;
            fontname = "Courier New";
            fontcolor = 153;
            fonttype = 2;
            fontsize = 1;
            fontratio = 1;
            fontstyle = 0;
            fontslant = 0;
            pen = 0;
            oncombine = NONE;
        };

        valuefield _tmp_2097
        {
            name = "ValueField_197";
            location = (66, 1);
            formula = "mid(GetValue(\"MAINPART.PROFILE.WIDTH\"),0,find(GetValue(\"MAINPART.PROFILE.WIDTH\"), \".\"))\r\n+\"X\"+mid(GetValue(\"MAINPART.PROFILE.HEIGHT\"),0,find(GetValue(\"MAINPART.PROFILE.HEIGHT\"), \".\"))";
            datatype = STRING;
            class = "";
            cacheable = TRUE;
            justify = LEFT;
            visibility = TRUE;
            angle = 0;
            length = 20;
            decimals = 0;
            sortdirection = ASCENDING;
            fontname = "Courier New";
            fontcolor = 164;
            fonttype = 2;
            fontsize = 2.38;
            fontratio = 1;
            fontstyle = 0;
            fontslant = 0;
            pen = 0;
            oncombine = NONE;
        };

        valuefield _tmp_2098
        {
            name = "ValueField_198";
            location = (49, 1);
            formula = "GetValue(\"LENGTH\")";
            datatype = DOUBLE;
            class = "Length";
            cacheable = TRUE;
            justify = RIGHT;
            visibility = TRUE;
            angle = 0;
            length = 12;
            decimals = 0;
            sortdirection = ASCENDING;
            fontname = "Courier New";
            fontcolor = 164;
            fonttype = 2;
            fontsize = 2.38;
            fontratio = 1;
            fontstyle = 0;
            fontslant = 0;
            pen = 0;
            oncombine = NONE;
            unit = "mm";
        };

        text _tmp_2099
        {
            name = "Text_221";
            x1 = 2;
            y1 = 2;
            x2 = 2;
            y2 = 2;
            string = "Qty:";
            fontname = "Courier New";
            fontcolor = 162;
            fonttype = 2;
            fontsize = 1;
            fontratio = 1;
            fontslant = 0;
            fontstyle = 0;
            angle = 0;
            justify = LEFT;
            pen = 0;
        };

        text _tmp_2100
        {
            name = "Text_222";
            x1 = 37;
            y1 = 2;
            x2 = 37;
            y2 = 2;
            string = "Material:";
            fontname = "Courier New";
            fontcolor = 162;
            fonttype = 2;
            fontsize = 1;
            fontratio = 1;
            fontslant = 0;
            fontstyle = 0;
            angle = 0;
            justify = LEFT;
            pen = 0;
        };

        text _tmp_2101
        {
            name = "Text_223";
            x1 = 1;
            y1 = 3;
            x2 = 1;
            y2 = 3;
            string = "________________________________________________________________________________________________________________________________________";
            fontname = "Courier New";
            fontcolor = 162;
            fonttype = 2;
            fontsize = 2.38;
            fontratio = 1;
            fontslant = 0;
            fontstyle = 0;
            angle = 0;
            justify = LEFT;
            pen = 0;
        };

        text _tmp_2102
        {
            name = "Text_224";
            x1 = 66;
            y1 = 2;
            x2 = 66;
            y2 = 2;
            string = "Profile:";
            fontname = "Courier New";
            fontcolor = 162;
            fonttype = 2;
            fontsize = 1;
            fontratio = 1;
            fontslant = 0;
            fontstyle = 0;
            angle = 0;
            justify = LEFT;
            pen = 0;
        };

        text _tmp_2103
        {
            name = "Text_225";
            x1 = 51;
            y1 = 2;
            x2 = 51;
            y2 = 2;
            string = "Length(mm):";
            fontname = "Courier New";
            fontcolor = 162;
            fonttype = 2;
            fontsize = 1;
            fontratio = 1;
            fontslant = 0;
            fontstyle = 0;
            angle = 0;
            justify = LEFT;
            pen = 0;
        };

        valuefield _tmp_2104
        {
            name = "ValueField_199";
            location = (2, 1);
            formula = "GetValue(\"NUMBER\")";
            datatype = INTEGER;
            class = "";
            cacheable = TRUE;
            justify = LEFT;
            visibility = TRUE;
            angle = 0;
            length = 4;
            sortdirection = NONE;
            fontname = "Courier New";
            fontcolor = 153;
            fonttype = 2;
            fontsize = 1;
            fontratio = 1;
            fontstyle = 0;
            fontslant = 0;
            pen = 0;
            oncombine = SUM;
        };

        text _tmp_2105
        {
            name = "Text_226";
            x1 = 9;
            y1 = 2;
            x2 = 9;
            y2 = 2;
            string = "Name:";
            fontname = "Courier New";
            fontcolor = 162;
            fonttype = 2;
            fontsize = 1;
            fontratio = 1;
            fontslant = 0;
            fontstyle = 0;
            angle = 0;
            justify = LEFT;
            pen = 0;
        };

        text _tmp_2110
        {
            name = "Text_229";
            x1 = 27;
            y1 = 2;
            x2 = 27;
            y2 = 2;
            string = "Mark:";
            fontname = "Courier New";
            fontcolor = 162;
            fonttype = 2;
            fontsize = 1;
            fontratio = 1;
            fontslant = 0;
            fontstyle = 0;
            angle = 0;
            justify = LEFT;
            pen = 0;
        };

        valuefield _tmp_2111
        {
            name = "ValueField_202";
            location = (27, 1);
            formula = "GetValue(\"CAST_UNIT_POS\")";
            datatype = STRING;
            class = "";
            cacheable = TRUE;
            justify = LEFT;
            visibility = TRUE;
            angle = 0;
            length = 7;
            decimals = 0;
            sortdirection = ASCENDING;
            fontname = "Courier New";
            fontcolor = 153;
            fonttype = 2;
            fontsize = 1;
            fontratio = 1;
            fontstyle = 0;
            fontslant = 0;
            pen = 0;
            oncombine = NONE;
        };

        row _tmp_2112
        {
            name = "Row_38";
            height = 3;
            visibility = TRUE;
            usecolumns = FALSE;
            rule = "if (GetValue(\"MAINPART.MATERIAL_TYPE\") != \"CONCRETE\") then\n  Output()\nelse\n  StepOver()\nendif\n";
            contenttype = "ASSEMBLY";
            sorttype = COMBINE;

            text _tmp_2113
            {
                name = "Text_230";
                x1 = 29;
                y1 = 0;
                x2 = 29;
                y2 = 0;
                string = "Name:";
                fontname = "Courier New";
                fontcolor = 162;
                fonttype = 2;
                fontsize = 2.38;
                fontratio = 1;
                fontslant = 0;
                fontstyle = 0;
                angle = 0;
                justify = LEFT;
                pen = 0;
            };

            text _tmp_2114
            {
                name = "Text_231";
                x1 = 54;
                y1 = 0;
                x2 = 54;
                y2 = 0;
                string = "Profile:";
                fontname = "Courier New";
                fontcolor = 162;
                fonttype = 2;
                fontsize = 2.38;
                fontratio = 1;
                fontslant = 0;
                fontstyle = 0;
                angle = 0;
                justify = LEFT;
                pen = 0;
            };

            text _tmp_2115
            {
                name = "Text_232";
                x1 = 22;
                y1 = 0;
                x2 = 22;
                y2 = 0;
                string = "Qty:";
                fontname = "Courier New";
                fontcolor = 162;
                fonttype = 2;
                fontsize = 1;
                fontratio = 1;
                fontslant = 0;
                fontstyle = 0;
                angle = 0;
                justify = LEFT;
                pen = 0;
            };

            text _tmp_2116
            {
                name = "Text_233";
                x1 = 42;
                y1 = 0;
                x2 = 42;
                y2 = 0;
                string = "Material:";
                fontname = "Courier New";
                fontcolor = 162;
                fonttype = 2;
                fontsize = 2.38;
                fontratio = 1;
                fontslant = 0;
                fontstyle = 0;
                angle = 0;
                justify = LEFT;
                pen = 0;
            };

            text _tmp_2117
            {
                name = "Text_234";
                x1 = 15;
                y1 = 1;
                x2 = 15;
                y2 = 1;
                string = "Component Parts:";
                fontname = "Courier New";
                fontcolor = 162;
                fonttype = 2;
                fontsize = 2.38;
                fontratio = 1;
                fontslant = 0;
                fontstyle = 0;
                angle = 0;
                justify = LEFT;
                pen = 0;
            };

            text _tmp_2118
            {
                name = "Text_235";
                x1 = 15;
                y1 = 2;
                x2 = 15;
                y2 = 2;
                string = "_____________________________________________________________________________________________________________________";
                fontname = "Courier New";
                fontcolor = 162;
                fonttype = 2;
                fontsize = 2.38;
                fontratio = 1;
                fontslant = 0;
                fontstyle = 0;
                angle = 0;
                justify = LEFT;
                pen = 0;
            };

            text _tmp_2119
            {
                name = "Text_236";
                x1 = 104;
                y1 = 0;
                x2 = 104;
                y2 = 0;
                string = "Description:";
                fontname = "Courier New";
                fontcolor = 162;
                fonttype = 2;
                fontsize = 2.38;
                fontratio = 1;
                fontslant = 0;
                fontstyle = 0;
                angle = 0;
                justify = LEFT;
                pen = 0;
            };

            text _tmp_2120
            {
                name = "Text_237";
                x1 = 71;
                y1 = 0;
                x2 = 71;
                y2 = 0;
                string = "Length(mm):";
                fontname = "Courier New";
                fontcolor = 162;
                fonttype = 2;
                fontsize = 2.38;
                fontratio = 1;
                fontslant = 0;
                fontstyle = 0;
                angle = 0;
                justify = LEFT;
                pen = 0;
            };

            text _tmp_2121
            {
                name = "Text_238";
                x1 = 83;
                y1 = 0;
                x2 = 83;
                y2 = 0;
                string = "Finish:";
                fontname = "Courier New";
                fontcolor = 162;
                fonttype = 2;
                fontsize = 2.38;
                fontratio = 1;
                fontslant = 0;
                fontstyle = 0;
                angle = 0;
                justify = LEFT;
                pen = 0;
            };

            text _tmp_2122
            {
                name = "Text_239";
                x1 = 95;
                y1 = 0;
                x2 = 95;
                y2 = 0;
                string = "Class:";
                fontname = "Courier New";
                fontcolor = 162;
                fonttype = 2;
                fontsize = 2.38;
                fontratio = 1;
                fontslant = 0;
                fontstyle = 0;
                angle = 0;
                justify = LEFT;
                pen = 0;
            };
        };

        row _tmp_2123
        {
            name = "Row_39";
            height = 1;
            visibility = TRUE;
            usecolumns = FALSE;
            rule = "if (GetValue(\"MAINPART.MATERIAL_TYPE\") != \"CONCRETE\") then\n  Output()\nelse\n  StepOver()\nendif\n";
            contenttype = "ASSEMBLY";
            sorttype = COMBINE;

            valuefield _tmp_2124
            {
                name = "ValueField_203";
                location = (29, 0);
                formula = "GetValue(\"MAINPART.NAME\")";
                datatype = STRING;
                class = "";
                cacheable = TRUE;
                justify = LEFT;
                visibility = TRUE;
                angle = 0;
                length = 10;
                sortdirection = ASCENDING;
                fontname = "Courier New";
                fontcolor = 153;
                fonttype = 2;
                fontsize = 1;
                fontratio = 1;
                fontstyle = 0;
                fontslant = 0;
                pen = 0;
                oncombine = NONE;
            };

            valuefield _tmp_2125
            {
                name = "ValueField_204";
                location = (42, 0);
                formula = "GetValue(\"MAINPART.MATERIAL\")";
                datatype = STRING;
                class = "";
                cacheable = TRUE;
                justify = LEFT;
                visibility = TRUE;
                angle = 0;
                length = 7;
                sortdirection = ASCENDING;
                fontname = "Courier New";
                fontcolor = 153;
                fonttype = 2;
                fontsize = 1;
                fontratio = 1;
                fontstyle = 0;
                fontslant = 0;
                pen = 0;
                oncombine = NONE;
            };

            valuefield _tmp_2126
            {
                name = "ValueField_205";
                location = (53, 0);
                formula = "GetValue(\"MAINPART.PROFILE\")";
                datatype = STRING;
                class = "";
                cacheable = TRUE;
                justify = LEFT;
                visibility = TRUE;
                angle = 0;
                length = 14;
                sortdirection = ASCENDING;
                fontname = "Courier New";
                fontcolor = 153;
                fonttype = 2;
                fontsize = 1;
                fontratio = 1;
                fontstyle = 0;
                fontslant = 0;
                pen = 0;
                oncombine = NONE;
            };

            valuefield _tmp_2127
            {
                name = "ValueField_206";
                location = (69, 0);
                formula = "GetValue(\"MAINPART.LENGTH\")";
                datatype = DOUBLE;
                class = "Length";
                cacheable = TRUE;
                justify = RIGHT;
                visibility = TRUE;
                angle = 0;
                length = 12;
                decimals = 0;
                sortdirection = ASCENDING;
                fontname = "Courier New";
                fontcolor = 153;
                fonttype = 2;
                fontsize = 1;
                fontratio = 1;
                fontstyle = 0;
                fontslant = 0;
                pen = 0;
                oncombine = NONE;
                unit = "mm";
            };

            valuefield _tmp_2128
            {
                name = "ValueField_207";
                location = (83, 0);
                formula = "GetValue(\"MAINPART.FINISH\")";
                datatype = STRING;
                class = "";
                cacheable = TRUE;
                justify = LEFT;
                visibility = TRUE;
                angle = 0;
                length = 10;
                sortdirection = ASCENDING;
                fontname = "Courier New";
                fontcolor = 153;
                fonttype = 2;
                fontsize = 1;
                fontratio = 1;
                fontstyle = 0;
                fontslant = 0;
                pen = 0;
                oncombine = NONE;
            };

            valuefield _tmp_2129
            {
                name = "ValueField_208";
                location = (95, 0);
                formula = "GetValue(\"MAINPART.CLASS_ATTR\")";
                datatype = STRING;
                class = "";
                cacheable = TRUE;
                justify = LEFT;
                visibility = TRUE;
                angle = 0;
                length = 6;
                sortdirection = ASCENDING;
                fontname = "Courier New";
                fontcolor = 153;
                fonttype = 2;
                fontsize = 1;
                fontratio = 1;
                fontstyle = 0;
                fontslant = 0;
                pen = 0;
                oncombine = NONE;
            };

            valuefield _tmp_2130
            {
                name = "ValueField_209";
                location = (22, 0);
                formula = "GetValue(\"NUMBER\")";
                datatype = INTEGER;
                class = "";
                cacheable = TRUE;
                justify = LEFT;
                visibility = TRUE;
                angle = 0;
                length = 3;
                sortdirection = NONE;
                fontname = "Courier New";
                fontcolor = 153;
                fonttype = 2;
                fontsize = 1;
                fontratio = 1;
                fontstyle = 0;
                fontslant = 0;
                pen = 0;
                oncombine = SUM;
            };

            valuefield _tmp_2131
            {
                name = "ValueField_210";
                location = (104, 0);
                formula = "GetValue(\"MAINPART.USERDEFINED.USER_FIELD_1\")";
                datatype = STRING;
                class = "";
                cacheable = TRUE;
                justify = LEFT;
                visibility = TRUE;
                angle = 0;
                length = 20;
                sortdirection = NONE;
                fontname = "Courier New";
                fontcolor = 153;
                fonttype = 2;
                fontsize = 1;
                fontratio = 1;
                fontstyle = 0;
                fontslant = 0;
                pen = 0;
                oncombine = NONE;
            };
        };

        row _tmp_2132
        {
            name = "Row_40";
            height = 3;
            visibility = TRUE;
            usecolumns = FALSE;
            rule = "if (GetValue(\"MATERIAL_TYPE\") != \"CONCRETE\" ) then\n  Output()\nelse\n  StepOver()\nendif\n";
            contenttype = "PART";
            sorttype = COMBINE;

            text _tmp_2133
            {
                name = "Text_240";
                x1 = 30;
                y1 = 0;
                x2 = 30;
                y2 = 0;
                string = "Name:";
                fontname = "Courier New";
                fontcolor = 162;
                fonttype = 2;
                fontsize = 2.38;
                fontratio = 1;
                fontslant = 0;
                fontstyle = 0;
                angle = 0;
                justify = LEFT;
                pen = 0;
            };

            text _tmp_2134
            {
                name = "Text_241";
                x1 = 71;
                y1 = 0;
                x2 = 71;
                y2 = 0;
                string = "Length(mm):";
                fontname = "Courier New";
                fontcolor = 162;
                fonttype = 2;
                fontsize = 2.38;
                fontratio = 1;
                fontslant = 0;
                fontstyle = 0;
                angle = 0;
                justify = LEFT;
                pen = 0;
            };

            text _tmp_2135
            {
                name = "Text_242";
                x1 = 22;
                y1 = 0;
                x2 = 22;
                y2 = 0;
                string = "Qty:";
                fontname = "Courier New";
                fontcolor = 162;
                fonttype = 2;
                fontsize = 1;
                fontratio = 1;
                fontslant = 0;
                fontstyle = 0;
                angle = 0;
                justify = LEFT;
                pen = 0;
            };

            text _tmp_2136
            {
                name = "Text_243";
                x1 = 42;
                y1 = 0;
                x2 = 42;
                y2 = 0;
                string = "Material:";
                fontname = "Courier New";
                fontcolor = 162;
                fonttype = 2;
                fontsize = 2.38;
                fontratio = 1;
                fontslant = 0;
                fontstyle = 0;
                angle = 0;
                justify = LEFT;
                pen = 0;
            };

            text _tmp_2137
            {
                name = "Text_244";
                x1 = 15;
                y1 = 1;
                x2 = 15;
                y2 = 1;
                string = "Free Parts:";
                fontname = "Courier New";
                fontcolor = 162;
                fonttype = 2;
                fontsize = 2.38;
                fontratio = 1;
                fontslant = 0;
                fontstyle = 0;
                angle = 0;
                justify = LEFT;
                pen = 0;
            };

            text _tmp_2138
            {
                name = "Text_245";
                x1 = 15;
                y1 = 2;
                x2 = 15;
                y2 = 2;
                string = "_____________________________________________________________________________________________________________________";
                fontname = "Courier New";
                fontcolor = 162;
                fonttype = 2;
                fontsize = 2.38;
                fontratio = 1;
                fontslant = 0;
                fontstyle = 0;
                angle = 0;
                justify = LEFT;
                pen = 0;
            };

            text _tmp_2139
            {
                name = "Text_246";
                x1 = 104;
                y1 = 0;
                x2 = 104;
                y2 = 0;
                string = "Description:";
                fontname = "Courier New";
                fontcolor = 162;
                fonttype = 2;
                fontsize = 2.38;
                fontratio = 1;
                fontslant = 0;
                fontstyle = 0;
                angle = 0;
                justify = LEFT;
                pen = 0;
            };

            text _tmp_2140
            {
                name = "Text_247";
                x1 = 54;
                y1 = 0;
                x2 = 54;
                y2 = 0;
                string = "Profile:";
                fontname = "Courier New";
                fontcolor = 162;
                fonttype = 2;
                fontsize = 2.38;
                fontratio = 1;
                fontslant = 0;
                fontstyle = 0;
                angle = 0;
                justify = LEFT;
                pen = 0;
            };

            text _tmp_2141
            {
                name = "Text_248";
                x1 = 83;
                y1 = 0;
                x2 = 83;
                y2 = 0;
                string = "Finish:";
                fontname = "Courier New";
                fontcolor = 162;
                fonttype = 2;
                fontsize = 2.38;
                fontratio = 1;
                fontslant = 0;
                fontstyle = 0;
                angle = 0;
                justify = LEFT;
                pen = 0;
            };

            text _tmp_2142
            {
                name = "Text_249";
                x1 = 95;
                y1 = 0;
                x2 = 95;
                y2 = 0;
                string = "Class:";
                fontname = "Courier New";
                fontcolor = 162;
                fonttype = 2;
                fontsize = 2.38;
                fontratio = 1;
                fontslant = 0;
                fontstyle = 0;
                angle = 0;
                justify = LEFT;
                pen = 0;
            };
        };

        row _tmp_2143
        {
            name = "Row_41";
            height = 1;
            visibility = TRUE;
            usecolumns = FALSE;
            rule = "if (GetValue(\"MATERIAL_TYPE\") != \"CONCRETE\" ) then\n  Output()\nelse\n  StepOver()\nendif\n";
            contenttype = "PART";
            sorttype = COMBINE;

            valuefield _tmp_2144
            {
                name = "ValueField_211";
                location = (29, 0);
                formula = "GetValue(\"NAME\")";
                datatype = STRING;
                class = "";
                cacheable = TRUE;
                justify = LEFT;
                visibility = TRUE;
                angle = 0;
                length = 10;
                sortdirection = ASCENDING;
                fontname = "Courier New";
                fontcolor = 153;
                fonttype = 2;
                fontsize = 1;
                fontratio = 1;
                fontstyle = 0;
                fontslant = 0;
                pen = 0;
                oncombine = NONE;
            };

            valuefield _tmp_2145
            {
                name = "ValueField_212";
                location = (42, 0);
                formula = "GetValue(\"MATERIAL\")";
                datatype = STRING;
                class = "";
                cacheable = TRUE;
                justify = LEFT;
                visibility = TRUE;
                angle = 0;
                length = 7;
                sortdirection = ASCENDING;
                fontname = "Courier New";
                fontcolor = 153;
                fonttype = 2;
                fontsize = 1;
                fontratio = 1;
                fontstyle = 0;
                fontslant = 0;
                pen = 0;
                oncombine = NONE;
            };

            valuefield _tmp_2146
            {
                name = "ValueField_213";
                location = (53, 0);
                formula = "GetValue(\"PROFILE\")";
                datatype = STRING;
                class = "";
                cacheable = TRUE;
                justify = LEFT;
                visibility = TRUE;
                angle = 0;
                length = 14;
                sortdirection = ASCENDING;
                fontname = "Courier New";
                fontcolor = 153;
                fonttype = 2;
                fontsize = 1;
                fontratio = 1;
                fontstyle = 0;
                fontslant = 0;
                pen = 0;
                oncombine = NONE;
            };

            valuefield _tmp_2147
            {
                name = "ValueField_214";
                location = (69, 0);
                formula = "GetValue(\"MAINPART.LENGTH\")";
                datatype = DOUBLE;
                class = "Length";
                cacheable = TRUE;
                justify = RIGHT;
                visibility = TRUE;
                angle = 0;
                length = 12;
                decimals = 0;
                sortdirection = ASCENDING;
                fontname = "Courier New";
                fontcolor = 153;
                fonttype = 2;
                fontsize = 1;
                fontratio = 1;
                fontstyle = 0;
                fontslant = 0;
                pen = 0;
                oncombine = NONE;
                unit = "mm";
            };

            valuefield _tmp_2148
            {
                name = "ValueField_215";
                location = (83, 0);
                formula = "GetValue(\"MAINPART.FINISH\")";
                datatype = STRING;
                class = "";
                cacheable = TRUE;
                justify = LEFT;
                visibility = TRUE;
                angle = 0;
                length = 10;
                sortdirection = ASCENDING;
                fontname = "Courier New";
                fontcolor = 153;
                fonttype = 2;
                fontsize = 1;
                fontratio = 1;
                fontstyle = 0;
                fontslant = 0;
                pen = 0;
                oncombine = NONE;
            };

            valuefield _tmp_2149
            {
                name = "ValueField_216";
                location = (95, 0);
                formula = "GetValue(\"MAINPART.CLASS_ATTR\")";
                datatype = STRING;
                class = "";
                cacheable = TRUE;
                justify = LEFT;
                visibility = TRUE;
                angle = 0;
                length = 6;
                sortdirection = ASCENDING;
                fontname = "Courier New";
                fontcolor = 153;
                fonttype = 2;
                fontsize = 1;
                fontratio = 1;
                fontstyle = 0;
                fontslant = 0;
                pen = 0;
                oncombine = NONE;
            };

            valuefield _tmp_2150
            {
                name = "ValueField_217";
                location = (22, 0);
                formula = "GetValue(\"NUMBER\")";
                datatype = INTEGER;
                class = "";
                cacheable = TRUE;
                justify = LEFT;
                visibility = TRUE;
                angle = 0;
                length = 3;
                sortdirection = NONE;
                fontname = "Courier New";
                fontcolor = 153;
                fonttype = 2;
                fontsize = 1;
                fontratio = 1;
                fontstyle = 0;
                fontslant = 0;
                pen = 0;
                oncombine = SUM;
            };

            valuefield _tmp_2151
            {
                name = "ValueField_218";
                location = (104, 0);
                formula = "GetValue(\"USERDEFINED.USER_FIELD_1\")";
                datatype = STRING;
                class = "";
                cacheable = TRUE;
                justify = LEFT;
                visibility = TRUE;
                angle = 0;
                length = 20;
                sortdirection = NONE;
                fontname = "Courier New";
                fontcolor = 153;
                fonttype = 2;
                fontsize = 1;
                fontratio = 1;
                fontstyle = 0;
                fontslant = 0;
                pen = 0;
                oncombine = NONE;
            };
        };

        row _tmp_2152
        {
            name = "Row_42";
            height = 3;
            visibility = FALSE;
            usecolumns = FALSE;
            rule = "";
            contenttype = "PART";
            sorttype = COMBINE;

            row _tmp_2153
            {
                name = "Row_43";
                height = 3;
                visibility = TRUE;
                usecolumns = FALSE;
                rule = "if (GetValue(\"SHAPE\") == \"STR\") then\r\n  Output()\r\nelse\r\n  StepOver()\r\nendif\r\n";
                contenttype = "REBAR";
                sorttype = COMBINE;

                text _tmp_2154
                {
                    name = "Text_250";
                    x1 = 15;
                    y1 = 2;
                    x2 = 15;
                    y2 = 2;
                    string = "_____________________________________________________________________________________";
                    fontname = "Courier New";
                    fontcolor = 162;
                    fonttype = 2;
                    fontsize = 2.38;
                    fontratio = 1;
                    fontslant = 0;
                    fontstyle = 0;
                    angle = 0;
                    justify = LEFT;
                    pen = 0;
                };

                text _tmp_2155
                {
                    name = "Text_251";
                    x1 = 45;
                    y1 = 0;
                    x2 = 45;
                    y2 = 0;
                    string = "Size:";
                    fontname = "Courier New";
                    fontcolor = 162;
                    fonttype = 2;
                    fontsize = 2.38;
                    fontratio = 1;
                    fontslant = 0;
                    fontstyle = 0;
                    angle = 0;
                    justify = LEFT;
                    pen = 0;
                };

                text _tmp_2156
                {
                    name = "Text_252";
                    x1 = 15;
                    y1 = 1;
                    x2 = 15;
                    y2 = 1;
                    string = "Straight Rebar List:";
                    fontname = "Courier New";
                    fontcolor = 162;
                    fonttype = 2;
                    fontsize = 2.38;
                    fontratio = 1;
                    fontslant = 0;
                    fontstyle = 0;
                    angle = 0;
                    justify = LEFT;
                    pen = 0;
                };

                text _tmp_2157
                {
                    name = "Text_253";
                    x1 = 22;
                    y1 = 0;
                    x2 = 22;
                    y2 = 0;
                    string = "Qty:";
                    fontname = "Courier New";
                    fontcolor = 162;
                    fonttype = 2;
                    fontsize = 1;
                    fontratio = 1;
                    fontslant = 0;
                    fontstyle = 0;
                    angle = 0;
                    justify = LEFT;
                    pen = 0;
                };

                text _tmp_2158
                {
                    name = "Text_254";
                    x1 = 52;
                    y1 = 0;
                    x2 = 52;
                    y2 = 0;
                    string = "Length(mm):";
                    fontname = "Courier New";
                    fontcolor = 162;
                    fonttype = 2;
                    fontsize = 2.38;
                    fontratio = 1;
                    fontslant = 0;
                    fontstyle = 0;
                    angle = 0;
                    justify = LEFT;
                    pen = 0;
                };

                text _tmp_2159
                {
                    name = "Text_255";
                    x1 = 33;
                    y1 = 0;
                    x2 = 33;
                    y2 = 0;
                    string = "Grade:";
                    fontname = "Courier New";
                    fontcolor = 162;
                    fonttype = 2;
                    fontsize = 2.38;
                    fontratio = 1;
                    fontslant = 0;
                    fontstyle = 0;
                    angle = 0;
                    justify = LEFT;
                    pen = 0;
                };

                text _tmp_2160
                {
                    name = "Text_256";
                    x1 = 65;
                    y1 = 0;
                    x2 = 65;
                    y2 = 0;
                    string = "Length(mm):";
                    fontname = "Courier New";
                    fontcolor = 162;
                    fonttype = 2;
                    fontsize = 2.38;
                    fontratio = 1;
                    fontslant = 0;
                    fontstyle = 0;
                    angle = 0;
                    justify = LEFT;
                    pen = 0;
                };

                text _tmp_2161
                {
                    name = "Text_257";
                    x1 = 65;
                    y1 = 1;
                    x2 = 65;
                    y2 = 1;
                    string = "Total";
                    fontname = "Courier New";
                    fontcolor = 162;
                    fonttype = 2;
                    fontsize = 2.38;
                    fontratio = 1;
                    fontslant = 0;
                    fontstyle = 0;
                    angle = 0;
                    justify = LEFT;
                    pen = 0;
                };

                text _tmp_2162
                {
                    name = "Text_258";
                    x1 = 79;
                    y1 = 1;
                    x2 = 79;
                    y2 = 1;
                    string = "Total";
                    fontname = "Courier New";
                    fontcolor = 162;
                    fonttype = 2;
                    fontsize = 2.38;
                    fontratio = 1;
                    fontslant = 0;
                    fontstyle = 0;
                    angle = 0;
                    justify = LEFT;
                    pen = 0;
                };

                text _tmp_2163
                {
                    name = "Text_259";
                    x1 = 79;
                    y1 = 0;
                    x2 = 79;
                    y2 = 0;
                    string = "Weight(kg):";
                    fontname = "Courier New";
                    fontcolor = 162;
                    fonttype = 2;
                    fontsize = 2.38;
                    fontratio = 1;
                    fontslant = 0;
                    fontstyle = 0;
                    angle = 0;
                    justify = LEFT;
                    pen = 0;
                };
            };

            row _tmp_2164
            {
                name = "Row_44";
                height = 1;
                visibility = TRUE;
                usecolumns = FALSE;
                rule = "if (GetValue(\"SHAPE\") == \"STR\" &&GetValue(\"GROUP_TYPE\") == 0) then\r\n  Output()\r\nelse\r\n  StepOver()\r\nendif\r\n";
                contenttype = "REBAR";
                sorttype = COMBINE;

                valuefield _tmp_2165
                {
                    name = "ValueField_219";
                    location = (33, 0);
                    formula = "GetValue(\"GRADE\")";
                    datatype = STRING;
                    class = "";
                    cacheable = TRUE;
                    justify = LEFT;
                    visibility = TRUE;
                    angle = 0;
                    length = 7;
                    decimals = 0;
                    sortdirection = ASCENDING;
                    fontname = "Courier New";
                    fontcolor = 153;
                    fonttype = 2;
                    fontsize = 1;
                    fontratio = 1;
                    fontstyle = 0;
                    fontslant = 0;
                    pen = 0;
                    oncombine = NONE;
                };

                valuefield _tmp_2166
                {
                    name = "ValueField_220";
                    location = (44, 0);
                    formula = "GetValue(\"SIZE\")";
                    datatype = STRING;
                    class = "";
                    cacheable = TRUE;
                    justify = CENTERED;
                    visibility = TRUE;
                    angle = 0;
                    length = 6;
                    decimals = 0;
                    sortdirection = ASCENDING;
                    fontname = "Courier New";
                    fontcolor = 153;
                    fonttype = 2;
                    fontsize = 1;
                    fontratio = 1;
                    fontstyle = 0;
                    fontslant = 0;
                    pen = 0;
                    oncombine = NONE;
                };

                valuefield _tmp_2167
                {
                    name = "ValueField_221";
                    location = (53, 0);
                    formula = "GetValue(\"LENGTH\")";
                    datatype = DOUBLE;
                    class = "Length";
                    cacheable = TRUE;
                    justify = RIGHT;
                    visibility = TRUE;
                    angle = 0;
                    length = 8;
                    decimals = 0;
                    sortdirection = ASCENDING;
                    fontname = "Courier New";
                    fontcolor = 153;
                    fonttype = 2;
                    fontsize = 1;
                    fontratio = 1;
                    fontstyle = 0;
                    fontslant = 0;
                    pen = 0;
                    oncombine = NONE;
                    unit = "mm";
                };

                valuefield _tmp_2168
                {
                    name = "ValueField_222";
                    location = (22, 0);
                    formula = "GetValue(\"NUMBER\")";
                    datatype = INTEGER;
                    class = "";
                    cacheable = TRUE;
                    justify = RIGHT;
                    visibility = TRUE;
                    angle = 0;
                    length = 3;
                    decimals = 0;
                    sortdirection = NONE;
                    fontname = "Courier New";
                    fontcolor = 153;
                    fonttype = 2;
                    fontsize = 1;
                    fontratio = 1;
                    fontstyle = 0;
                    fontslant = 0;
                    pen = 0;
                    oncombine = SUM;
                };

                valuefield _tmp_2169
                {
                    name = "ValueField_223";
                    location = (64, 0);
                    formula = "GetValue(\"LENGTH\")*GetValue(\"NUMBER\")";
                    datatype = DOUBLE;
                    class = "Length";
                    cacheable = TRUE;
                    justify = RIGHT;
                    visibility = TRUE;
                    angle = 0;
                    length = 10;
                    decimals = 0;
                    sortdirection = NONE;
                    fontname = "Courier New";
                    fontcolor = 153;
                    fonttype = 2;
                    fontsize = 1;
                    fontratio = 1;
                    fontstyle = 0;
                    fontslant = 0;
                    pen = 0;
                    oncombine = SUM;
                    unit = "mm";
                };

                valuefield _tmp_2170
                {
                    name = "ValueField_224";
                    location = (80, 0);
                    formula = "GetValue(\"WEIGHT_TOTAL\")";
                    datatype = DOUBLE;
                    class = "Weight";
                    cacheable = TRUE;
                    justify = RIGHT;
                    visibility = TRUE;
                    angle = 0;
                    length = 8;
                    decimals = 0;
                    sortdirection = NONE;
                    fontname = "Courier New";
                    fontcolor = 153;
                    fonttype = 2;
                    fontsize = 1;
                    fontratio = 1;
                    fontstyle = 0;
                    fontslant = 0;
                    pen = 0;
                    oncombine = SUM;
                    unit = "kg";
                };

                valuefield _tmp_2171
                {
                    name = "ValueField_225";
                    location = (16, 0);
                    formula = "GetValue(\"GROUP_TYPE\")";
                    datatype = INTEGER;
                    class = "";
                    cacheable = TRUE;
                    justify = LEFT;
                    visibility = FALSE;
                    angle = 0;
                    length = 2;
                    decimals = 0;
                    sortdirection = ASCENDING;
                    fontname = "Courier New";
                    fontcolor = 153;
                    fonttype = 2;
                    fontsize = 0.8;
                    fontratio = 0.75;
                    fontstyle = 0;
                    fontslant = 0;
                    pen = 0;
                    oncombine = NONE;
                };
            };

            row _tmp_2172
            {
                name = "Row_45";
                height = 1;
                visibility = TRUE;
                usecolumns = FALSE;
                rule = "if (GetValue(\"SHAPE\") == \"STR\" &&GetValue(\"GROUP_TYPE\") >= 1 &&GetValue(\"GRADE\") != \"WFP\") then\r\n  Output()\r\nelse\r\n  StepOver()\r\nendif\r\n";
                contenttype = "REBAR";
                sorttype = COMBINE;

                valuefield _tmp_2173
                {
                    name = "ValueField_226";
                    location = (33, 0);
                    formula = "GetValue(\"GRADE\")";
                    datatype = STRING;
                    class = "";
                    cacheable = TRUE;
                    justify = LEFT;
                    visibility = TRUE;
                    angle = 0;
                    length = 7;
                    decimals = 0;
                    sortdirection = ASCENDING;
                    fontname = "Courier New";
                    fontcolor = 153;
                    fonttype = 2;
                    fontsize = 1;
                    fontratio = 1;
                    fontstyle = 0;
                    fontslant = 0;
                    pen = 0;
                    oncombine = NONE;
                };

                valuefield _tmp_2174
                {
                    name = "ValueField_227";
                    location = (44, 0);
                    formula = "GetValue(\"SIZE\")";
                    datatype = STRING;
                    class = "";
                    cacheable = TRUE;
                    justify = CENTERED;
                    visibility = TRUE;
                    angle = 0;
                    length = 6;
                    decimals = 0;
                    sortdirection = ASCENDING;
                    fontname = "Courier New";
                    fontcolor = 153;
                    fonttype = 2;
                    fontsize = 1;
                    fontratio = 1;
                    fontstyle = 0;
                    fontslant = 0;
                    pen = 0;
                    oncombine = NONE;
                };

                valuefield _tmp_2175
                {
                    name = "ValueField_228";
                    location = (22, 0);
                    formula = "GetValue(\"NUMBER\")";
                    datatype = INTEGER;
                    class = "";
                    cacheable = TRUE;
                    justify = RIGHT;
                    visibility = TRUE;
                    angle = 0;
                    length = 3;
                    decimals = 0;
                    sortdirection = NONE;
                    fontname = "Courier New";
                    fontcolor = 153;
                    fonttype = 2;
                    fontsize = 1;
                    fontratio = 1;
                    fontstyle = 0;
                    fontslant = 0;
                    pen = 0;
                    oncombine = SUM;
                };

                valuefield _tmp_2176
                {
                    name = "ValueField_229";
                    location = (80, 0);
                    formula = "GetValue(\"WEIGHT_TOTAL\")";
                    datatype = DOUBLE;
                    class = "Weight";
                    cacheable = TRUE;
                    justify = RIGHT;
                    visibility = TRUE;
                    angle = 0;
                    length = 8;
                    decimals = 0;
                    sortdirection = NONE;
                    fontname = "Courier New";
                    fontcolor = 153;
                    fonttype = 2;
                    fontsize = 1;
                    fontratio = 1;
                    fontstyle = 0;
                    fontslant = 0;
                    pen = 0;
                    oncombine = SUM;
                    unit = "kg";
                };

                valuefield _tmp_2177
                {
                    name = "ValueField_230";
                    location = (16, 0);
                    formula = "GetValue(\"GROUP_TYPE\")";
                    datatype = INTEGER;
                    class = "";
                    cacheable = TRUE;
                    justify = LEFT;
                    visibility = FALSE;
                    angle = 0;
                    length = 2;
                    decimals = 0;
                    sortdirection = ASCENDING;
                    fontname = "Courier New";
                    fontcolor = 153;
                    fonttype = 2;
                    fontsize = 0.8;
                    fontratio = 0.75;
                    fontstyle = 0;
                    fontslant = 0;
                    pen = 0;
                    oncombine = NONE;
                };

                text _tmp_2178
                {
                    name = "Text_260";
                    x1 = 51;
                    y1 = 0;
                    x2 = 51;
                    y2 = 0;
                    string = "L MIN";
                    fontname = "Courier New";
                    fontcolor = 153;
                    fonttype = 2;
                    fontsize = 0.8;
                    fontratio = 0.75;
                    fontslant = 0;
                    fontstyle = 0;
                    angle = 0;
                    justify = LEFT;
                    pen = 0;
                };

                valuefield _tmp_2179
                {
                    name = "ValueField_231";
                    location = (57, 0);
                    formula = "GetValue(\"LENGTH_MIN\")";
                    datatype = DOUBLE;
                    class = "Length";
                    cacheable = TRUE;
                    justify = LEFT;
                    visibility = TRUE;
                    angle = 0;
                    length = 7;
                    decimals = 1;
                    sortdirection = ASCENDING;
                    fontname = "Courier New";
                    fontcolor = 153;
                    fonttype = 2;
                    fontsize = 0.8;
                    fontratio = 0.75;
                    fontstyle = 0;
                    fontslant = 0;
                    pen = 0;
                    oncombine = NONE;
                    unit = "mm";
                };

                text _tmp_2180
                {
                    name = "Text_261";
                    x1 = 64;
                    y1 = 0;
                    x2 = 64;
                    y2 = 0;
                    string = "-";
                    fontname = "Courier New";
                    fontcolor = 153;
                    fonttype = 2;
                    fontsize = 0.8;
                    fontratio = 0.75;
                    fontslant = 0;
                    fontstyle = 0;
                    angle = 0;
                    justify = LEFT;
                    pen = 0;
                };

                text _tmp_2181
                {
                    name = "Text_262";
                    x1 = 66;
                    y1 = 0;
                    x2 = 66;
                    y2 = 0;
                    string = "L MAX";
                    fontname = "Courier New";
                    fontcolor = 153;
                    fonttype = 2;
                    fontsize = 0.8;
                    fontratio = 0.75;
                    fontslant = 0;
                    fontstyle = 0;
                    angle = 0;
                    justify = LEFT;
                    pen = 0;
                };

                valuefield _tmp_2182
                {
                    name = "ValueField_232";
                    location = (72, 0);
                    formula = "GetValue(\"LENGTH_MAX\")";
                    datatype = DOUBLE;
                    class = "Length";
                    cacheable = TRUE;
                    justify = LEFT;
                    visibility = TRUE;
                    angle = 0;
                    length = 7;
                    decimals = 1;
                    sortdirection = NONE;
                    fontname = "Courier New";
                    fontcolor = 153;
                    fonttype = 2;
                    fontsize = 0.8;
                    fontratio = 0.75;
                    fontstyle = 0;
                    fontslant = 0;
                    pen = 0;
                    oncombine = NONE;
                    unit = "mm";
                };

                row _tmp_2183
                {
                    name = "Row_46";
                    height = 1;
                    visibility = TRUE;
                    usecolumns = FALSE;
                    rule = "";
                    contenttype = "SINGLE_REBAR";
                    sorttype = COMBINE;

                    valuefield _tmp_2184
                    {
                        name = "ValueField_233";
                        location = (44, 0);
                        formula = "GetValue(\"REBAR.SIZE\")";
                        datatype = STRING;
                        class = "";
                        cacheable = TRUE;
                        justify = CENTERED;
                        visibility = TRUE;
                        angle = 0;
                        length = 6;
                        decimals = 0;
                        sortdirection = ASCENDING;
                        fontname = "Courier New";
                        fontcolor = 153;
                        fonttype = 2;
                        fontsize = 1;
                        fontratio = 1;
                        fontstyle = 0;
                        fontslant = 0;
                        pen = 0;
                        oncombine = NONE;
                    };

                    valuefield _tmp_2185
                    {
                        name = "ValueField_234";
                        location = (53, 0);
                        formula = "GetValue(\"LENGTH\")";
                        datatype = DOUBLE;
                        class = "Length";
                        cacheable = TRUE;
                        justify = RIGHT;
                        visibility = TRUE;
                        angle = 0;
                        length = 8;
                        decimals = 0;
                        sortdirection = ASCENDING;
                        fontname = "Courier New";
                        fontcolor = 153;
                        fonttype = 2;
                        fontsize = 1;
                        fontratio = 1;
                        fontstyle = 0;
                        fontslant = 0;
                        pen = 0;
                        oncombine = NONE;
                        unit = "mm";
                    };

                    valuefield _tmp_2186
                    {
                        name = "ValueField_235";
                        location = (22, 0);
                        formula = "GetValue(\"NUMBER\")";
                        datatype = INTEGER;
                        class = "";
                        cacheable = TRUE;
                        justify = RIGHT;
                        visibility = TRUE;
                        angle = 0;
                        length = 3;
                        decimals = 0;
                        sortdirection = NONE;
                        fontname = "Courier New";
                        fontcolor = 153;
                        fonttype = 2;
                        fontsize = 1;
                        fontratio = 1;
                        fontstyle = 0;
                        fontslant = 0;
                        pen = 0;
                        oncombine = SUM;
                    };

                    valuefield _tmp_2187
                    {
                        name = "ValueField_236";
                        location = (64, 0);
                        formula = "GetValue(\"LENGTH\")*GetValue(\"NUMBER\")";
                        datatype = DOUBLE;
                        class = "Length";
                        cacheable = TRUE;
                        justify = RIGHT;
                        visibility = TRUE;
                        angle = 0;
                        length = 10;
                        decimals = 0;
                        sortdirection = NONE;
                        fontname = "Courier New";
                        fontcolor = 153;
                        fonttype = 2;
                        fontsize = 1;
                        fontratio = 1;
                        fontstyle = 0;
                        fontslant = 0;
                        pen = 0;
                        oncombine = SUM;
                        unit = "mm";
                    };

                    valuefield _tmp_2188
                    {
                        name = "ValueField_237";
                        location = (80, 0);
                        formula = "GetValue(\"WEIGHT_TOTAL\")";
                        datatype = DOUBLE;
                        class = "Weight";
                        cacheable = TRUE;
                        justify = RIGHT;
                        visibility = TRUE;
                        angle = 0;
                        length = 8;
                        decimals = 0;
                        sortdirection = NONE;
                        fontname = "Courier New";
                        fontcolor = 153;
                        fonttype = 2;
                        fontsize = 1;
                        fontratio = 1;
                        fontstyle = 0;
                        fontslant = 0;
                        pen = 0;
                        oncombine = SUM;
                        unit = "kg";
                    };

                    valuefield _tmp_2189
                    {
                        name = "ValueField_238";
                        location = (16, 0);
                        formula = "GetValue(\"GROUP_TYPE\")";
                        datatype = INTEGER;
                        class = "";
                        cacheable = TRUE;
                        justify = LEFT;
                        visibility = FALSE;
                        angle = 0;
                        length = 2;
                        decimals = 0;
                        sortdirection = ASCENDING;
                        fontname = "Courier New";
                        fontcolor = 153;
                        fonttype = 2;
                        fontsize = 0.8;
                        fontratio = 0.75;
                        fontstyle = 0;
                        fontslant = 0;
                        pen = 0;
                        oncombine = NONE;
                    };
                };
            };

            row _tmp_2190
            {
                name = "Row_47";
                height = 3;
                visibility = TRUE;
                usecolumns = FALSE;
                rule = "if (GetValue(\"SHAPE\") != \"STR\") then\r\n  Output()\r\nelse\r\n  StepOver()\r\nendif";
                contenttype = "REBAR";
                sorttype = COMBINE;

                text _tmp_2191
                {
                    name = "Text_263";
                    x1 = 15;
                    y1 = 1;
                    x2 = 15;
                    y2 = 1;
                    string = "Bent Rebar List:";
                    fontname = "Courier New";
                    fontcolor = 162;
                    fonttype = 2;
                    fontsize = 2.38;
                    fontratio = 1;
                    fontslant = 0;
                    fontstyle = 0;
                    angle = 0;
                    justify = LEFT;
                    pen = 0;
                };

                text _tmp_2192
                {
                    name = "Text_264";
                    x1 = 15;
                    y1 = 2;
                    x2 = 15;
                    y2 = 2;
                    string = "_____________________________________________________________________________________";
                    fontname = "Courier New";
                    fontcolor = 162;
                    fonttype = 2;
                    fontsize = 2.38;
                    fontratio = 1;
                    fontslant = 0;
                    fontstyle = 0;
                    angle = 0;
                    justify = LEFT;
                    pen = 0;
                };

                text _tmp_2193
                {
                    name = "Text_265";
                    x1 = 27;
                    y1 = 0;
                    x2 = 27;
                    y2 = 0;
                    string = "Typ:";
                    fontname = "Courier New";
                    fontcolor = 162;
                    fonttype = 2;
                    fontsize = 1;
                    fontratio = 1;
                    fontslant = 0;
                    fontstyle = 0;
                    angle = 0;
                    justify = LEFT;
                    pen = 0;
                };

                text _tmp_2194
                {
                    name = "Text_266";
                    x1 = 22;
                    y1 = 0;
                    x2 = 22;
                    y2 = 0;
                    string = "Qty:";
                    fontname = "Courier New";
                    fontcolor = 162;
                    fonttype = 2;
                    fontsize = 1;
                    fontratio = 1;
                    fontslant = 0;
                    fontstyle = 0;
                    angle = 0;
                    justify = LEFT;
                    pen = 0;
                };

                text _tmp_2195
                {
                    name = "Text_267";
                    x1 = 33;
                    y1 = 0;
                    x2 = 33;
                    y2 = 0;
                    string = "Grade:";
                    fontname = "Courier New";
                    fontcolor = 162;
                    fonttype = 2;
                    fontsize = 2.38;
                    fontratio = 1;
                    fontslant = 0;
                    fontstyle = 0;
                    angle = 0;
                    justify = LEFT;
                    pen = 0;
                };

                text _tmp_2196
                {
                    name = "Text_268";
                    x1 = 45;
                    y1 = 0;
                    x2 = 45;
                    y2 = 0;
                    string = "Size:";
                    fontname = "Courier New";
                    fontcolor = 162;
                    fonttype = 2;
                    fontsize = 2.38;
                    fontratio = 1;
                    fontslant = 0;
                    fontstyle = 0;
                    angle = 0;
                    justify = LEFT;
                    pen = 0;
                };

                text _tmp_2197
                {
                    name = "Text_269";
                    x1 = 52;
                    y1 = 0;
                    x2 = 52;
                    y2 = 0;
                    string = "Length(mm):";
                    fontname = "Courier New";
                    fontcolor = 162;
                    fonttype = 2;
                    fontsize = 2.38;
                    fontratio = 1;
                    fontslant = 0;
                    fontstyle = 0;
                    angle = 0;
                    justify = LEFT;
                    pen = 0;
                };

                text _tmp_2198
                {
                    name = "Text_270";
                    x1 = 65;
                    y1 = 1;
                    x2 = 65;
                    y2 = 1;
                    string = "Total";
                    fontname = "Courier New";
                    fontcolor = 162;
                    fonttype = 2;
                    fontsize = 2.38;
                    fontratio = 1;
                    fontslant = 0;
                    fontstyle = 0;
                    angle = 0;
                    justify = LEFT;
                    pen = 0;
                };

                text _tmp_2199
                {
                    name = "Text_271";
                    x1 = 65;
                    y1 = 0;
                    x2 = 65;
                    y2 = 0;
                    string = "Length(mm):";
                    fontname = "Courier New";
                    fontcolor = 162;
                    fonttype = 2;
                    fontsize = 2.38;
                    fontratio = 1;
                    fontslant = 0;
                    fontstyle = 0;
                    angle = 0;
                    justify = LEFT;
                    pen = 0;
                };

                text _tmp_2200
                {
                    name = "Text_272";
                    x1 = 79;
                    y1 = 1;
                    x2 = 79;
                    y2 = 1;
                    string = "Total";
                    fontname = "Courier New";
                    fontcolor = 162;
                    fonttype = 2;
                    fontsize = 2.38;
                    fontratio = 1;
                    fontslant = 0;
                    fontstyle = 0;
                    angle = 0;
                    justify = LEFT;
                    pen = 0;
                };

                text _tmp_2201
                {
                    name = "Text_273";
                    x1 = 79;
                    y1 = 0;
                    x2 = 79;
                    y2 = 0;
                    string = "Weight(kg):";
                    fontname = "Courier New";
                    fontcolor = 162;
                    fonttype = 2;
                    fontsize = 2.38;
                    fontratio = 1;
                    fontslant = 0;
                    fontstyle = 0;
                    angle = 0;
                    justify = LEFT;
                    pen = 0;
                };
            };

            row _tmp_2202
            {
                name = "Row_48";
                height = 1;
                visibility = TRUE;
                usecolumns = FALSE;
                rule = "if (GetValue(\"SHAPE\") != \"STR\" &&GetValue(\"GROUP_TYPE\") == 0) then\r\n  Output()\r\nelse\r\n  StepOver()\r\nendif\r\n\r\n\r\n";
                contenttype = "REBAR";
                sorttype = COMBINE;

                valuefield _tmp_2203
                {
                    name = "ValueField_239";
                    location = (33, 0);
                    formula = "GetValue(\"GRADE\")";
                    datatype = STRING;
                    class = "";
                    cacheable = TRUE;
                    justify = LEFT;
                    visibility = TRUE;
                    angle = 0;
                    length = 7;
                    decimals = 0;
                    sortdirection = ASCENDING;
                    fontname = "Courier New";
                    fontcolor = 153;
                    fonttype = 2;
                    fontsize = 1;
                    fontratio = 1;
                    fontstyle = 0;
                    fontslant = 0;
                    pen = 0;
                    oncombine = NONE;
                };

                valuefield _tmp_2204
                {
                    name = "ValueField_240";
                    location = (44, 0);
                    formula = "GetValue(\"SIZE\")";
                    datatype = STRING;
                    class = "";
                    cacheable = TRUE;
                    justify = CENTERED;
                    visibility = TRUE;
                    angle = 0;
                    length = 6;
                    decimals = 0;
                    sortdirection = ASCENDING;
                    fontname = "Courier New";
                    fontcolor = 153;
                    fonttype = 2;
                    fontsize = 1;
                    fontratio = 1;
                    fontstyle = 0;
                    fontslant = 0;
                    pen = 0;
                    oncombine = NONE;
                };

                valuefield _tmp_2205
                {
                    name = "ValueField_241";
                    location = (53, 0);
                    formula = "GetValue(\"LENGTH\")";
                    datatype = DOUBLE;
                    class = "Length";
                    cacheable = TRUE;
                    justify = RIGHT;
                    visibility = TRUE;
                    angle = 0;
                    length = 8;
                    decimals = 0;
                    sortdirection = ASCENDING;
                    fontname = "Courier New";
                    fontcolor = 153;
                    fonttype = 2;
                    fontsize = 1;
                    fontratio = 1;
                    fontstyle = 0;
                    fontslant = 0;
                    pen = 0;
                    oncombine = NONE;
                    unit = "mm";
                };

                valuefield _tmp_2206
                {
                    name = "ValueField_242";
                    location = (22, 0);
                    formula = "GetValue(\"NUMBER\")";
                    datatype = INTEGER;
                    class = "";
                    cacheable = TRUE;
                    justify = RIGHT;
                    visibility = TRUE;
                    angle = 0;
                    length = 3;
                    decimals = 0;
                    sortdirection = NONE;
                    fontname = "Courier New";
                    fontcolor = 153;
                    fonttype = 2;
                    fontsize = 1;
                    fontratio = 1;
                    fontstyle = 0;
                    fontslant = 0;
                    pen = 0;
                    oncombine = SUM;
                };

                valuefield _tmp_2207
                {
                    name = "ValueField_243";
                    location = (64, 0);
                    formula = "GetValue(\"LENGTH\")*GetValue(\"NUMBER\")";
                    datatype = DOUBLE;
                    class = "Length";
                    cacheable = TRUE;
                    justify = RIGHT;
                    visibility = TRUE;
                    angle = 0;
                    length = 10;
                    decimals = 0;
                    sortdirection = NONE;
                    fontname = "Courier New";
                    fontcolor = 153;
                    fonttype = 2;
                    fontsize = 1;
                    fontratio = 1;
                    fontstyle = 0;
                    fontslant = 0;
                    pen = 0;
                    oncombine = SUM;
                    unit = "mm";
                };

                valuefield _tmp_2208
                {
                    name = "ValueField_244";
                    location = (80, 0);
                    formula = "GetValue(\"WEIGHT_TOTAL\")";
                    datatype = DOUBLE;
                    class = "Weight";
                    cacheable = TRUE;
                    justify = RIGHT;
                    visibility = TRUE;
                    angle = 0;
                    length = 8;
                    decimals = 0;
                    sortdirection = NONE;
                    fontname = "Courier New";
                    fontcolor = 153;
                    fonttype = 2;
                    fontsize = 1;
                    fontratio = 1;
                    fontstyle = 0;
                    fontslant = 0;
                    pen = 0;
                    oncombine = SUM;
                    unit = "kg";
                };

                valuefield _tmp_2209
                {
                    name = "ValueField_245";
                    location = (16, 0);
                    formula = "GetValue(\"GROUP_TYPE\")";
                    datatype = INTEGER;
                    class = "";
                    cacheable = TRUE;
                    justify = LEFT;
                    visibility = FALSE;
                    angle = 0;
                    length = 2;
                    decimals = 0;
                    sortdirection = ASCENDING;
                    fontname = "Courier New";
                    fontcolor = 153;
                    fonttype = 2;
                    fontsize = 0.8;
                    fontratio = 0.75;
                    fontstyle = 0;
                    fontslant = 0;
                    pen = 0;
                    oncombine = NONE;
                };

                valuefield _tmp_2210
                {
                    name = "ValueField_246";
                    location = (27, 0);
                    formula = "GetValue(\"SHAPE\")";
                    datatype = STRING;
                    class = "";
                    cacheable = TRUE;
                    justify = RIGHT;
                    visibility = TRUE;
                    angle = 0;
                    length = 3;
                    decimals = 0;
                    sortdirection = NONE;
                    fontname = "Courier New";
                    fontcolor = 153;
                    fonttype = 2;
                    fontsize = 1;
                    fontratio = 1;
                    fontstyle = 0;
                    fontslant = 0;
                    pen = 0;
                    oncombine = NONE;
                };
            };

            row _tmp_2211
            {
                name = "Row_49";
                height = 1;
                visibility = TRUE;
                usecolumns = FALSE;
                rule = "if (GetValue(\"SHAPE\") != \"STR\" &&GetValue(\"GROUP_TYPE\") >= 1 &&GetValue(\"GRADE\") != \"WFP\") then\r\n  Output()\r\nelse\r\n  StepOver()\r\nendif\r\n";
                contenttype = "REBAR";
                sorttype = COMBINE;

                valuefield _tmp_2212
                {
                    name = "ValueField_247";
                    location = (33, 0);
                    formula = "GetValue(\"GRADE\")";
                    datatype = STRING;
                    class = "";
                    cacheable = TRUE;
                    justify = LEFT;
                    visibility = TRUE;
                    angle = 0;
                    length = 7;
                    decimals = 0;
                    sortdirection = ASCENDING;
                    fontname = "Courier New";
                    fontcolor = 153;
                    fonttype = 2;
                    fontsize = 1;
                    fontratio = 1;
                    fontstyle = 0;
                    fontslant = 0;
                    pen = 0;
                    oncombine = NONE;
                };

                valuefield _tmp_2213
                {
                    name = "ValueField_248";
                    location = (44, 0);
                    formula = "GetValue(\"SIZE\")";
                    datatype = STRING;
                    class = "";
                    cacheable = TRUE;
                    justify = CENTERED;
                    visibility = TRUE;
                    angle = 0;
                    length = 6;
                    decimals = 0;
                    sortdirection = ASCENDING;
                    fontname = "Courier New";
                    fontcolor = 153;
                    fonttype = 2;
                    fontsize = 1;
                    fontratio = 1;
                    fontstyle = 0;
                    fontslant = 0;
                    pen = 0;
                    oncombine = NONE;
                };

                valuefield _tmp_2214
                {
                    name = "ValueField_249";
                    location = (22, 0);
                    formula = "GetValue(\"NUMBER\")";
                    datatype = INTEGER;
                    class = "";
                    cacheable = TRUE;
                    justify = RIGHT;
                    visibility = TRUE;
                    angle = 0;
                    length = 3;
                    decimals = 0;
                    sortdirection = NONE;
                    fontname = "Courier New";
                    fontcolor = 153;
                    fonttype = 2;
                    fontsize = 1;
                    fontratio = 1;
                    fontstyle = 0;
                    fontslant = 0;
                    pen = 0;
                    oncombine = SUM;
                };

                valuefield _tmp_2215
                {
                    name = "ValueField_250";
                    location = (80, 0);
                    formula = "GetValue(\"WEIGHT_TOTAL\")";
                    datatype = DOUBLE;
                    class = "Weight";
                    cacheable = TRUE;
                    justify = RIGHT;
                    visibility = TRUE;
                    angle = 0;
                    length = 8;
                    decimals = 0;
                    sortdirection = NONE;
                    fontname = "Courier New";
                    fontcolor = 153;
                    fonttype = 2;
                    fontsize = 1;
                    fontratio = 1;
                    fontstyle = 0;
                    fontslant = 0;
                    pen = 0;
                    oncombine = SUM;
                    unit = "kg";
                };

                valuefield _tmp_2216
                {
                    name = "ValueField_251";
                    location = (16, 0);
                    formula = "GetValue(\"GROUP_TYPE\")";
                    datatype = INTEGER;
                    class = "";
                    cacheable = TRUE;
                    justify = LEFT;
                    visibility = FALSE;
                    angle = 0;
                    length = 2;
                    decimals = 0;
                    sortdirection = ASCENDING;
                    fontname = "Courier New";
                    fontcolor = 153;
                    fonttype = 2;
                    fontsize = 0.8;
                    fontratio = 0.75;
                    fontstyle = 0;
                    fontslant = 0;
                    pen = 0;
                    oncombine = NONE;
                };

                text _tmp_2217
                {
                    name = "Text_274";
                    x1 = 51;
                    y1 = 0;
                    x2 = 51;
                    y2 = 0;
                    string = "L MIN";
                    fontname = "Courier New";
                    fontcolor = 153;
                    fonttype = 2;
                    fontsize = 0.8;
                    fontratio = 0.75;
                    fontslant = 0;
                    fontstyle = 0;
                    angle = 0;
                    justify = LEFT;
                    pen = 0;
                };

                valuefield _tmp_2218
                {
                    name = "ValueField_252";
                    location = (57, 0);
                    formula = "GetValue(\"LENGTH_MIN\")";
                    datatype = DOUBLE;
                    class = "Length";
                    cacheable = TRUE;
                    justify = LEFT;
                    visibility = TRUE;
                    angle = 0;
                    length = 7;
                    decimals = 1;
                    sortdirection = ASCENDING;
                    fontname = "Courier New";
                    fontcolor = 153;
                    fonttype = 2;
                    fontsize = 0.8;
                    fontratio = 0.75;
                    fontstyle = 0;
                    fontslant = 0;
                    pen = 0;
                    oncombine = NONE;
                    unit = "mm";
                };

                text _tmp_2219
                {
                    name = "Text_275";
                    x1 = 64;
                    y1 = 0;
                    x2 = 64;
                    y2 = 0;
                    string = "-";
                    fontname = "Courier New";
                    fontcolor = 153;
                    fonttype = 2;
                    fontsize = 0.8;
                    fontratio = 0.75;
                    fontslant = 0;
                    fontstyle = 0;
                    angle = 0;
                    justify = LEFT;
                    pen = 0;
                };

                text _tmp_2220
                {
                    name = "Text_276";
                    x1 = 66;
                    y1 = 0;
                    x2 = 66;
                    y2 = 0;
                    string = "L MAX";
                    fontname = "Courier New";
                    fontcolor = 153;
                    fonttype = 2;
                    fontsize = 0.8;
                    fontratio = 0.75;
                    fontslant = 0;
                    fontstyle = 0;
                    angle = 0;
                    justify = LEFT;
                    pen = 0;
                };

                valuefield _tmp_2221
                {
                    name = "ValueField_253";
                    location = (72, 0);
                    formula = "GetValue(\"LENGTH_MAX\")";
                    datatype = DOUBLE;
                    class = "Length";
                    cacheable = TRUE;
                    justify = LEFT;
                    visibility = TRUE;
                    angle = 0;
                    length = 7;
                    decimals = 1;
                    sortdirection = NONE;
                    fontname = "Courier New";
                    fontcolor = 153;
                    fonttype = 2;
                    fontsize = 0.8;
                    fontratio = 0.75;
                    fontstyle = 0;
                    fontslant = 0;
                    pen = 0;
                    oncombine = NONE;
                    unit = "mm";
                };

                valuefield _tmp_2222
                {
                    name = "ValueField_254";
                    location = (27, 0);
                    formula = "GetValue(\"SHAPE\")";
                    datatype = STRING;
                    class = "";
                    cacheable = TRUE;
                    justify = RIGHT;
                    visibility = TRUE;
                    angle = 0;
                    length = 3;
                    decimals = 0;
                    sortdirection = NONE;
                    fontname = "Courier New";
                    fontcolor = 153;
                    fonttype = 2;
                    fontsize = 1;
                    fontratio = 1;
                    fontstyle = 0;
                    fontslant = 0;
                    pen = 0;
                    oncombine = NONE;
                };

                row _tmp_2223
                {
                    name = "Row_50";
                    height = 1;
                    visibility = TRUE;
                    usecolumns = FALSE;
                    rule = "";
                    contenttype = "SINGLE_REBAR";
                    sorttype = COMBINE;

                    valuefield _tmp_2224
                    {
                        name = "ValueField_255";
                        location = (44, 0);
                        formula = "GetValue(\"REBAR.SIZE\")";
                        datatype = STRING;
                        class = "";
                        cacheable = TRUE;
                        justify = CENTERED;
                        visibility = TRUE;
                        angle = 0;
                        length = 6;
                        decimals = 0;
                        sortdirection = ASCENDING;
                        fontname = "Courier New";
                        fontcolor = 153;
                        fonttype = 2;
                        fontsize = 1;
                        fontratio = 1;
                        fontstyle = 0;
                        fontslant = 0;
                        pen = 0;
                        oncombine = NONE;
                    };

                    valuefield _tmp_2225
                    {
                        name = "ValueField_256";
                        location = (53, 0);
                        formula = "GetValue(\"LENGTH\")";
                        datatype = DOUBLE;
                        class = "Length";
                        cacheable = TRUE;
                        justify = RIGHT;
                        visibility = TRUE;
                        angle = 0;
                        length = 8;
                        decimals = 0;
                        sortdirection = ASCENDING;
                        fontname = "Courier New";
                        fontcolor = 153;
                        fonttype = 2;
                        fontsize = 1;
                        fontratio = 1;
                        fontstyle = 0;
                        fontslant = 0;
                        pen = 0;
                        oncombine = NONE;
                        unit = "mm";
                    };

                    valuefield _tmp_2226
                    {
                        name = "ValueField_257";
                        location = (22, 0);
                        formula = "GetValue(\"NUMBER\")";
                        datatype = INTEGER;
                        class = "";
                        cacheable = TRUE;
                        justify = RIGHT;
                        visibility = TRUE;
                        angle = 0;
                        length = 3;
                        decimals = 0;
                        sortdirection = NONE;
                        fontname = "Courier New";
                        fontcolor = 153;
                        fonttype = 2;
                        fontsize = 1;
                        fontratio = 1;
                        fontstyle = 0;
                        fontslant = 0;
                        pen = 0;
                        oncombine = SUM;
                    };

                    valuefield _tmp_2227
                    {
                        name = "ValueField_258";
                        location = (64, 0);
                        formula = "GetValue(\"LENGTH\")*GetValue(\"NUMBER\")";
                        datatype = DOUBLE;
                        class = "Length";
                        cacheable = TRUE;
                        justify = RIGHT;
                        visibility = TRUE;
                        angle = 0;
                        length = 10;
                        decimals = 0;
                        sortdirection = NONE;
                        fontname = "Courier New";
                        fontcolor = 153;
                        fonttype = 2;
                        fontsize = 1;
                        fontratio = 1;
                        fontstyle = 0;
                        fontslant = 0;
                        pen = 0;
                        oncombine = SUM;
                        unit = "mm";
                    };

                    valuefield _tmp_2228
                    {
                        name = "ValueField_259";
                        location = (80, 0);
                        formula = "GetValue(\"WEIGHT_TOTAL\")";
                        datatype = DOUBLE;
                        class = "Weight";
                        cacheable = TRUE;
                        justify = RIGHT;
                        visibility = TRUE;
                        angle = 0;
                        length = 8;
                        decimals = 0;
                        sortdirection = NONE;
                        fontname = "Courier New";
                        fontcolor = 153;
                        fonttype = 2;
                        fontsize = 1;
                        fontratio = 1;
                        fontstyle = 0;
                        fontslant = 0;
                        pen = 0;
                        oncombine = SUM;
                        unit = "kg";
                    };

                    valuefield _tmp_2229
                    {
                        name = "ValueField_260";
                        location = (16, 0);
                        formula = "GetValue(\"GROUP_TYPE\")";
                        datatype = INTEGER;
                        class = "";
                        cacheable = TRUE;
                        justify = LEFT;
                        visibility = FALSE;
                        angle = 0;
                        length = 2;
                        decimals = 0;
                        sortdirection = ASCENDING;
                        fontname = "Courier New";
                        fontcolor = 153;
                        fonttype = 2;
                        fontsize = 0.8;
                        fontratio = 0.75;
                        fontstyle = 0;
                        fontslant = 0;
                        pen = 0;
                        oncombine = NONE;
                    };
                };
            };

            row _tmp_2230
            {
                name = "Row_51";
                height = 3;
                visibility = TRUE;
                usecolumns = FALSE;
                rule = "";
                contenttype = "STRAND";
                sorttype = COMBINE;

                text _tmp_2231
                {
                    name = "Text_277";
                    x1 = 15;
                    y1 = 2;
                    x2 = 15;
                    y2 = 2;
                    string = "_____________________________________________________________________________________";
                    fontname = "Courier New";
                    fontcolor = 162;
                    fonttype = 2;
                    fontsize = 2.38;
                    fontratio = 1;
                    fontslant = 0;
                    fontstyle = 0;
                    angle = 0;
                    justify = LEFT;
                    pen = 0;
                };

                text _tmp_2232
                {
                    name = "Text_278";
                    x1 = 15;
                    y1 = 1;
                    x2 = 15;
                    y2 = 1;
                    string = "Strand:";
                    fontname = "Courier New";
                    fontcolor = 162;
                    fonttype = 2;
                    fontsize = 2.38;
                    fontratio = 1;
                    fontslant = 0;
                    fontstyle = 0;
                    angle = 0;
                    justify = LEFT;
                    pen = 0;
                };

                text _tmp_2233
                {
                    name = "Text_279";
                    x1 = 33;
                    y1 = 0;
                    x2 = 33;
                    y2 = 0;
                    string = "Grade:";
                    fontname = "Courier New";
                    fontcolor = 162;
                    fonttype = 2;
                    fontsize = 2.38;
                    fontratio = 1;
                    fontslant = 0;
                    fontstyle = 0;
                    angle = 0;
                    justify = LEFT;
                    pen = 0;
                };

                text _tmp_2234
                {
                    name = "Text_280";
                    x1 = 22;
                    y1 = 0;
                    x2 = 22;
                    y2 = 0;
                    string = "Qty:";
                    fontname = "Courier New";
                    fontcolor = 162;
                    fonttype = 2;
                    fontsize = 1;
                    fontratio = 1;
                    fontslant = 0;
                    fontstyle = 0;
                    angle = 0;
                    justify = LEFT;
                    pen = 0;
                };

                text _tmp_2235
                {
                    name = "Text_281";
                    x1 = 52;
                    y1 = 0;
                    x2 = 52;
                    y2 = 0;
                    string = "Length(mm):";
                    fontname = "Courier New";
                    fontcolor = 162;
                    fonttype = 2;
                    fontsize = 2.38;
                    fontratio = 1;
                    fontslant = 0;
                    fontstyle = 0;
                    angle = 0;
                    justify = LEFT;
                    pen = 0;
                };

                text _tmp_2236
                {
                    name = "Text_282";
                    x1 = 94;
                    y1 = 0;
                    x2 = 94;
                    y2 = 0;
                    string = "Pi (KN):";
                    fontname = "Courier New";
                    fontcolor = 162;
                    fonttype = 2;
                    fontsize = 2.38;
                    fontratio = 1;
                    fontslant = 0;
                    fontstyle = 0;
                    angle = 0;
                    justify = LEFT;
                    pen = 0;
                };

                text _tmp_2237
                {
                    name = "Text_283";
                    x1 = 65;
                    y1 = 1;
                    x2 = 65;
                    y2 = 1;
                    string = "Total";
                    fontname = "Courier New";
                    fontcolor = 162;
                    fonttype = 2;
                    fontsize = 2.38;
                    fontratio = 1;
                    fontslant = 0;
                    fontstyle = 0;
                    angle = 0;
                    justify = LEFT;
                    pen = 0;
                };

                text _tmp_2238
                {
                    name = "Text_284";
                    x1 = 65;
                    y1 = 0;
                    x2 = 65;
                    y2 = 0;
                    string = "Length(mm):";
                    fontname = "Courier New";
                    fontcolor = 162;
                    fonttype = 2;
                    fontsize = 2.38;
                    fontratio = 1;
                    fontslant = 0;
                    fontstyle = 0;
                    angle = 0;
                    justify = LEFT;
                    pen = 0;
                };

                text _tmp_2239
                {
                    name = "Text_285";
                    x1 = 45;
                    y1 = 0;
                    x2 = 45;
                    y2 = 0;
                    string = "Size:";
                    fontname = "Courier New";
                    fontcolor = 162;
                    fonttype = 2;
                    fontsize = 2.38;
                    fontratio = 1;
                    fontslant = 0;
                    fontstyle = 0;
                    angle = 0;
                    justify = LEFT;
                    pen = 0;
                };

                text _tmp_2240
                {
                    name = "Text_286";
                    x1 = 79;
                    y1 = 1;
                    x2 = 79;
                    y2 = 1;
                    string = "Total";
                    fontname = "Courier New";
                    fontcolor = 162;
                    fonttype = 2;
                    fontsize = 2.38;
                    fontratio = 1;
                    fontslant = 0;
                    fontstyle = 0;
                    angle = 0;
                    justify = LEFT;
                    pen = 0;
                };

                text _tmp_2241
                {
                    name = "Text_287";
                    x1 = 79;
                    y1 = 0;
                    x2 = 79;
                    y2 = 0;
                    string = "Weight(kg):";
                    fontname = "Courier New";
                    fontcolor = 162;
                    fonttype = 2;
                    fontsize = 2.38;
                    fontratio = 1;
                    fontslant = 0;
                    fontstyle = 0;
                    angle = 0;
                    justify = LEFT;
                    pen = 0;
                };
            };

            row _tmp_2242
            {
                name = "Row_52";
                height = 1;
                visibility = TRUE;
                usecolumns = FALSE;
                rule = "";
                contenttype = "STRAND";
                sorttype = COMBINE;

                valuefield _tmp_2243
                {
                    name = "ValueField_261";
                    location = (33, 0);
                    formula = "GetValue(\"MATERIAL\")";
                    datatype = STRING;
                    class = "";
                    cacheable = TRUE;
                    justify = LEFT;
                    visibility = TRUE;
                    angle = 0;
                    length = 7;
                    decimals = 0;
                    sortdirection = ASCENDING;
                    fontname = "Courier New";
                    fontcolor = 153;
                    fonttype = 2;
                    fontsize = 1;
                    fontratio = 1;
                    fontstyle = 0;
                    fontslant = 0;
                    pen = 0;
                    oncombine = NONE;
                };

                valuefield _tmp_2244
                {
                    name = "ValueField_262";
                    location = (53, 0);
                    formula = "GetValue(\"LENGTH\")";
                    datatype = DOUBLE;
                    class = "Length";
                    cacheable = TRUE;
                    justify = RIGHT;
                    visibility = TRUE;
                    angle = 0;
                    length = 8;
                    decimals = 0;
                    sortdirection = ASCENDING;
                    fontname = "Courier New";
                    fontcolor = 153;
                    fonttype = 2;
                    fontsize = 1;
                    fontratio = 1;
                    fontstyle = 0;
                    fontslant = 0;
                    pen = 0;
                    oncombine = NONE;
                    unit = "mm";
                };

                valuefield _tmp_2245
                {
                    name = "ValueField_263";
                    location = (94, 0);
                    formula = "GetValue(\"STRAND_PULL_FORCE\")";
                    datatype = DOUBLE;
                    class = "Force";
                    cacheable = TRUE;
                    justify = RIGHT;
                    visibility = TRUE;
                    angle = 0;
                    length = 8;
                    decimals = 2;
                    sortdirection = ASCENDING;
                    fontname = "Courier New";
                    fontcolor = 153;
                    fonttype = 2;
                    fontsize = 1;
                    fontratio = 1;
                    fontstyle = 0;
                    fontslant = 0;
                    pen = 0;
                    oncombine = NONE;
                    unit = "kN";
                };

                valuefield _tmp_2246
                {
                    name = "ValueField_264";
                    location = (22, 0);
                    formula = "GetValue(\"NUMBER\")";
                    datatype = INTEGER;
                    class = "";
                    cacheable = TRUE;
                    justify = RIGHT;
                    visibility = TRUE;
                    angle = 0;
                    length = 3;
                    decimals = 0;
                    sortdirection = NONE;
                    fontname = "Courier New";
                    fontcolor = 153;
                    fonttype = 2;
                    fontsize = 1;
                    fontratio = 1;
                    fontstyle = 0;
                    fontslant = 0;
                    pen = 0;
                    oncombine = SUM;
                };

                valuefield _tmp_2247
                {
                    name = "ValueField_265";
                    location = (64, 0);
                    formula = "GetValue(\"NUMBER\")*GetValue(\"LENGTH\")";
                    datatype = DOUBLE;
                    class = "Length";
                    cacheable = TRUE;
                    justify = RIGHT;
                    visibility = TRUE;
                    angle = 0;
                    length = 10;
                    decimals = 0;
                    sortdirection = NONE;
                    fontname = "Courier New";
                    fontcolor = 153;
                    fonttype = 2;
                    fontsize = 1;
                    fontratio = 1;
                    fontstyle = 0;
                    fontslant = 0;
                    pen = 0;
                    oncombine = SUM;
                    unit = "mm";
                };

                valuefield _tmp_2248
                {
                    name = "ValueField_266";
                    location = (44, 0);
                    formula = "GetValue(\"SIZE\")";
                    datatype = STRING;
                    class = "";
                    cacheable = TRUE;
                    justify = CENTERED;
                    visibility = TRUE;
                    angle = 0;
                    length = 6;
                    decimals = 0;
                    sortdirection = ASCENDING;
                    fontname = "Courier New";
                    fontcolor = 153;
                    fonttype = 2;
                    fontsize = 1;
                    fontratio = 1;
                    fontstyle = 0;
                    fontslant = 0;
                    pen = 0;
                    oncombine = NONE;
                };

                valuefield _tmp_2249
                {
                    name = "ValueField_267";
                    location = (80, 0);
                    formula = "GetValue(\"WEIGHT_TOTAL\")";
                    datatype = DOUBLE;
                    class = "Weight";
                    cacheable = TRUE;
                    justify = RIGHT;
                    visibility = TRUE;
                    angle = 0;
                    length = 8;
                    decimals = 0;
                    sortdirection = NONE;
                    fontname = "Courier New";
                    fontcolor = 153;
                    fonttype = 2;
                    fontsize = 1;
                    fontratio = 1;
                    fontstyle = 0;
                    fontslant = 0;
                    pen = 0;
                    oncombine = SUM;
                    unit = "kg";
                };
            };

            row _tmp_2250
            {
                name = "Row_53";
                height = 3;
                visibility = TRUE;
                usecolumns = FALSE;
                rule = "if (GetValue(\"GRADE\") == \"WFP\") then\n  Output()\nelse\n  StepOver()\nendif\n";
                contenttype = "MESH";
                sorttype = COMBINE;

                text _tmp_2251
                {
                    name = "Text_288";
                    x1 = 15;
                    y1 = 2;
                    x2 = 15;
                    y2 = 2;
                    string = "_____________________________________________________________________________________";
                    fontname = "Courier New";
                    fontcolor = 162;
                    fonttype = 2;
                    fontsize = 2.38;
                    fontratio = 1;
                    fontslant = 0;
                    fontstyle = 0;
                    angle = 0;
                    justify = LEFT;
                    pen = 0;
                };

                text _tmp_2252
                {
                    name = "Text_289";
                    x1 = 15;
                    y1 = 1;
                    x2 = 15;
                    y2 = 1;
                    string = "Mesh:";
                    fontname = "Courier New";
                    fontcolor = 162;
                    fonttype = 2;
                    fontsize = 2.38;
                    fontratio = 1;
                    fontslant = 0;
                    fontstyle = 0;
                    angle = 0;
                    justify = LEFT;
                    pen = 0;
                };

                text _tmp_2253
                {
                    name = "Text_290";
                    x1 = 33;
                    y1 = 0;
                    x2 = 33;
                    y2 = 0;
                    string = "Grade:";
                    fontname = "Courier New";
                    fontcolor = 162;
                    fonttype = 2;
                    fontsize = 2.38;
                    fontratio = 1;
                    fontslant = 0;
                    fontstyle = 0;
                    angle = 0;
                    justify = LEFT;
                    pen = 0;
                };

                text _tmp_2254
                {
                    name = "Text_291";
                    x1 = 22;
                    y1 = 0;
                    x2 = 22;
                    y2 = 0;
                    string = "Qty:";
                    fontname = "Courier New";
                    fontcolor = 162;
                    fonttype = 2;
                    fontsize = 1;
                    fontratio = 1;
                    fontslant = 0;
                    fontstyle = 0;
                    angle = 0;
                    justify = LEFT;
                    pen = 0;
                };

                text _tmp_2255
                {
                    name = "Text_292";
                    x1 = 79;
                    y1 = 0;
                    x2 = 79;
                    y2 = 0;
                    string = "Area (㎡):";
                    fontname = "Courier New";
                    fontcolor = 162;
                    fonttype = 2;
                    fontsize = 2.38;
                    fontratio = 1;
                    fontslant = 0;
                    fontstyle = 0;
                    angle = 0;
                    justify = LEFT;
                    pen = 0;
                };

                text _tmp_2256
                {
                    name = "Text_293";
                    x1 = 45;
                    y1 = 0;
                    x2 = 45;
                    y2 = 0;
                    string = "Catalog Size:";
                    fontname = "Courier New";
                    fontcolor = 162;
                    fonttype = 2;
                    fontsize = 2.38;
                    fontratio = 1;
                    fontslant = 0;
                    fontstyle = 0;
                    angle = 0;
                    justify = LEFT;
                    pen = 0;
                };
            };

            row _tmp_2257
            {
                name = "Row_54";
                height = 1;
                visibility = TRUE;
                usecolumns = FALSE;
                rule = "if (GetValue(\"GRADE\") == \"WFP\") then\r\n  Output()\r\nelse\r\n  StepOver()\r\nendif";
                contenttype = "MESH";
                sorttype = COMBINE;

                valuefield _tmp_2258
                {
                    name = "ValueField_268";
                    location = (33, 0);
                    formula = "GetValue(\"GRADE\")";
                    datatype = STRING;
                    class = "";
                    cacheable = TRUE;
                    justify = LEFT;
                    visibility = TRUE;
                    angle = 0;
                    length = 7;
                    decimals = 0;
                    sortdirection = ASCENDING;
                    fontname = "Courier New";
                    fontcolor = 153;
                    fonttype = 2;
                    fontsize = 1;
                    fontratio = 1;
                    fontstyle = 0;
                    fontslant = 0;
                    pen = 0;
                    oncombine = NONE;
                };

                valuefield _tmp_2259
                {
                    name = "ValueField_269";
                    location = (45, 0);
                    formula = "GetValue(\"CATALOG_NAME\")";
                    datatype = STRING;
                    class = "Length";
                    cacheable = TRUE;
                    justify = LEFT;
                    visibility = TRUE;
                    angle = 0;
                    length = 20;
                    decimals = 0;
                    sortdirection = ASCENDING;
                    fontname = "Courier New";
                    fontcolor = 153;
                    fonttype = 2;
                    fontsize = 1;
                    fontratio = 1;
                    fontstyle = 0;
                    fontslant = 0;
                    pen = 0;
                    oncombine = NONE;
                    unit = "mm";
                };

                valuefield _tmp_2260
                {
                    name = "ValueField_270";
                    location = (80, 0);
                    formula = "GetValue(\"AREA\")";
                    datatype = DOUBLE;
                    class = "Area";
                    cacheable = TRUE;
                    justify = RIGHT;
                    visibility = TRUE;
                    angle = 0;
                    length = 8;
                    decimals = 2;
                    sortdirection = ASCENDING;
                    fontname = "Courier New";
                    fontcolor = 153;
                    fonttype = 2;
                    fontsize = 1;
                    fontratio = 1;
                    fontstyle = 0;
                    fontslant = 0;
                    pen = 0;
                    oncombine = NONE;
                    unit = "m2";
                };

                valuefield _tmp_2261
                {
                    name = "ValueField_271";
                    location = (22, 0);
                    formula = "GetValue(\"NUMBER\")";
                    datatype = INTEGER;
                    class = "";
                    cacheable = TRUE;
                    justify = RIGHT;
                    visibility = TRUE;
                    angle = 0;
                    length = 3;
                    decimals = 0;
                    sortdirection = NONE;
                    fontname = "Courier New";
                    fontcolor = 153;
                    fonttype = 2;
                    fontsize = 1;
                    fontratio = 1;
                    fontstyle = 0;
                    fontslant = 0;
                    pen = 0;
                    oncombine = SUM;
                };
            };
        };

        valuefield _tmp_63
        {
            name = "ValueField_200";
            location = (86, 1);
            formula = "GetValue(\"VOLUME\")";
            datatype = DOUBLE;
            class = "Volume";
            cacheable = TRUE;
            justify = RIGHT;
            visibility = TRUE;
            angle = 0;
            length = 12;
            decimals = 2;
            sortdirection = NONE;
            fontname = "Courier New";
            fontcolor = 153;
            fonttype = 2;
            fontsize = 1;
            fontratio = 1;
            fontstyle = 0;
            fontslant = 0;
            pen = 0;
            oncombine = NONE;
            unit = "m3";
        };

        text _tmp_64
        {
            name = "Text_227";
            x1 = 87;
            y1 = 2;
            x2 = 87;
            y2 = 2;
            string = "Volume (㎥):";
            fontname = "Courier New";
            fontcolor = 162;
            fonttype = 2;
            fontsize = 1;
            fontratio = 1;
            fontslant = 0;
            fontstyle = 0;
            angle = 0;
            justify = LEFT;
            pen = 0;
        };

        valuefield _tmp_65
        {
            name = "ValueField_201";
            location = (120, 1);
            formula = "GetValue(\"WEIGHT\")";
            datatype = DOUBLE;
            class = "Weight";
            cacheable = TRUE;
            justify = RIGHT;
            visibility = TRUE;
            angle = 0;
            length = 12;
            decimals = 0;
            sortdirection = NONE;
            fontname = "Courier New";
            fontcolor = 153;
            fonttype = 2;
            fontsize = 1;
            fontratio = 1;
            fontstyle = 0;
            fontslant = 0;
            pen = 0;
            oncombine = NONE;
            unit = "kg";
        };

        text _tmp_66
        {
            name = "Text_228";
            x1 = 121;
            y1 = 2;
            x2 = 121;
            y2 = 2;
            string = "Weight (kg):";
            fontname = "Courier New";
            fontcolor = 162;
            fonttype = 2;
            fontsize = 1;
            fontratio = 1;
            fontslant = 0;
            fontstyle = 0;
            angle = 0;
            justify = LEFT;
            pen = 0;
        };

        text _tmp_67
        {
            name = "Text_441";
            x1 = 102;
            y1 = 2;
            x2 = 102;
            y2 = 2;
            string = "Total Volume (㎥):";
            fontname = "Courier New";
            fontcolor = 162;
            fonttype = 2;
            fontsize = 1;
            fontratio = 1;
            fontslant = 0;
            fontstyle = 0;
            angle = 0;
            justify = LEFT;
            pen = 0;
        };

        valuefield _tmp_68
        {
            name = "ValueField_463";
            location = (105, 1);
            formula = "GetValue(\"VOLUME\")*GetValue(\"NUMBER\")";
            datatype = DOUBLE;
            class = "Volume";
            cacheable = TRUE;
            justify = RIGHT;
            visibility = TRUE;
            angle = 0;
            length = 12;
            decimals = 2;
            sortdirection = NONE;
            fontname = "Courier New";
            fontcolor = 153;
            fonttype = 2;
            fontsize = 1;
            fontratio = 1;
            fontstyle = 0;
            fontslant = 0;
            pen = 0;
            oncombine = SUM;
            unit = "m3";
        };
    };

    row _tmp_2766
    {
        name = "CAST_UNIT_COLUMN";
        height = 4;
        visibility = TRUE;
        usecolumns = FALSE;
        rule = "if (match(GetValue(\"CAST_UNIT_TYPE\"),\"*Cast in place*\")||match(GetValue(\"CAST_UNIT_TYPE\"),\"*현장타설*\")) && match(GetValue(\"MAINPART.NAME\"),\"*COLUMN*\")\r\n then\r\n  Output()\r\nelse\r\n  StepOver()\r\nendif";
        contenttype = "CAST_UNIT";
        sorttype = COMBINE;

        valuefield _tmp_2767
        {
            name = "ValueField_1";
            location = (9, 1);
            formula = "GetValue(\"MAINPART.NAME\")";
            datatype = STRING;
            class = "";
            cacheable = TRUE;
            justify = LEFT;
            visibility = TRUE;
            angle = 0;
            length = 15;
            decimals = 0;
            sortdirection = ASCENDING;
            fontname = "Courier New";
            fontcolor = 153;
            fonttype = 2;
            fontsize = 1;
            fontratio = 1;
            fontstyle = 0;
            fontslant = 0;
            pen = 0;
            oncombine = NONE;
        };

        valuefield _tmp_2768
        {
            name = "ValueField_2";
            location = (37, 1);
            formula = "GetValue(\"MATERIAL\")";
            datatype = STRING;
            class = "";
            cacheable = TRUE;
            justify = LEFT;
            visibility = TRUE;
            angle = 0;
            length = 7;
            decimals = 0;
            sortdirection = ASCENDING;
            fontname = "Courier New";
            fontcolor = 153;
            fonttype = 2;
            fontsize = 1;
            fontratio = 1;
            fontstyle = 0;
            fontslant = 0;
            pen = 0;
            oncombine = NONE;
        };

        valuefield _tmp_2769
        {
            name = "ValueField_3";
            location = (66, 1);
            formula = "mid(GetValue(\"MAINPART.PROFILE.WIDTH\"),0,find(GetValue(\"MAINPART.PROFILE.WIDTH\"), \".\"))\r\n+\"X\"+mid(GetValue(\"MAINPART.PROFILE.HEIGHT\"),0,find(GetValue(\"MAINPART.PROFILE.HEIGHT\"), \".\"))";
            datatype = STRING;
            class = "";
            cacheable = TRUE;
            justify = LEFT;
            visibility = TRUE;
            angle = 0;
            length = 20;
            decimals = 0;
            sortdirection = ASCENDING;
            fontname = "Courier New";
            fontcolor = 164;
            fonttype = 2;
            fontsize = 2.38;
            fontratio = 1;
            fontstyle = 0;
            fontslant = 0;
            pen = 0;
            oncombine = NONE;
        };

        valuefield _tmp_2770
        {
            name = "ValueField_4";
            location = (49, 1);
            formula = "GetValue(\"LENGTH\")";
            datatype = DOUBLE;
            class = "Length";
            cacheable = TRUE;
            justify = RIGHT;
            visibility = TRUE;
            angle = 0;
            length = 12;
            decimals = 0;
            sortdirection = ASCENDING;
            fontname = "Courier New";
            fontcolor = 164;
            fonttype = 2;
            fontsize = 2.38;
            fontratio = 1;
            fontstyle = 0;
            fontslant = 0;
            pen = 0;
            oncombine = NONE;
            unit = "mm";
        };

        text _tmp_2771
        {
            name = "Text";
            x1 = 2;
            y1 = 2;
            x2 = 2;
            y2 = 2;
            string = "Qty:";
            fontname = "Courier New";
            fontcolor = 162;
            fonttype = 2;
            fontsize = 1;
            fontratio = 1;
            fontslant = 0;
            fontstyle = 0;
            angle = 0;
            justify = LEFT;
            pen = 0;
        };

        text _tmp_2772
        {
            name = "Text_1";
            x1 = 37;
            y1 = 2;
            x2 = 37;
            y2 = 2;
            string = "Material:";
            fontname = "Courier New";
            fontcolor = 162;
            fonttype = 2;
            fontsize = 1;
            fontratio = 1;
            fontslant = 0;
            fontstyle = 0;
            angle = 0;
            justify = LEFT;
            pen = 0;
        };

        text _tmp_2773
        {
            name = "Text_2";
            x1 = 1;
            y1 = 3;
            x2 = 1;
            y2 = 3;
            string = "________________________________________________________________________________________________________________________________________";
            fontname = "Courier New";
            fontcolor = 162;
            fonttype = 2;
            fontsize = 2.38;
            fontratio = 1;
            fontslant = 0;
            fontstyle = 0;
            angle = 0;
            justify = LEFT;
            pen = 0;
        };

        text _tmp_2774
        {
            name = "Text_3";
            x1 = 66;
            y1 = 2;
            x2 = 66;
            y2 = 2;
            string = "Profile:";
            fontname = "Courier New";
            fontcolor = 162;
            fonttype = 2;
            fontsize = 1;
            fontratio = 1;
            fontslant = 0;
            fontstyle = 0;
            angle = 0;
            justify = LEFT;
            pen = 0;
        };

        text _tmp_2775
        {
            name = "Text_4";
            x1 = 51;
            y1 = 2;
            x2 = 51;
            y2 = 2;
            string = "Length(mm):";
            fontname = "Courier New";
            fontcolor = 162;
            fonttype = 2;
            fontsize = 1;
            fontratio = 1;
            fontslant = 0;
            fontstyle = 0;
            angle = 0;
            justify = LEFT;
            pen = 0;
        };

        valuefield _tmp_2776
        {
            name = "ValueField_5";
            location = (2, 1);
            formula = "GetValue(\"NUMBER\")";
            datatype = INTEGER;
            class = "";
            cacheable = TRUE;
            justify = LEFT;
            visibility = TRUE;
            angle = 0;
            length = 4;
            sortdirection = NONE;
            fontname = "Courier New";
            fontcolor = 153;
            fonttype = 2;
            fontsize = 1;
            fontratio = 1;
            fontstyle = 0;
            fontslant = 0;
            pen = 0;
            oncombine = SUM;
        };

        text _tmp_2777
        {
            name = "Text_6";
            x1 = 9;
            y1 = 2;
            x2 = 9;
            y2 = 2;
            string = "Name:";
            fontname = "Courier New";
            fontcolor = 162;
            fonttype = 2;
            fontsize = 1;
            fontratio = 1;
            fontslant = 0;
            fontstyle = 0;
            angle = 0;
            justify = LEFT;
            pen = 0;
        };

        text _tmp_2782
        {
            name = "Text_9";
            x1 = 27;
            y1 = 2;
            x2 = 27;
            y2 = 2;
            string = "Mark:";
            fontname = "Courier New";
            fontcolor = 162;
            fonttype = 2;
            fontsize = 1;
            fontratio = 1;
            fontslant = 0;
            fontstyle = 0;
            angle = 0;
            justify = LEFT;
            pen = 0;
        };

        valuefield _tmp_2783
        {
            name = "ValueField_8";
            location = (27, 1);
            formula = "GetValue(\"CAST_UNIT_POS\")";
            datatype = STRING;
            class = "";
            cacheable = TRUE;
            justify = LEFT;
            visibility = TRUE;
            angle = 0;
            length = 7;
            decimals = 0;
            sortdirection = ASCENDING;
            fontname = "Courier New";
            fontcolor = 153;
            fonttype = 2;
            fontsize = 1;
            fontratio = 1;
            fontstyle = 0;
            fontslant = 0;
            pen = 0;
            oncombine = NONE;
        };

        row _tmp_2784
        {
            name = "Row_2";
            height = 3;
            visibility = TRUE;
            usecolumns = FALSE;
            rule = "if (GetValue(\"MAINPART.MATERIAL_TYPE\") != \"CONCRETE\") then\n  Output()\nelse\n  StepOver()\nendif\n";
            contenttype = "ASSEMBLY";
            sorttype = COMBINE;

            text _tmp_2785
            {
                name = "Text_10";
                x1 = 29;
                y1 = 0;
                x2 = 29;
                y2 = 0;
                string = "Name:";
                fontname = "Courier New";
                fontcolor = 162;
                fonttype = 2;
                fontsize = 2.38;
                fontratio = 1;
                fontslant = 0;
                fontstyle = 0;
                angle = 0;
                justify = LEFT;
                pen = 0;
            };

            text _tmp_2786
            {
                name = "Text_11";
                x1 = 54;
                y1 = 0;
                x2 = 54;
                y2 = 0;
                string = "Profile:";
                fontname = "Courier New";
                fontcolor = 162;
                fonttype = 2;
                fontsize = 2.38;
                fontratio = 1;
                fontslant = 0;
                fontstyle = 0;
                angle = 0;
                justify = LEFT;
                pen = 0;
            };

            text _tmp_2787
            {
                name = "Text_12";
                x1 = 22;
                y1 = 0;
                x2 = 22;
                y2 = 0;
                string = "Qty:";
                fontname = "Courier New";
                fontcolor = 162;
                fonttype = 2;
                fontsize = 1;
                fontratio = 1;
                fontslant = 0;
                fontstyle = 0;
                angle = 0;
                justify = LEFT;
                pen = 0;
            };

            text _tmp_2788
            {
                name = "Text_13";
                x1 = 42;
                y1 = 0;
                x2 = 42;
                y2 = 0;
                string = "Material:";
                fontname = "Courier New";
                fontcolor = 162;
                fonttype = 2;
                fontsize = 2.38;
                fontratio = 1;
                fontslant = 0;
                fontstyle = 0;
                angle = 0;
                justify = LEFT;
                pen = 0;
            };

            text _tmp_2789
            {
                name = "Text_14";
                x1 = 15;
                y1 = 1;
                x2 = 15;
                y2 = 1;
                string = "Component Parts:";
                fontname = "Courier New";
                fontcolor = 162;
                fonttype = 2;
                fontsize = 2.38;
                fontratio = 1;
                fontslant = 0;
                fontstyle = 0;
                angle = 0;
                justify = LEFT;
                pen = 0;
            };

            text _tmp_2790
            {
                name = "Text_15";
                x1 = 15;
                y1 = 2;
                x2 = 15;
                y2 = 2;
                string = "_____________________________________________________________________________________________________________________";
                fontname = "Courier New";
                fontcolor = 162;
                fonttype = 2;
                fontsize = 2.38;
                fontratio = 1;
                fontslant = 0;
                fontstyle = 0;
                angle = 0;
                justify = LEFT;
                pen = 0;
            };

            text _tmp_2791
            {
                name = "Text_16";
                x1 = 104;
                y1 = 0;
                x2 = 104;
                y2 = 0;
                string = "Description:";
                fontname = "Courier New";
                fontcolor = 162;
                fonttype = 2;
                fontsize = 2.38;
                fontratio = 1;
                fontslant = 0;
                fontstyle = 0;
                angle = 0;
                justify = LEFT;
                pen = 0;
            };

            text _tmp_2792
            {
                name = "Text_17";
                x1 = 71;
                y1 = 0;
                x2 = 71;
                y2 = 0;
                string = "Length(mm):";
                fontname = "Courier New";
                fontcolor = 162;
                fonttype = 2;
                fontsize = 2.38;
                fontratio = 1;
                fontslant = 0;
                fontstyle = 0;
                angle = 0;
                justify = LEFT;
                pen = 0;
            };

            text _tmp_2793
            {
                name = "Text_18";
                x1 = 83;
                y1 = 0;
                x2 = 83;
                y2 = 0;
                string = "Finish:";
                fontname = "Courier New";
                fontcolor = 162;
                fonttype = 2;
                fontsize = 2.38;
                fontratio = 1;
                fontslant = 0;
                fontstyle = 0;
                angle = 0;
                justify = LEFT;
                pen = 0;
            };

            text _tmp_2794
            {
                name = "Text_19";
                x1 = 95;
                y1 = 0;
                x2 = 95;
                y2 = 0;
                string = "Class:";
                fontname = "Courier New";
                fontcolor = 162;
                fonttype = 2;
                fontsize = 2.38;
                fontratio = 1;
                fontslant = 0;
                fontstyle = 0;
                angle = 0;
                justify = LEFT;
                pen = 0;
            };
        };

        row _tmp_2795
        {
            name = "Row_19";
            height = 1;
            visibility = TRUE;
            usecolumns = FALSE;
            rule = "if (GetValue(\"MAINPART.MATERIAL_TYPE\") != \"CONCRETE\") then\n  Output()\nelse\n  StepOver()\nendif\n";
            contenttype = "ASSEMBLY";
            sorttype = COMBINE;

            valuefield _tmp_2796
            {
                name = "ValueField_9";
                location = (29, 0);
                formula = "GetValue(\"MAINPART.NAME\")";
                datatype = STRING;
                class = "";
                cacheable = TRUE;
                justify = LEFT;
                visibility = TRUE;
                angle = 0;
                length = 10;
                sortdirection = ASCENDING;
                fontname = "Courier New";
                fontcolor = 153;
                fonttype = 2;
                fontsize = 1;
                fontratio = 1;
                fontstyle = 0;
                fontslant = 0;
                pen = 0;
                oncombine = NONE;
            };

            valuefield _tmp_2797
            {
                name = "ValueField_10";
                location = (42, 0);
                formula = "GetValue(\"MAINPART.MATERIAL\")";
                datatype = STRING;
                class = "";
                cacheable = TRUE;
                justify = LEFT;
                visibility = TRUE;
                angle = 0;
                length = 7;
                sortdirection = ASCENDING;
                fontname = "Courier New";
                fontcolor = 153;
                fonttype = 2;
                fontsize = 1;
                fontratio = 1;
                fontstyle = 0;
                fontslant = 0;
                pen = 0;
                oncombine = NONE;
            };

            valuefield _tmp_2798
            {
                name = "ValueField_11";
                location = (53, 0);
                formula = "GetValue(\"MAINPART.PROFILE\")";
                datatype = STRING;
                class = "";
                cacheable = TRUE;
                justify = LEFT;
                visibility = TRUE;
                angle = 0;
                length = 14;
                sortdirection = ASCENDING;
                fontname = "Courier New";
                fontcolor = 153;
                fonttype = 2;
                fontsize = 1;
                fontratio = 1;
                fontstyle = 0;
                fontslant = 0;
                pen = 0;
                oncombine = NONE;
            };

            valuefield _tmp_2799
            {
                name = "ValueField_12";
                location = (69, 0);
                formula = "GetValue(\"MAINPART.LENGTH\")";
                datatype = DOUBLE;
                class = "Length";
                cacheable = TRUE;
                justify = RIGHT;
                visibility = TRUE;
                angle = 0;
                length = 12;
                decimals = 0;
                sortdirection = ASCENDING;
                fontname = "Courier New";
                fontcolor = 153;
                fonttype = 2;
                fontsize = 1;
                fontratio = 1;
                fontstyle = 0;
                fontslant = 0;
                pen = 0;
                oncombine = NONE;
                unit = "mm";
            };

            valuefield _tmp_2800
            {
                name = "ValueField_13";
                location = (83, 0);
                formula = "GetValue(\"MAINPART.FINISH\")";
                datatype = STRING;
                class = "";
                cacheable = TRUE;
                justify = LEFT;
                visibility = TRUE;
                angle = 0;
                length = 10;
                sortdirection = ASCENDING;
                fontname = "Courier New";
                fontcolor = 153;
                fonttype = 2;
                fontsize = 1;
                fontratio = 1;
                fontstyle = 0;
                fontslant = 0;
                pen = 0;
                oncombine = NONE;
            };

            valuefield _tmp_2801
            {
                name = "ValueField_14";
                location = (95, 0);
                formula = "GetValue(\"MAINPART.CLASS_ATTR\")";
                datatype = STRING;
                class = "";
                cacheable = TRUE;
                justify = LEFT;
                visibility = TRUE;
                angle = 0;
                length = 6;
                sortdirection = ASCENDING;
                fontname = "Courier New";
                fontcolor = 153;
                fonttype = 2;
                fontsize = 1;
                fontratio = 1;
                fontstyle = 0;
                fontslant = 0;
                pen = 0;
                oncombine = NONE;
            };

            valuefield _tmp_2802
            {
                name = "ValueField_15";
                location = (22, 0);
                formula = "GetValue(\"NUMBER\")";
                datatype = INTEGER;
                class = "";
                cacheable = TRUE;
                justify = LEFT;
                visibility = TRUE;
                angle = 0;
                length = 3;
                sortdirection = NONE;
                fontname = "Courier New";
                fontcolor = 153;
                fonttype = 2;
                fontsize = 1;
                fontratio = 1;
                fontstyle = 0;
                fontslant = 0;
                pen = 0;
                oncombine = SUM;
            };

            valuefield _tmp_2803
            {
                name = "ValueField_16";
                location = (104, 0);
                formula = "GetValue(\"MAINPART.USERDEFINED.USER_FIELD_1\")";
                datatype = STRING;
                class = "";
                cacheable = TRUE;
                justify = LEFT;
                visibility = TRUE;
                angle = 0;
                length = 20;
                sortdirection = NONE;
                fontname = "Courier New";
                fontcolor = 153;
                fonttype = 2;
                fontsize = 1;
                fontratio = 1;
                fontstyle = 0;
                fontslant = 0;
                pen = 0;
                oncombine = NONE;
            };
        };

        row _tmp_2804
        {
            name = "Row_37";
            height = 3;
            visibility = TRUE;
            usecolumns = FALSE;
            rule = "if (GetValue(\"MATERIAL_TYPE\") != \"CONCRETE\" ) then\n  Output()\nelse\n  StepOver()\nendif\n";
            contenttype = "PART";
            sorttype = COMBINE;

            text _tmp_2805
            {
                name = "Text_20";
                x1 = 30;
                y1 = 0;
                x2 = 30;
                y2 = 0;
                string = "Name:";
                fontname = "Courier New";
                fontcolor = 162;
                fonttype = 2;
                fontsize = 2.38;
                fontratio = 1;
                fontslant = 0;
                fontstyle = 0;
                angle = 0;
                justify = LEFT;
                pen = 0;
            };

            text _tmp_2806
            {
                name = "Text_21";
                x1 = 71;
                y1 = 0;
                x2 = 71;
                y2 = 0;
                string = "Length(mm):";
                fontname = "Courier New";
                fontcolor = 162;
                fonttype = 2;
                fontsize = 2.38;
                fontratio = 1;
                fontslant = 0;
                fontstyle = 0;
                angle = 0;
                justify = LEFT;
                pen = 0;
            };

            text _tmp_2807
            {
                name = "Text_22";
                x1 = 22;
                y1 = 0;
                x2 = 22;
                y2 = 0;
                string = "Qty:";
                fontname = "Courier New";
                fontcolor = 162;
                fonttype = 2;
                fontsize = 1;
                fontratio = 1;
                fontslant = 0;
                fontstyle = 0;
                angle = 0;
                justify = LEFT;
                pen = 0;
            };

            text _tmp_2808
            {
                name = "Text_23";
                x1 = 42;
                y1 = 0;
                x2 = 42;
                y2 = 0;
                string = "Material:";
                fontname = "Courier New";
                fontcolor = 162;
                fonttype = 2;
                fontsize = 2.38;
                fontratio = 1;
                fontslant = 0;
                fontstyle = 0;
                angle = 0;
                justify = LEFT;
                pen = 0;
            };

            text _tmp_2809
            {
                name = "Text_24";
                x1 = 15;
                y1 = 1;
                x2 = 15;
                y2 = 1;
                string = "Free Parts:";
                fontname = "Courier New";
                fontcolor = 162;
                fonttype = 2;
                fontsize = 2.38;
                fontratio = 1;
                fontslant = 0;
                fontstyle = 0;
                angle = 0;
                justify = LEFT;
                pen = 0;
            };

            text _tmp_2810
            {
                name = "Text_25";
                x1 = 15;
                y1 = 2;
                x2 = 15;
                y2 = 2;
                string = "_____________________________________________________________________________________________________________________";
                fontname = "Courier New";
                fontcolor = 162;
                fonttype = 2;
                fontsize = 2.38;
                fontratio = 1;
                fontslant = 0;
                fontstyle = 0;
                angle = 0;
                justify = LEFT;
                pen = 0;
            };

            text _tmp_2811
            {
                name = "Text_26";
                x1 = 104;
                y1 = 0;
                x2 = 104;
                y2 = 0;
                string = "Description:";
                fontname = "Courier New";
                fontcolor = 162;
                fonttype = 2;
                fontsize = 2.38;
                fontratio = 1;
                fontslant = 0;
                fontstyle = 0;
                angle = 0;
                justify = LEFT;
                pen = 0;
            };

            text _tmp_2812
            {
                name = "Text_27";
                x1 = 54;
                y1 = 0;
                x2 = 54;
                y2 = 0;
                string = "Profile:";
                fontname = "Courier New";
                fontcolor = 162;
                fonttype = 2;
                fontsize = 2.38;
                fontratio = 1;
                fontslant = 0;
                fontstyle = 0;
                angle = 0;
                justify = LEFT;
                pen = 0;
            };

            text _tmp_2813
            {
                name = "Text_28";
                x1 = 83;
                y1 = 0;
                x2 = 83;
                y2 = 0;
                string = "Finish:";
                fontname = "Courier New";
                fontcolor = 162;
                fonttype = 2;
                fontsize = 2.38;
                fontratio = 1;
                fontslant = 0;
                fontstyle = 0;
                angle = 0;
                justify = LEFT;
                pen = 0;
            };

            text _tmp_2814
            {
                name = "Text_29";
                x1 = 95;
                y1 = 0;
                x2 = 95;
                y2 = 0;
                string = "Class:";
                fontname = "Courier New";
                fontcolor = 162;
                fonttype = 2;
                fontsize = 2.38;
                fontratio = 1;
                fontslant = 0;
                fontstyle = 0;
                angle = 0;
                justify = LEFT;
                pen = 0;
            };
        };

        row _tmp_2815
        {
            name = "Row_55";
            height = 1;
            visibility = TRUE;
            usecolumns = FALSE;
            rule = "if (GetValue(\"MATERIAL_TYPE\") != \"CONCRETE\" ) then\n  Output()\nelse\n  StepOver()\nendif\n";
            contenttype = "PART";
            sorttype = COMBINE;

            valuefield _tmp_2816
            {
                name = "ValueField_17";
                location = (29, 0);
                formula = "GetValue(\"NAME\")";
                datatype = STRING;
                class = "";
                cacheable = TRUE;
                justify = LEFT;
                visibility = TRUE;
                angle = 0;
                length = 10;
                sortdirection = ASCENDING;
                fontname = "Courier New";
                fontcolor = 153;
                fonttype = 2;
                fontsize = 1;
                fontratio = 1;
                fontstyle = 0;
                fontslant = 0;
                pen = 0;
                oncombine = NONE;
            };

            valuefield _tmp_2817
            {
                name = "ValueField_18";
                location = (42, 0);
                formula = "GetValue(\"MATERIAL\")";
                datatype = STRING;
                class = "";
                cacheable = TRUE;
                justify = LEFT;
                visibility = TRUE;
                angle = 0;
                length = 7;
                sortdirection = ASCENDING;
                fontname = "Courier New";
                fontcolor = 153;
                fonttype = 2;
                fontsize = 1;
                fontratio = 1;
                fontstyle = 0;
                fontslant = 0;
                pen = 0;
                oncombine = NONE;
            };

            valuefield _tmp_2818
            {
                name = "ValueField_19";
                location = (53, 0);
                formula = "GetValue(\"PROFILE\")";
                datatype = STRING;
                class = "";
                cacheable = TRUE;
                justify = LEFT;
                visibility = TRUE;
                angle = 0;
                length = 14;
                sortdirection = ASCENDING;
                fontname = "Courier New";
                fontcolor = 153;
                fonttype = 2;
                fontsize = 1;
                fontratio = 1;
                fontstyle = 0;
                fontslant = 0;
                pen = 0;
                oncombine = NONE;
            };

            valuefield _tmp_2819
            {
                name = "ValueField_20";
                location = (69, 0);
                formula = "GetValue(\"MAINPART.LENGTH\")";
                datatype = DOUBLE;
                class = "Length";
                cacheable = TRUE;
                justify = RIGHT;
                visibility = TRUE;
                angle = 0;
                length = 12;
                decimals = 0;
                sortdirection = ASCENDING;
                fontname = "Courier New";
                fontcolor = 153;
                fonttype = 2;
                fontsize = 1;
                fontratio = 1;
                fontstyle = 0;
                fontslant = 0;
                pen = 0;
                oncombine = NONE;
                unit = "mm";
            };

            valuefield _tmp_2820
            {
                name = "ValueField_21";
                location = (83, 0);
                formula = "GetValue(\"MAINPART.FINISH\")";
                datatype = STRING;
                class = "";
                cacheable = TRUE;
                justify = LEFT;
                visibility = TRUE;
                angle = 0;
                length = 10;
                sortdirection = ASCENDING;
                fontname = "Courier New";
                fontcolor = 153;
                fonttype = 2;
                fontsize = 1;
                fontratio = 1;
                fontstyle = 0;
                fontslant = 0;
                pen = 0;
                oncombine = NONE;
            };

            valuefield _tmp_2821
            {
                name = "ValueField_22";
                location = (95, 0);
                formula = "GetValue(\"MAINPART.CLASS_ATTR\")";
                datatype = STRING;
                class = "";
                cacheable = TRUE;
                justify = LEFT;
                visibility = TRUE;
                angle = 0;
                length = 6;
                sortdirection = ASCENDING;
                fontname = "Courier New";
                fontcolor = 153;
                fonttype = 2;
                fontsize = 1;
                fontratio = 1;
                fontstyle = 0;
                fontslant = 0;
                pen = 0;
                oncombine = NONE;
            };

            valuefield _tmp_2822
            {
                name = "ValueField_23";
                location = (22, 0);
                formula = "GetValue(\"NUMBER\")";
                datatype = INTEGER;
                class = "";
                cacheable = TRUE;
                justify = LEFT;
                visibility = TRUE;
                angle = 0;
                length = 3;
                sortdirection = NONE;
                fontname = "Courier New";
                fontcolor = 153;
                fonttype = 2;
                fontsize = 1;
                fontratio = 1;
                fontstyle = 0;
                fontslant = 0;
                pen = 0;
                oncombine = SUM;
            };

            valuefield _tmp_2823
            {
                name = "ValueField_24";
                location = (104, 0);
                formula = "GetValue(\"USERDEFINED.USER_FIELD_1\")";
                datatype = STRING;
                class = "";
                cacheable = TRUE;
                justify = LEFT;
                visibility = TRUE;
                angle = 0;
                length = 20;
                sortdirection = NONE;
                fontname = "Courier New";
                fontcolor = 153;
                fonttype = 2;
                fontsize = 1;
                fontratio = 1;
                fontstyle = 0;
                fontslant = 0;
                pen = 0;
                oncombine = NONE;
            };
        };

        row _tmp_2824
        {
            name = "Row_73";
            height = 3;
            visibility = FALSE;
            usecolumns = FALSE;
            rule = "";
            contenttype = "PART";
            sorttype = COMBINE;

            row _tmp_2825
            {
                name = "Row_91";
                height = 3;
                visibility = TRUE;
                usecolumns = FALSE;
                rule = "if (GetValue(\"SHAPE\") == \"STR\") then\r\n  Output()\r\nelse\r\n  StepOver()\r\nendif\r\n";
                contenttype = "REBAR";
                sorttype = COMBINE;

                text _tmp_2826
                {
                    name = "Text_30";
                    x1 = 15;
                    y1 = 2;
                    x2 = 15;
                    y2 = 2;
                    string = "_____________________________________________________________________________________";
                    fontname = "Courier New";
                    fontcolor = 162;
                    fonttype = 2;
                    fontsize = 2.38;
                    fontratio = 1;
                    fontslant = 0;
                    fontstyle = 0;
                    angle = 0;
                    justify = LEFT;
                    pen = 0;
                };

                text _tmp_2827
                {
                    name = "Text_31";
                    x1 = 45;
                    y1 = 0;
                    x2 = 45;
                    y2 = 0;
                    string = "Size:";
                    fontname = "Courier New";
                    fontcolor = 162;
                    fonttype = 2;
                    fontsize = 2.38;
                    fontratio = 1;
                    fontslant = 0;
                    fontstyle = 0;
                    angle = 0;
                    justify = LEFT;
                    pen = 0;
                };

                text _tmp_2828
                {
                    name = "Text_32";
                    x1 = 15;
                    y1 = 1;
                    x2 = 15;
                    y2 = 1;
                    string = "Straight Rebar List:";
                    fontname = "Courier New";
                    fontcolor = 162;
                    fonttype = 2;
                    fontsize = 2.38;
                    fontratio = 1;
                    fontslant = 0;
                    fontstyle = 0;
                    angle = 0;
                    justify = LEFT;
                    pen = 0;
                };

                text _tmp_2829
                {
                    name = "Text_34";
                    x1 = 22;
                    y1 = 0;
                    x2 = 22;
                    y2 = 0;
                    string = "Qty:";
                    fontname = "Courier New";
                    fontcolor = 162;
                    fonttype = 2;
                    fontsize = 1;
                    fontratio = 1;
                    fontslant = 0;
                    fontstyle = 0;
                    angle = 0;
                    justify = LEFT;
                    pen = 0;
                };

                text _tmp_2830
                {
                    name = "Text_36";
                    x1 = 52;
                    y1 = 0;
                    x2 = 52;
                    y2 = 0;
                    string = "Length(mm):";
                    fontname = "Courier New";
                    fontcolor = 162;
                    fonttype = 2;
                    fontsize = 2.38;
                    fontratio = 1;
                    fontslant = 0;
                    fontstyle = 0;
                    angle = 0;
                    justify = LEFT;
                    pen = 0;
                };

                text _tmp_2831
                {
                    name = "Text_37";
                    x1 = 33;
                    y1 = 0;
                    x2 = 33;
                    y2 = 0;
                    string = "Grade:";
                    fontname = "Courier New";
                    fontcolor = 162;
                    fonttype = 2;
                    fontsize = 2.38;
                    fontratio = 1;
                    fontslant = 0;
                    fontstyle = 0;
                    angle = 0;
                    justify = LEFT;
                    pen = 0;
                };

                text _tmp_2832
                {
                    name = "Text_38";
                    x1 = 65;
                    y1 = 0;
                    x2 = 65;
                    y2 = 0;
                    string = "Length(mm):";
                    fontname = "Courier New";
                    fontcolor = 162;
                    fonttype = 2;
                    fontsize = 2.38;
                    fontratio = 1;
                    fontslant = 0;
                    fontstyle = 0;
                    angle = 0;
                    justify = LEFT;
                    pen = 0;
                };

                text _tmp_2833
                {
                    name = "Text_39";
                    x1 = 65;
                    y1 = 1;
                    x2 = 65;
                    y2 = 1;
                    string = "Total";
                    fontname = "Courier New";
                    fontcolor = 162;
                    fonttype = 2;
                    fontsize = 2.38;
                    fontratio = 1;
                    fontslant = 0;
                    fontstyle = 0;
                    angle = 0;
                    justify = LEFT;
                    pen = 0;
                };

                text _tmp_2834
                {
                    name = "Text_40";
                    x1 = 79;
                    y1 = 1;
                    x2 = 79;
                    y2 = 1;
                    string = "Total";
                    fontname = "Courier New";
                    fontcolor = 162;
                    fonttype = 2;
                    fontsize = 2.38;
                    fontratio = 1;
                    fontslant = 0;
                    fontstyle = 0;
                    angle = 0;
                    justify = LEFT;
                    pen = 0;
                };

                text _tmp_2835
                {
                    name = "Text_41";
                    x1 = 79;
                    y1 = 0;
                    x2 = 79;
                    y2 = 0;
                    string = "Weight(kg):";
                    fontname = "Courier New";
                    fontcolor = 162;
                    fonttype = 2;
                    fontsize = 2.38;
                    fontratio = 1;
                    fontslant = 0;
                    fontstyle = 0;
                    angle = 0;
                    justify = LEFT;
                    pen = 0;
                };
            };

            row _tmp_2836
            {
                name = "Row_92";
                height = 1;
                visibility = TRUE;
                usecolumns = FALSE;
                rule = "if (GetValue(\"SHAPE\") == \"STR\" &&GetValue(\"GROUP_TYPE\") == 0) then\r\n  Output()\r\nelse\r\n  StepOver()\r\nendif\r\n";
                contenttype = "REBAR";
                sorttype = COMBINE;

                valuefield _tmp_2837
                {
                    name = "ValueField_25";
                    location = (33, 0);
                    formula = "GetValue(\"GRADE\")";
                    datatype = STRING;
                    class = "";
                    cacheable = TRUE;
                    justify = LEFT;
                    visibility = TRUE;
                    angle = 0;
                    length = 7;
                    decimals = 0;
                    sortdirection = ASCENDING;
                    fontname = "Courier New";
                    fontcolor = 153;
                    fonttype = 2;
                    fontsize = 1;
                    fontratio = 1;
                    fontstyle = 0;
                    fontslant = 0;
                    pen = 0;
                    oncombine = NONE;
                };

                valuefield _tmp_2838
                {
                    name = "ValueField_26";
                    location = (44, 0);
                    formula = "GetValue(\"SIZE\")";
                    datatype = STRING;
                    class = "";
                    cacheable = TRUE;
                    justify = CENTERED;
                    visibility = TRUE;
                    angle = 0;
                    length = 6;
                    decimals = 0;
                    sortdirection = ASCENDING;
                    fontname = "Courier New";
                    fontcolor = 153;
                    fonttype = 2;
                    fontsize = 1;
                    fontratio = 1;
                    fontstyle = 0;
                    fontslant = 0;
                    pen = 0;
                    oncombine = NONE;
                };

                valuefield _tmp_2839
                {
                    name = "ValueField_27";
                    location = (53, 0);
                    formula = "GetValue(\"LENGTH\")";
                    datatype = DOUBLE;
                    class = "Length";
                    cacheable = TRUE;
                    justify = RIGHT;
                    visibility = TRUE;
                    angle = 0;
                    length = 8;
                    decimals = 0;
                    sortdirection = ASCENDING;
                    fontname = "Courier New";
                    fontcolor = 153;
                    fonttype = 2;
                    fontsize = 1;
                    fontratio = 1;
                    fontstyle = 0;
                    fontslant = 0;
                    pen = 0;
                    oncombine = NONE;
                    unit = "mm";
                };

                valuefield _tmp_2840
                {
                    name = "ValueField_28";
                    location = (22, 0);
                    formula = "GetValue(\"NUMBER\")";
                    datatype = INTEGER;
                    class = "";
                    cacheable = TRUE;
                    justify = RIGHT;
                    visibility = TRUE;
                    angle = 0;
                    length = 3;
                    decimals = 0;
                    sortdirection = NONE;
                    fontname = "Courier New";
                    fontcolor = 153;
                    fonttype = 2;
                    fontsize = 1;
                    fontratio = 1;
                    fontstyle = 0;
                    fontslant = 0;
                    pen = 0;
                    oncombine = SUM;
                };

                valuefield _tmp_2841
                {
                    name = "ValueField_29";
                    location = (64, 0);
                    formula = "GetValue(\"LENGTH\")*GetValue(\"NUMBER\")";
                    datatype = DOUBLE;
                    class = "Length";
                    cacheable = TRUE;
                    justify = RIGHT;
                    visibility = TRUE;
                    angle = 0;
                    length = 10;
                    decimals = 0;
                    sortdirection = NONE;
                    fontname = "Courier New";
                    fontcolor = 153;
                    fonttype = 2;
                    fontsize = 1;
                    fontratio = 1;
                    fontstyle = 0;
                    fontslant = 0;
                    pen = 0;
                    oncombine = SUM;
                    unit = "mm";
                };

                valuefield _tmp_2842
                {
                    name = "ValueField_30";
                    location = (80, 0);
                    formula = "GetValue(\"WEIGHT_TOTAL\")";
                    datatype = DOUBLE;
                    class = "Weight";
                    cacheable = TRUE;
                    justify = RIGHT;
                    visibility = TRUE;
                    angle = 0;
                    length = 8;
                    decimals = 0;
                    sortdirection = NONE;
                    fontname = "Courier New";
                    fontcolor = 153;
                    fonttype = 2;
                    fontsize = 1;
                    fontratio = 1;
                    fontstyle = 0;
                    fontslant = 0;
                    pen = 0;
                    oncombine = SUM;
                    unit = "kg";
                };

                valuefield _tmp_2843
                {
                    name = "ValueField_31";
                    location = (16, 0);
                    formula = "GetValue(\"GROUP_TYPE\")";
                    datatype = INTEGER;
                    class = "";
                    cacheable = TRUE;
                    justify = LEFT;
                    visibility = FALSE;
                    angle = 0;
                    length = 2;
                    decimals = 0;
                    sortdirection = ASCENDING;
                    fontname = "Courier New";
                    fontcolor = 153;
                    fonttype = 2;
                    fontsize = 0.8;
                    fontratio = 0.75;
                    fontstyle = 0;
                    fontslant = 0;
                    pen = 0;
                    oncombine = NONE;
                };
            };

            row _tmp_2844
            {
                name = "Row_93";
                height = 1;
                visibility = TRUE;
                usecolumns = FALSE;
                rule = "if (GetValue(\"SHAPE\") == \"STR\" &&GetValue(\"GROUP_TYPE\") >= 1 &&GetValue(\"GRADE\") != \"WFP\") then\r\n  Output()\r\nelse\r\n  StepOver()\r\nendif\r\n";
                contenttype = "REBAR";
                sorttype = COMBINE;

                valuefield _tmp_2845
                {
                    name = "ValueField_32";
                    location = (33, 0);
                    formula = "GetValue(\"GRADE\")";
                    datatype = STRING;
                    class = "";
                    cacheable = TRUE;
                    justify = LEFT;
                    visibility = TRUE;
                    angle = 0;
                    length = 7;
                    decimals = 0;
                    sortdirection = ASCENDING;
                    fontname = "Courier New";
                    fontcolor = 153;
                    fonttype = 2;
                    fontsize = 1;
                    fontratio = 1;
                    fontstyle = 0;
                    fontslant = 0;
                    pen = 0;
                    oncombine = NONE;
                };

                valuefield _tmp_2846
                {
                    name = "ValueField_33";
                    location = (44, 0);
                    formula = "GetValue(\"SIZE\")";
                    datatype = STRING;
                    class = "";
                    cacheable = TRUE;
                    justify = CENTERED;
                    visibility = TRUE;
                    angle = 0;
                    length = 6;
                    decimals = 0;
                    sortdirection = ASCENDING;
                    fontname = "Courier New";
                    fontcolor = 153;
                    fonttype = 2;
                    fontsize = 1;
                    fontratio = 1;
                    fontstyle = 0;
                    fontslant = 0;
                    pen = 0;
                    oncombine = NONE;
                };

                valuefield _tmp_2847
                {
                    name = "ValueField_34";
                    location = (22, 0);
                    formula = "GetValue(\"NUMBER\")";
                    datatype = INTEGER;
                    class = "";
                    cacheable = TRUE;
                    justify = RIGHT;
                    visibility = TRUE;
                    angle = 0;
                    length = 3;
                    decimals = 0;
                    sortdirection = NONE;
                    fontname = "Courier New";
                    fontcolor = 153;
                    fonttype = 2;
                    fontsize = 1;
                    fontratio = 1;
                    fontstyle = 0;
                    fontslant = 0;
                    pen = 0;
                    oncombine = SUM;
                };

                valuefield _tmp_2848
                {
                    name = "ValueField_35";
                    location = (80, 0);
                    formula = "GetValue(\"WEIGHT_TOTAL\")";
                    datatype = DOUBLE;
                    class = "Weight";
                    cacheable = TRUE;
                    justify = RIGHT;
                    visibility = TRUE;
                    angle = 0;
                    length = 8;
                    decimals = 0;
                    sortdirection = NONE;
                    fontname = "Courier New";
                    fontcolor = 153;
                    fonttype = 2;
                    fontsize = 1;
                    fontratio = 1;
                    fontstyle = 0;
                    fontslant = 0;
                    pen = 0;
                    oncombine = SUM;
                    unit = "kg";
                };

                valuefield _tmp_2849
                {
                    name = "ValueField_36";
                    location = (16, 0);
                    formula = "GetValue(\"GROUP_TYPE\")";
                    datatype = INTEGER;
                    class = "";
                    cacheable = TRUE;
                    justify = LEFT;
                    visibility = FALSE;
                    angle = 0;
                    length = 2;
                    decimals = 0;
                    sortdirection = ASCENDING;
                    fontname = "Courier New";
                    fontcolor = 153;
                    fonttype = 2;
                    fontsize = 0.8;
                    fontratio = 0.75;
                    fontstyle = 0;
                    fontslant = 0;
                    pen = 0;
                    oncombine = NONE;
                };

                text _tmp_2850
                {
                    name = "Text_42";
                    x1 = 51;
                    y1 = 0;
                    x2 = 51;
                    y2 = 0;
                    string = "L MIN";
                    fontname = "Courier New";
                    fontcolor = 153;
                    fonttype = 2;
                    fontsize = 0.8;
                    fontratio = 0.75;
                    fontslant = 0;
                    fontstyle = 0;
                    angle = 0;
                    justify = LEFT;
                    pen = 0;
                };

                valuefield _tmp_2851
                {
                    name = "ValueField_37";
                    location = (57, 0);
                    formula = "GetValue(\"LENGTH_MIN\")";
                    datatype = DOUBLE;
                    class = "Length";
                    cacheable = TRUE;
                    justify = LEFT;
                    visibility = TRUE;
                    angle = 0;
                    length = 7;
                    decimals = 1;
                    sortdirection = ASCENDING;
                    fontname = "Courier New";
                    fontcolor = 153;
                    fonttype = 2;
                    fontsize = 0.8;
                    fontratio = 0.75;
                    fontstyle = 0;
                    fontslant = 0;
                    pen = 0;
                    oncombine = NONE;
                    unit = "mm";
                };

                text _tmp_2852
                {
                    name = "Text_43";
                    x1 = 64;
                    y1 = 0;
                    x2 = 64;
                    y2 = 0;
                    string = "-";
                    fontname = "Courier New";
                    fontcolor = 153;
                    fonttype = 2;
                    fontsize = 0.8;
                    fontratio = 0.75;
                    fontslant = 0;
                    fontstyle = 0;
                    angle = 0;
                    justify = LEFT;
                    pen = 0;
                };

                text _tmp_2853
                {
                    name = "Text_44";
                    x1 = 66;
                    y1 = 0;
                    x2 = 66;
                    y2 = 0;
                    string = "L MAX";
                    fontname = "Courier New";
                    fontcolor = 153;
                    fonttype = 2;
                    fontsize = 0.8;
                    fontratio = 0.75;
                    fontslant = 0;
                    fontstyle = 0;
                    angle = 0;
                    justify = LEFT;
                    pen = 0;
                };

                valuefield _tmp_2854
                {
                    name = "ValueField_38";
                    location = (72, 0);
                    formula = "GetValue(\"LENGTH_MAX\")";
                    datatype = DOUBLE;
                    class = "Length";
                    cacheable = TRUE;
                    justify = LEFT;
                    visibility = TRUE;
                    angle = 0;
                    length = 7;
                    decimals = 1;
                    sortdirection = NONE;
                    fontname = "Courier New";
                    fontcolor = 153;
                    fonttype = 2;
                    fontsize = 0.8;
                    fontratio = 0.75;
                    fontstyle = 0;
                    fontslant = 0;
                    pen = 0;
                    oncombine = NONE;
                    unit = "mm";
                };

                row _tmp_2855
                {
                    name = "Row_94";
                    height = 1;
                    visibility = TRUE;
                    usecolumns = FALSE;
                    rule = "";
                    contenttype = "SINGLE_REBAR";
                    sorttype = COMBINE;

                    valuefield _tmp_2856
                    {
                        name = "ValueField_39";
                        location = (44, 0);
                        formula = "GetValue(\"REBAR.SIZE\")";
                        datatype = STRING;
                        class = "";
                        cacheable = TRUE;
                        justify = CENTERED;
                        visibility = TRUE;
                        angle = 0;
                        length = 6;
                        decimals = 0;
                        sortdirection = ASCENDING;
                        fontname = "Courier New";
                        fontcolor = 153;
                        fonttype = 2;
                        fontsize = 1;
                        fontratio = 1;
                        fontstyle = 0;
                        fontslant = 0;
                        pen = 0;
                        oncombine = NONE;
                    };

                    valuefield _tmp_2857
                    {
                        name = "ValueField_40";
                        location = (53, 0);
                        formula = "GetValue(\"LENGTH\")";
                        datatype = DOUBLE;
                        class = "Length";
                        cacheable = TRUE;
                        justify = RIGHT;
                        visibility = TRUE;
                        angle = 0;
                        length = 8;
                        decimals = 0;
                        sortdirection = ASCENDING;
                        fontname = "Courier New";
                        fontcolor = 153;
                        fonttype = 2;
                        fontsize = 1;
                        fontratio = 1;
                        fontstyle = 0;
                        fontslant = 0;
                        pen = 0;
                        oncombine = NONE;
                        unit = "mm";
                    };

                    valuefield _tmp_2858
                    {
                        name = "ValueField_352";
                        location = (22, 0);
                        formula = "GetValue(\"NUMBER\")";
                        datatype = INTEGER;
                        class = "";
                        cacheable = TRUE;
                        justify = RIGHT;
                        visibility = TRUE;
                        angle = 0;
                        length = 3;
                        decimals = 0;
                        sortdirection = NONE;
                        fontname = "Courier New";
                        fontcolor = 153;
                        fonttype = 2;
                        fontsize = 1;
                        fontratio = 1;
                        fontstyle = 0;
                        fontslant = 0;
                        pen = 0;
                        oncombine = SUM;
                    };

                    valuefield _tmp_2859
                    {
                        name = "ValueField_426";
                        location = (64, 0);
                        formula = "GetValue(\"LENGTH\")*GetValue(\"NUMBER\")";
                        datatype = DOUBLE;
                        class = "Length";
                        cacheable = TRUE;
                        justify = RIGHT;
                        visibility = TRUE;
                        angle = 0;
                        length = 10;
                        decimals = 0;
                        sortdirection = NONE;
                        fontname = "Courier New";
                        fontcolor = 153;
                        fonttype = 2;
                        fontsize = 1;
                        fontratio = 1;
                        fontstyle = 0;
                        fontslant = 0;
                        pen = 0;
                        oncombine = SUM;
                        unit = "mm";
                    };

                    valuefield _tmp_2860
                    {
                        name = "ValueField_427";
                        location = (80, 0);
                        formula = "GetValue(\"WEIGHT_TOTAL\")";
                        datatype = DOUBLE;
                        class = "Weight";
                        cacheable = TRUE;
                        justify = RIGHT;
                        visibility = TRUE;
                        angle = 0;
                        length = 8;
                        decimals = 0;
                        sortdirection = NONE;
                        fontname = "Courier New";
                        fontcolor = 153;
                        fonttype = 2;
                        fontsize = 1;
                        fontratio = 1;
                        fontstyle = 0;
                        fontslant = 0;
                        pen = 0;
                        oncombine = SUM;
                        unit = "kg";
                    };

                    valuefield _tmp_2861
                    {
                        name = "ValueField_428";
                        location = (16, 0);
                        formula = "GetValue(\"GROUP_TYPE\")";
                        datatype = INTEGER;
                        class = "";
                        cacheable = TRUE;
                        justify = LEFT;
                        visibility = FALSE;
                        angle = 0;
                        length = 2;
                        decimals = 0;
                        sortdirection = ASCENDING;
                        fontname = "Courier New";
                        fontcolor = 153;
                        fonttype = 2;
                        fontsize = 0.8;
                        fontratio = 0.75;
                        fontstyle = 0;
                        fontslant = 0;
                        pen = 0;
                        oncombine = NONE;
                    };
                };
            };

            row _tmp_2862
            {
                name = "Row_95";
                height = 3;
                visibility = TRUE;
                usecolumns = FALSE;
                rule = "if (GetValue(\"SHAPE\") != \"STR\") then\r\n  Output()\r\nelse\r\n  StepOver()\r\nendif";
                contenttype = "REBAR";
                sorttype = COMBINE;

                text _tmp_2863
                {
                    name = "Text_45";
                    x1 = 15;
                    y1 = 1;
                    x2 = 15;
                    y2 = 1;
                    string = "Bent Rebar List:";
                    fontname = "Courier New";
                    fontcolor = 162;
                    fonttype = 2;
                    fontsize = 2.38;
                    fontratio = 1;
                    fontslant = 0;
                    fontstyle = 0;
                    angle = 0;
                    justify = LEFT;
                    pen = 0;
                };

                text _tmp_2864
                {
                    name = "Text_46";
                    x1 = 15;
                    y1 = 2;
                    x2 = 15;
                    y2 = 2;
                    string = "_____________________________________________________________________________________";
                    fontname = "Courier New";
                    fontcolor = 162;
                    fonttype = 2;
                    fontsize = 2.38;
                    fontratio = 1;
                    fontslant = 0;
                    fontstyle = 0;
                    angle = 0;
                    justify = LEFT;
                    pen = 0;
                };

                text _tmp_2865
                {
                    name = "Text_47";
                    x1 = 27;
                    y1 = 0;
                    x2 = 27;
                    y2 = 0;
                    string = "Typ:";
                    fontname = "Courier New";
                    fontcolor = 162;
                    fonttype = 2;
                    fontsize = 1;
                    fontratio = 1;
                    fontslant = 0;
                    fontstyle = 0;
                    angle = 0;
                    justify = LEFT;
                    pen = 0;
                };

                text _tmp_2866
                {
                    name = "Text_48";
                    x1 = 22;
                    y1 = 0;
                    x2 = 22;
                    y2 = 0;
                    string = "Qty:";
                    fontname = "Courier New";
                    fontcolor = 162;
                    fonttype = 2;
                    fontsize = 1;
                    fontratio = 1;
                    fontslant = 0;
                    fontstyle = 0;
                    angle = 0;
                    justify = LEFT;
                    pen = 0;
                };

                text _tmp_2867
                {
                    name = "Text_49";
                    x1 = 33;
                    y1 = 0;
                    x2 = 33;
                    y2 = 0;
                    string = "Grade:";
                    fontname = "Courier New";
                    fontcolor = 162;
                    fonttype = 2;
                    fontsize = 2.38;
                    fontratio = 1;
                    fontslant = 0;
                    fontstyle = 0;
                    angle = 0;
                    justify = LEFT;
                    pen = 0;
                };

                text _tmp_2868
                {
                    name = "Text_50";
                    x1 = 45;
                    y1 = 0;
                    x2 = 45;
                    y2 = 0;
                    string = "Size:";
                    fontname = "Courier New";
                    fontcolor = 162;
                    fonttype = 2;
                    fontsize = 2.38;
                    fontratio = 1;
                    fontslant = 0;
                    fontstyle = 0;
                    angle = 0;
                    justify = LEFT;
                    pen = 0;
                };

                text _tmp_2869
                {
                    name = "Text_51";
                    x1 = 52;
                    y1 = 0;
                    x2 = 52;
                    y2 = 0;
                    string = "Length(mm):";
                    fontname = "Courier New";
                    fontcolor = 162;
                    fonttype = 2;
                    fontsize = 2.38;
                    fontratio = 1;
                    fontslant = 0;
                    fontstyle = 0;
                    angle = 0;
                    justify = LEFT;
                    pen = 0;
                };

                text _tmp_2870
                {
                    name = "Text_52";
                    x1 = 65;
                    y1 = 1;
                    x2 = 65;
                    y2 = 1;
                    string = "Total";
                    fontname = "Courier New";
                    fontcolor = 162;
                    fonttype = 2;
                    fontsize = 2.38;
                    fontratio = 1;
                    fontslant = 0;
                    fontstyle = 0;
                    angle = 0;
                    justify = LEFT;
                    pen = 0;
                };

                text _tmp_2871
                {
                    name = "Text_53";
                    x1 = 65;
                    y1 = 0;
                    x2 = 65;
                    y2 = 0;
                    string = "Length(mm):";
                    fontname = "Courier New";
                    fontcolor = 162;
                    fonttype = 2;
                    fontsize = 2.38;
                    fontratio = 1;
                    fontslant = 0;
                    fontstyle = 0;
                    angle = 0;
                    justify = LEFT;
                    pen = 0;
                };

                text _tmp_2872
                {
                    name = "Text_54";
                    x1 = 79;
                    y1 = 1;
                    x2 = 79;
                    y2 = 1;
                    string = "Total";
                    fontname = "Courier New";
                    fontcolor = 162;
                    fonttype = 2;
                    fontsize = 2.38;
                    fontratio = 1;
                    fontslant = 0;
                    fontstyle = 0;
                    angle = 0;
                    justify = LEFT;
                    pen = 0;
                };

                text _tmp_2873
                {
                    name = "Text_55";
                    x1 = 79;
                    y1 = 0;
                    x2 = 79;
                    y2 = 0;
                    string = "Weight(kg):";
                    fontname = "Courier New";
                    fontcolor = 162;
                    fonttype = 2;
                    fontsize = 2.38;
                    fontratio = 1;
                    fontslant = 0;
                    fontstyle = 0;
                    angle = 0;
                    justify = LEFT;
                    pen = 0;
                };
            };

            row _tmp_2874
            {
                name = "Row_96";
                height = 1;
                visibility = TRUE;
                usecolumns = FALSE;
                rule = "if (GetValue(\"SHAPE\") != \"STR\" &&GetValue(\"GROUP_TYPE\") == 0) then\r\n  Output()\r\nelse\r\n  StepOver()\r\nendif\r\n\r\n\r\n";
                contenttype = "REBAR";
                sorttype = COMBINE;

                valuefield _tmp_2875
                {
                    name = "ValueField_429";
                    location = (33, 0);
                    formula = "GetValue(\"GRADE\")";
                    datatype = STRING;
                    class = "";
                    cacheable = TRUE;
                    justify = LEFT;
                    visibility = TRUE;
                    angle = 0;
                    length = 7;
                    decimals = 0;
                    sortdirection = ASCENDING;
                    fontname = "Courier New";
                    fontcolor = 153;
                    fonttype = 2;
                    fontsize = 1;
                    fontratio = 1;
                    fontstyle = 0;
                    fontslant = 0;
                    pen = 0;
                    oncombine = NONE;
                };

                valuefield _tmp_2876
                {
                    name = "ValueField_430";
                    location = (44, 0);
                    formula = "GetValue(\"SIZE\")";
                    datatype = STRING;
                    class = "";
                    cacheable = TRUE;
                    justify = CENTERED;
                    visibility = TRUE;
                    angle = 0;
                    length = 6;
                    decimals = 0;
                    sortdirection = ASCENDING;
                    fontname = "Courier New";
                    fontcolor = 153;
                    fonttype = 2;
                    fontsize = 1;
                    fontratio = 1;
                    fontstyle = 0;
                    fontslant = 0;
                    pen = 0;
                    oncombine = NONE;
                };

                valuefield _tmp_2877
                {
                    name = "ValueField_431";
                    location = (53, 0);
                    formula = "GetValue(\"LENGTH\")";
                    datatype = DOUBLE;
                    class = "Length";
                    cacheable = TRUE;
                    justify = RIGHT;
                    visibility = TRUE;
                    angle = 0;
                    length = 8;
                    decimals = 0;
                    sortdirection = ASCENDING;
                    fontname = "Courier New";
                    fontcolor = 153;
                    fonttype = 2;
                    fontsize = 1;
                    fontratio = 1;
                    fontstyle = 0;
                    fontslant = 0;
                    pen = 0;
                    oncombine = NONE;
                    unit = "mm";
                };

                valuefield _tmp_2878
                {
                    name = "ValueField_432";
                    location = (22, 0);
                    formula = "GetValue(\"NUMBER\")";
                    datatype = INTEGER;
                    class = "";
                    cacheable = TRUE;
                    justify = RIGHT;
                    visibility = TRUE;
                    angle = 0;
                    length = 3;
                    decimals = 0;
                    sortdirection = NONE;
                    fontname = "Courier New";
                    fontcolor = 153;
                    fonttype = 2;
                    fontsize = 1;
                    fontratio = 1;
                    fontstyle = 0;
                    fontslant = 0;
                    pen = 0;
                    oncombine = SUM;
                };

                valuefield _tmp_2879
                {
                    name = "ValueField_433";
                    location = (64, 0);
                    formula = "GetValue(\"LENGTH\")*GetValue(\"NUMBER\")";
                    datatype = DOUBLE;
                    class = "Length";
                    cacheable = TRUE;
                    justify = RIGHT;
                    visibility = TRUE;
                    angle = 0;
                    length = 10;
                    decimals = 0;
                    sortdirection = NONE;
                    fontname = "Courier New";
                    fontcolor = 153;
                    fonttype = 2;
                    fontsize = 1;
                    fontratio = 1;
                    fontstyle = 0;
                    fontslant = 0;
                    pen = 0;
                    oncombine = SUM;
                    unit = "mm";
                };

                valuefield _tmp_2880
                {
                    name = "ValueField_434";
                    location = (80, 0);
                    formula = "GetValue(\"WEIGHT_TOTAL\")";
                    datatype = DOUBLE;
                    class = "Weight";
                    cacheable = TRUE;
                    justify = RIGHT;
                    visibility = TRUE;
                    angle = 0;
                    length = 8;
                    decimals = 0;
                    sortdirection = NONE;
                    fontname = "Courier New";
                    fontcolor = 153;
                    fonttype = 2;
                    fontsize = 1;
                    fontratio = 1;
                    fontstyle = 0;
                    fontslant = 0;
                    pen = 0;
                    oncombine = SUM;
                    unit = "kg";
                };

                valuefield _tmp_2881
                {
                    name = "ValueField_435";
                    location = (16, 0);
                    formula = "GetValue(\"GROUP_TYPE\")";
                    datatype = INTEGER;
                    class = "";
                    cacheable = TRUE;
                    justify = LEFT;
                    visibility = FALSE;
                    angle = 0;
                    length = 2;
                    decimals = 0;
                    sortdirection = ASCENDING;
                    fontname = "Courier New";
                    fontcolor = 153;
                    fonttype = 2;
                    fontsize = 0.8;
                    fontratio = 0.75;
                    fontstyle = 0;
                    fontslant = 0;
                    pen = 0;
                    oncombine = NONE;
                };

                valuefield _tmp_2882
                {
                    name = "ValueField_436";
                    location = (27, 0);
                    formula = "GetValue(\"SHAPE\")";
                    datatype = STRING;
                    class = "";
                    cacheable = TRUE;
                    justify = RIGHT;
                    visibility = TRUE;
                    angle = 0;
                    length = 3;
                    decimals = 0;
                    sortdirection = NONE;
                    fontname = "Courier New";
                    fontcolor = 153;
                    fonttype = 2;
                    fontsize = 1;
                    fontratio = 1;
                    fontstyle = 0;
                    fontslant = 0;
                    pen = 0;
                    oncombine = NONE;
                };
            };

            row _tmp_2883
            {
                name = "Row_97";
                height = 1;
                visibility = TRUE;
                usecolumns = FALSE;
                rule = "if (GetValue(\"SHAPE\") != \"STR\" &&GetValue(\"GROUP_TYPE\") >= 1 &&GetValue(\"GRADE\") != \"WFP\") then\r\n  Output()\r\nelse\r\n  StepOver()\r\nendif\r\n";
                contenttype = "REBAR";
                sorttype = COMBINE;

                valuefield _tmp_2884
                {
                    name = "ValueField_437";
                    location = (33, 0);
                    formula = "GetValue(\"GRADE\")";
                    datatype = STRING;
                    class = "";
                    cacheable = TRUE;
                    justify = LEFT;
                    visibility = TRUE;
                    angle = 0;
                    length = 7;
                    decimals = 0;
                    sortdirection = ASCENDING;
                    fontname = "Courier New";
                    fontcolor = 153;
                    fonttype = 2;
                    fontsize = 1;
                    fontratio = 1;
                    fontstyle = 0;
                    fontslant = 0;
                    pen = 0;
                    oncombine = NONE;
                };

                valuefield _tmp_2885
                {
                    name = "ValueField_438";
                    location = (44, 0);
                    formula = "GetValue(\"SIZE\")";
                    datatype = STRING;
                    class = "";
                    cacheable = TRUE;
                    justify = CENTERED;
                    visibility = TRUE;
                    angle = 0;
                    length = 6;
                    decimals = 0;
                    sortdirection = ASCENDING;
                    fontname = "Courier New";
                    fontcolor = 153;
                    fonttype = 2;
                    fontsize = 1;
                    fontratio = 1;
                    fontstyle = 0;
                    fontslant = 0;
                    pen = 0;
                    oncombine = NONE;
                };

                valuefield _tmp_2886
                {
                    name = "ValueField_439";
                    location = (22, 0);
                    formula = "GetValue(\"NUMBER\")";
                    datatype = INTEGER;
                    class = "";
                    cacheable = TRUE;
                    justify = RIGHT;
                    visibility = TRUE;
                    angle = 0;
                    length = 3;
                    decimals = 0;
                    sortdirection = NONE;
                    fontname = "Courier New";
                    fontcolor = 153;
                    fonttype = 2;
                    fontsize = 1;
                    fontratio = 1;
                    fontstyle = 0;
                    fontslant = 0;
                    pen = 0;
                    oncombine = SUM;
                };

                valuefield _tmp_2887
                {
                    name = "ValueField_440";
                    location = (80, 0);
                    formula = "GetValue(\"WEIGHT_TOTAL\")";
                    datatype = DOUBLE;
                    class = "Weight";
                    cacheable = TRUE;
                    justify = RIGHT;
                    visibility = TRUE;
                    angle = 0;
                    length = 8;
                    decimals = 0;
                    sortdirection = NONE;
                    fontname = "Courier New";
                    fontcolor = 153;
                    fonttype = 2;
                    fontsize = 1;
                    fontratio = 1;
                    fontstyle = 0;
                    fontslant = 0;
                    pen = 0;
                    oncombine = SUM;
                    unit = "kg";
                };

                valuefield _tmp_2888
                {
                    name = "ValueField_441";
                    location = (16, 0);
                    formula = "GetValue(\"GROUP_TYPE\")";
                    datatype = INTEGER;
                    class = "";
                    cacheable = TRUE;
                    justify = LEFT;
                    visibility = FALSE;
                    angle = 0;
                    length = 2;
                    decimals = 0;
                    sortdirection = ASCENDING;
                    fontname = "Courier New";
                    fontcolor = 153;
                    fonttype = 2;
                    fontsize = 0.8;
                    fontratio = 0.75;
                    fontstyle = 0;
                    fontslant = 0;
                    pen = 0;
                    oncombine = NONE;
                };

                text _tmp_2889
                {
                    name = "Text_56";
                    x1 = 51;
                    y1 = 0;
                    x2 = 51;
                    y2 = 0;
                    string = "L MIN";
                    fontname = "Courier New";
                    fontcolor = 153;
                    fonttype = 2;
                    fontsize = 0.8;
                    fontratio = 0.75;
                    fontslant = 0;
                    fontstyle = 0;
                    angle = 0;
                    justify = LEFT;
                    pen = 0;
                };

                valuefield _tmp_2890
                {
                    name = "ValueField_442";
                    location = (57, 0);
                    formula = "GetValue(\"LENGTH_MIN\")";
                    datatype = DOUBLE;
                    class = "Length";
                    cacheable = TRUE;
                    justify = LEFT;
                    visibility = TRUE;
                    angle = 0;
                    length = 7;
                    decimals = 1;
                    sortdirection = ASCENDING;
                    fontname = "Courier New";
                    fontcolor = 153;
                    fonttype = 2;
                    fontsize = 0.8;
                    fontratio = 0.75;
                    fontstyle = 0;
                    fontslant = 0;
                    pen = 0;
                    oncombine = NONE;
                    unit = "mm";
                };

                text _tmp_2891
                {
                    name = "Text_57";
                    x1 = 64;
                    y1 = 0;
                    x2 = 64;
                    y2 = 0;
                    string = "-";
                    fontname = "Courier New";
                    fontcolor = 153;
                    fonttype = 2;
                    fontsize = 0.8;
                    fontratio = 0.75;
                    fontslant = 0;
                    fontstyle = 0;
                    angle = 0;
                    justify = LEFT;
                    pen = 0;
                };

                text _tmp_2892
                {
                    name = "Text_58";
                    x1 = 66;
                    y1 = 0;
                    x2 = 66;
                    y2 = 0;
                    string = "L MAX";
                    fontname = "Courier New";
                    fontcolor = 153;
                    fonttype = 2;
                    fontsize = 0.8;
                    fontratio = 0.75;
                    fontslant = 0;
                    fontstyle = 0;
                    angle = 0;
                    justify = LEFT;
                    pen = 0;
                };

                valuefield _tmp_2893
                {
                    name = "ValueField_443";
                    location = (72, 0);
                    formula = "GetValue(\"LENGTH_MAX\")";
                    datatype = DOUBLE;
                    class = "Length";
                    cacheable = TRUE;
                    justify = LEFT;
                    visibility = TRUE;
                    angle = 0;
                    length = 7;
                    decimals = 1;
                    sortdirection = NONE;
                    fontname = "Courier New";
                    fontcolor = 153;
                    fonttype = 2;
                    fontsize = 0.8;
                    fontratio = 0.75;
                    fontstyle = 0;
                    fontslant = 0;
                    pen = 0;
                    oncombine = NONE;
                    unit = "mm";
                };

                valuefield _tmp_2894
                {
                    name = "ValueField_444";
                    location = (27, 0);
                    formula = "GetValue(\"SHAPE\")";
                    datatype = STRING;
                    class = "";
                    cacheable = TRUE;
                    justify = RIGHT;
                    visibility = TRUE;
                    angle = 0;
                    length = 3;
                    decimals = 0;
                    sortdirection = NONE;
                    fontname = "Courier New";
                    fontcolor = 153;
                    fonttype = 2;
                    fontsize = 1;
                    fontratio = 1;
                    fontstyle = 0;
                    fontslant = 0;
                    pen = 0;
                    oncombine = NONE;
                };

                row _tmp_2895
                {
                    name = "Row_98";
                    height = 1;
                    visibility = TRUE;
                    usecolumns = FALSE;
                    rule = "";
                    contenttype = "SINGLE_REBAR";
                    sorttype = COMBINE;

                    valuefield _tmp_2896
                    {
                        name = "ValueField_445";
                        location = (44, 0);
                        formula = "GetValue(\"REBAR.SIZE\")";
                        datatype = STRING;
                        class = "";
                        cacheable = TRUE;
                        justify = CENTERED;
                        visibility = TRUE;
                        angle = 0;
                        length = 6;
                        decimals = 0;
                        sortdirection = ASCENDING;
                        fontname = "Courier New";
                        fontcolor = 153;
                        fonttype = 2;
                        fontsize = 1;
                        fontratio = 1;
                        fontstyle = 0;
                        fontslant = 0;
                        pen = 0;
                        oncombine = NONE;
                    };

                    valuefield _tmp_2897
                    {
                        name = "ValueField_446";
                        location = (53, 0);
                        formula = "GetValue(\"LENGTH\")";
                        datatype = DOUBLE;
                        class = "Length";
                        cacheable = TRUE;
                        justify = RIGHT;
                        visibility = TRUE;
                        angle = 0;
                        length = 8;
                        decimals = 0;
                        sortdirection = ASCENDING;
                        fontname = "Courier New";
                        fontcolor = 153;
                        fonttype = 2;
                        fontsize = 1;
                        fontratio = 1;
                        fontstyle = 0;
                        fontslant = 0;
                        pen = 0;
                        oncombine = NONE;
                        unit = "mm";
                    };

                    valuefield _tmp_2898
                    {
                        name = "ValueField_447";
                        location = (22, 0);
                        formula = "GetValue(\"NUMBER\")";
                        datatype = INTEGER;
                        class = "";
                        cacheable = TRUE;
                        justify = RIGHT;
                        visibility = TRUE;
                        angle = 0;
                        length = 3;
                        decimals = 0;
                        sortdirection = NONE;
                        fontname = "Courier New";
                        fontcolor = 153;
                        fonttype = 2;
                        fontsize = 1;
                        fontratio = 1;
                        fontstyle = 0;
                        fontslant = 0;
                        pen = 0;
                        oncombine = SUM;
                    };

                    valuefield _tmp_2899
                    {
                        name = "ValueField_448";
                        location = (64, 0);
                        formula = "GetValue(\"LENGTH\")*GetValue(\"NUMBER\")";
                        datatype = DOUBLE;
                        class = "Length";
                        cacheable = TRUE;
                        justify = RIGHT;
                        visibility = TRUE;
                        angle = 0;
                        length = 10;
                        decimals = 0;
                        sortdirection = NONE;
                        fontname = "Courier New";
                        fontcolor = 153;
                        fonttype = 2;
                        fontsize = 1;
                        fontratio = 1;
                        fontstyle = 0;
                        fontslant = 0;
                        pen = 0;
                        oncombine = SUM;
                        unit = "mm";
                    };

                    valuefield _tmp_2900
                    {
                        name = "ValueField_449";
                        location = (80, 0);
                        formula = "GetValue(\"WEIGHT_TOTAL\")";
                        datatype = DOUBLE;
                        class = "Weight";
                        cacheable = TRUE;
                        justify = RIGHT;
                        visibility = TRUE;
                        angle = 0;
                        length = 8;
                        decimals = 0;
                        sortdirection = NONE;
                        fontname = "Courier New";
                        fontcolor = 153;
                        fonttype = 2;
                        fontsize = 1;
                        fontratio = 1;
                        fontstyle = 0;
                        fontslant = 0;
                        pen = 0;
                        oncombine = SUM;
                        unit = "kg";
                    };

                    valuefield _tmp_2901
                    {
                        name = "ValueField_450";
                        location = (16, 0);
                        formula = "GetValue(\"GROUP_TYPE\")";
                        datatype = INTEGER;
                        class = "";
                        cacheable = TRUE;
                        justify = LEFT;
                        visibility = FALSE;
                        angle = 0;
                        length = 2;
                        decimals = 0;
                        sortdirection = ASCENDING;
                        fontname = "Courier New";
                        fontcolor = 153;
                        fonttype = 2;
                        fontsize = 0.8;
                        fontratio = 0.75;
                        fontstyle = 0;
                        fontslant = 0;
                        pen = 0;
                        oncombine = NONE;
                    };
                };
            };

            row _tmp_2902
            {
                name = "Row_99";
                height = 3;
                visibility = TRUE;
                usecolumns = FALSE;
                rule = "";
                contenttype = "STRAND";
                sorttype = COMBINE;

                text _tmp_2903
                {
                    name = "Text_59";
                    x1 = 15;
                    y1 = 2;
                    x2 = 15;
                    y2 = 2;
                    string = "_____________________________________________________________________________________";
                    fontname = "Courier New";
                    fontcolor = 162;
                    fonttype = 2;
                    fontsize = 2.38;
                    fontratio = 1;
                    fontslant = 0;
                    fontstyle = 0;
                    angle = 0;
                    justify = LEFT;
                    pen = 0;
                };

                text _tmp_2904
                {
                    name = "Text_60";
                    x1 = 15;
                    y1 = 1;
                    x2 = 15;
                    y2 = 1;
                    string = "Strand:";
                    fontname = "Courier New";
                    fontcolor = 162;
                    fonttype = 2;
                    fontsize = 2.38;
                    fontratio = 1;
                    fontslant = 0;
                    fontstyle = 0;
                    angle = 0;
                    justify = LEFT;
                    pen = 0;
                };

                text _tmp_2905
                {
                    name = "Text_61";
                    x1 = 33;
                    y1 = 0;
                    x2 = 33;
                    y2 = 0;
                    string = "Grade:";
                    fontname = "Courier New";
                    fontcolor = 162;
                    fonttype = 2;
                    fontsize = 2.38;
                    fontratio = 1;
                    fontslant = 0;
                    fontstyle = 0;
                    angle = 0;
                    justify = LEFT;
                    pen = 0;
                };

                text _tmp_2906
                {
                    name = "Text_62";
                    x1 = 22;
                    y1 = 0;
                    x2 = 22;
                    y2 = 0;
                    string = "Qty:";
                    fontname = "Courier New";
                    fontcolor = 162;
                    fonttype = 2;
                    fontsize = 1;
                    fontratio = 1;
                    fontslant = 0;
                    fontstyle = 0;
                    angle = 0;
                    justify = LEFT;
                    pen = 0;
                };

                text _tmp_2907
                {
                    name = "Text_63";
                    x1 = 52;
                    y1 = 0;
                    x2 = 52;
                    y2 = 0;
                    string = "Length(mm):";
                    fontname = "Courier New";
                    fontcolor = 162;
                    fonttype = 2;
                    fontsize = 2.38;
                    fontratio = 1;
                    fontslant = 0;
                    fontstyle = 0;
                    angle = 0;
                    justify = LEFT;
                    pen = 0;
                };

                text _tmp_2908
                {
                    name = "Text_64";
                    x1 = 94;
                    y1 = 0;
                    x2 = 94;
                    y2 = 0;
                    string = "Pi (KN):";
                    fontname = "Courier New";
                    fontcolor = 162;
                    fonttype = 2;
                    fontsize = 2.38;
                    fontratio = 1;
                    fontslant = 0;
                    fontstyle = 0;
                    angle = 0;
                    justify = LEFT;
                    pen = 0;
                };

                text _tmp_2909
                {
                    name = "Text_65";
                    x1 = 65;
                    y1 = 1;
                    x2 = 65;
                    y2 = 1;
                    string = "Total";
                    fontname = "Courier New";
                    fontcolor = 162;
                    fonttype = 2;
                    fontsize = 2.38;
                    fontratio = 1;
                    fontslant = 0;
                    fontstyle = 0;
                    angle = 0;
                    justify = LEFT;
                    pen = 0;
                };

                text _tmp_2910
                {
                    name = "Text_66";
                    x1 = 65;
                    y1 = 0;
                    x2 = 65;
                    y2 = 0;
                    string = "Length(mm):";
                    fontname = "Courier New";
                    fontcolor = 162;
                    fonttype = 2;
                    fontsize = 2.38;
                    fontratio = 1;
                    fontslant = 0;
                    fontstyle = 0;
                    angle = 0;
                    justify = LEFT;
                    pen = 0;
                };

                text _tmp_2911
                {
                    name = "Text_67";
                    x1 = 45;
                    y1 = 0;
                    x2 = 45;
                    y2 = 0;
                    string = "Size:";
                    fontname = "Courier New";
                    fontcolor = 162;
                    fonttype = 2;
                    fontsize = 2.38;
                    fontratio = 1;
                    fontslant = 0;
                    fontstyle = 0;
                    angle = 0;
                    justify = LEFT;
                    pen = 0;
                };

                text _tmp_2912
                {
                    name = "Text_68";
                    x1 = 79;
                    y1 = 1;
                    x2 = 79;
                    y2 = 1;
                    string = "Total";
                    fontname = "Courier New";
                    fontcolor = 162;
                    fonttype = 2;
                    fontsize = 2.38;
                    fontratio = 1;
                    fontslant = 0;
                    fontstyle = 0;
                    angle = 0;
                    justify = LEFT;
                    pen = 0;
                };

                text _tmp_2913
                {
                    name = "Text_69";
                    x1 = 79;
                    y1 = 0;
                    x2 = 79;
                    y2 = 0;
                    string = "Weight(kg):";
                    fontname = "Courier New";
                    fontcolor = 162;
                    fonttype = 2;
                    fontsize = 2.38;
                    fontratio = 1;
                    fontslant = 0;
                    fontstyle = 0;
                    angle = 0;
                    justify = LEFT;
                    pen = 0;
                };
            };

            row _tmp_2914
            {
                name = "Row_100";
                height = 1;
                visibility = TRUE;
                usecolumns = FALSE;
                rule = "";
                contenttype = "STRAND";
                sorttype = COMBINE;

                valuefield _tmp_2915
                {
                    name = "ValueField_451";
                    location = (33, 0);
                    formula = "GetValue(\"MATERIAL\")";
                    datatype = STRING;
                    class = "";
                    cacheable = TRUE;
                    justify = LEFT;
                    visibility = TRUE;
                    angle = 0;
                    length = 7;
                    decimals = 0;
                    sortdirection = ASCENDING;
                    fontname = "Courier New";
                    fontcolor = 153;
                    fonttype = 2;
                    fontsize = 1;
                    fontratio = 1;
                    fontstyle = 0;
                    fontslant = 0;
                    pen = 0;
                    oncombine = NONE;
                };

                valuefield _tmp_2916
                {
                    name = "ValueField_452";
                    location = (53, 0);
                    formula = "GetValue(\"LENGTH\")";
                    datatype = DOUBLE;
                    class = "Length";
                    cacheable = TRUE;
                    justify = RIGHT;
                    visibility = TRUE;
                    angle = 0;
                    length = 8;
                    decimals = 0;
                    sortdirection = ASCENDING;
                    fontname = "Courier New";
                    fontcolor = 153;
                    fonttype = 2;
                    fontsize = 1;
                    fontratio = 1;
                    fontstyle = 0;
                    fontslant = 0;
                    pen = 0;
                    oncombine = NONE;
                    unit = "mm";
                };

                valuefield _tmp_2917
                {
                    name = "ValueField_453";
                    location = (94, 0);
                    formula = "GetValue(\"STRAND_PULL_FORCE\")";
                    datatype = DOUBLE;
                    class = "Force";
                    cacheable = TRUE;
                    justify = RIGHT;
                    visibility = TRUE;
                    angle = 0;
                    length = 8;
                    decimals = 2;
                    sortdirection = ASCENDING;
                    fontname = "Courier New";
                    fontcolor = 153;
                    fonttype = 2;
                    fontsize = 1;
                    fontratio = 1;
                    fontstyle = 0;
                    fontslant = 0;
                    pen = 0;
                    oncombine = NONE;
                    unit = "kN";
                };

                valuefield _tmp_2918
                {
                    name = "ValueField_454";
                    location = (22, 0);
                    formula = "GetValue(\"NUMBER\")";
                    datatype = INTEGER;
                    class = "";
                    cacheable = TRUE;
                    justify = RIGHT;
                    visibility = TRUE;
                    angle = 0;
                    length = 3;
                    decimals = 0;
                    sortdirection = NONE;
                    fontname = "Courier New";
                    fontcolor = 153;
                    fonttype = 2;
                    fontsize = 1;
                    fontratio = 1;
                    fontstyle = 0;
                    fontslant = 0;
                    pen = 0;
                    oncombine = SUM;
                };

                valuefield _tmp_2919
                {
                    name = "ValueField_455";
                    location = (64, 0);
                    formula = "GetValue(\"NUMBER\")*GetValue(\"LENGTH\")";
                    datatype = DOUBLE;
                    class = "Length";
                    cacheable = TRUE;
                    justify = RIGHT;
                    visibility = TRUE;
                    angle = 0;
                    length = 10;
                    decimals = 0;
                    sortdirection = NONE;
                    fontname = "Courier New";
                    fontcolor = 153;
                    fonttype = 2;
                    fontsize = 1;
                    fontratio = 1;
                    fontstyle = 0;
                    fontslant = 0;
                    pen = 0;
                    oncombine = SUM;
                    unit = "mm";
                };

                valuefield _tmp_2920
                {
                    name = "ValueField_456";
                    location = (44, 0);
                    formula = "GetValue(\"SIZE\")";
                    datatype = STRING;
                    class = "";
                    cacheable = TRUE;
                    justify = CENTERED;
                    visibility = TRUE;
                    angle = 0;
                    length = 6;
                    decimals = 0;
                    sortdirection = ASCENDING;
                    fontname = "Courier New";
                    fontcolor = 153;
                    fonttype = 2;
                    fontsize = 1;
                    fontratio = 1;
                    fontstyle = 0;
                    fontslant = 0;
                    pen = 0;
                    oncombine = NONE;
                };

                valuefield _tmp_2921
                {
                    name = "ValueField_457";
                    location = (80, 0);
                    formula = "GetValue(\"WEIGHT_TOTAL\")";
                    datatype = DOUBLE;
                    class = "Weight";
                    cacheable = TRUE;
                    justify = RIGHT;
                    visibility = TRUE;
                    angle = 0;
                    length = 8;
                    decimals = 0;
                    sortdirection = NONE;
                    fontname = "Courier New";
                    fontcolor = 153;
                    fonttype = 2;
                    fontsize = 1;
                    fontratio = 1;
                    fontstyle = 0;
                    fontslant = 0;
                    pen = 0;
                    oncombine = SUM;
                    unit = "kg";
                };
            };

            row _tmp_2922
            {
                name = "Row_101";
                height = 3;
                visibility = TRUE;
                usecolumns = FALSE;
                rule = "if (GetValue(\"GRADE\") == \"WFP\") then\n  Output()\nelse\n  StepOver()\nendif\n";
                contenttype = "MESH";
                sorttype = COMBINE;

                text _tmp_2923
                {
                    name = "Text_70";
                    x1 = 15;
                    y1 = 2;
                    x2 = 15;
                    y2 = 2;
                    string = "_____________________________________________________________________________________";
                    fontname = "Courier New";
                    fontcolor = 162;
                    fonttype = 2;
                    fontsize = 2.38;
                    fontratio = 1;
                    fontslant = 0;
                    fontstyle = 0;
                    angle = 0;
                    justify = LEFT;
                    pen = 0;
                };

                text _tmp_2924
                {
                    name = "Text_71";
                    x1 = 15;
                    y1 = 1;
                    x2 = 15;
                    y2 = 1;
                    string = "Mesh:";
                    fontname = "Courier New";
                    fontcolor = 162;
                    fonttype = 2;
                    fontsize = 2.38;
                    fontratio = 1;
                    fontslant = 0;
                    fontstyle = 0;
                    angle = 0;
                    justify = LEFT;
                    pen = 0;
                };

                text _tmp_2925
                {
                    name = "Text_72";
                    x1 = 33;
                    y1 = 0;
                    x2 = 33;
                    y2 = 0;
                    string = "Grade:";
                    fontname = "Courier New";
                    fontcolor = 162;
                    fonttype = 2;
                    fontsize = 2.38;
                    fontratio = 1;
                    fontslant = 0;
                    fontstyle = 0;
                    angle = 0;
                    justify = LEFT;
                    pen = 0;
                };

                text _tmp_2926
                {
                    name = "Text_73";
                    x1 = 22;
                    y1 = 0;
                    x2 = 22;
                    y2 = 0;
                    string = "Qty:";
                    fontname = "Courier New";
                    fontcolor = 162;
                    fonttype = 2;
                    fontsize = 1;
                    fontratio = 1;
                    fontslant = 0;
                    fontstyle = 0;
                    angle = 0;
                    justify = LEFT;
                    pen = 0;
                };

                text _tmp_2927
                {
                    name = "Text_76";
                    x1 = 79;
                    y1 = 0;
                    x2 = 79;
                    y2 = 0;
                    string = "Area (㎡):";
                    fontname = "Courier New";
                    fontcolor = 162;
                    fonttype = 2;
                    fontsize = 2.38;
                    fontratio = 1;
                    fontslant = 0;
                    fontstyle = 0;
                    angle = 0;
                    justify = LEFT;
                    pen = 0;
                };

                text _tmp_2928
                {
                    name = "Text_371";
                    x1 = 45;
                    y1 = 0;
                    x2 = 45;
                    y2 = 0;
                    string = "Catalog Size:";
                    fontname = "Courier New";
                    fontcolor = 162;
                    fonttype = 2;
                    fontsize = 2.38;
                    fontratio = 1;
                    fontslant = 0;
                    fontstyle = 0;
                    angle = 0;
                    justify = LEFT;
                    pen = 0;
                };
            };

            row _tmp_2929
            {
                name = "Row_102";
                height = 1;
                visibility = TRUE;
                usecolumns = FALSE;
                rule = "if (GetValue(\"GRADE\") == \"WFP\") then\r\n  Output()\r\nelse\r\n  StepOver()\r\nendif";
                contenttype = "MESH";
                sorttype = COMBINE;

                valuefield _tmp_2930
                {
                    name = "ValueField_458";
                    location = (33, 0);
                    formula = "GetValue(\"GRADE\")";
                    datatype = STRING;
                    class = "";
                    cacheable = TRUE;
                    justify = LEFT;
                    visibility = TRUE;
                    angle = 0;
                    length = 7;
                    decimals = 0;
                    sortdirection = ASCENDING;
                    fontname = "Courier New";
                    fontcolor = 153;
                    fonttype = 2;
                    fontsize = 1;
                    fontratio = 1;
                    fontstyle = 0;
                    fontslant = 0;
                    pen = 0;
                    oncombine = NONE;
                };

                valuefield _tmp_2931
                {
                    name = "ValueField_459";
                    location = (45, 0);
                    formula = "GetValue(\"CATALOG_NAME\")";
                    datatype = STRING;
                    class = "Length";
                    cacheable = TRUE;
                    justify = LEFT;
                    visibility = TRUE;
                    angle = 0;
                    length = 20;
                    decimals = 0;
                    sortdirection = ASCENDING;
                    fontname = "Courier New";
                    fontcolor = 153;
                    fonttype = 2;
                    fontsize = 1;
                    fontratio = 1;
                    fontstyle = 0;
                    fontslant = 0;
                    pen = 0;
                    oncombine = NONE;
                    unit = "mm";
                };

                valuefield _tmp_2932
                {
                    name = "ValueField_460";
                    location = (80, 0);
                    formula = "GetValue(\"AREA\")";
                    datatype = DOUBLE;
                    class = "Area";
                    cacheable = TRUE;
                    justify = RIGHT;
                    visibility = TRUE;
                    angle = 0;
                    length = 8;
                    decimals = 2;
                    sortdirection = ASCENDING;
                    fontname = "Courier New";
                    fontcolor = 153;
                    fonttype = 2;
                    fontsize = 1;
                    fontratio = 1;
                    fontstyle = 0;
                    fontslant = 0;
                    pen = 0;
                    oncombine = NONE;
                    unit = "m2";
                };

                valuefield _tmp_2933
                {
                    name = "ValueField_461";
                    location = (22, 0);
                    formula = "GetValue(\"NUMBER\")";
                    datatype = INTEGER;
                    class = "";
                    cacheable = TRUE;
                    justify = RIGHT;
                    visibility = TRUE;
                    angle = 0;
                    length = 3;
                    decimals = 0;
                    sortdirection = NONE;
                    fontname = "Courier New";
                    fontcolor = 153;
                    fonttype = 2;
                    fontsize = 1;
                    fontratio = 1;
                    fontstyle = 0;
                    fontslant = 0;
                    pen = 0;
                    oncombine = SUM;
                };
            };
        };

        valuefield _tmp_69
        {
            name = "ValueField_6";
            location = (86, 1);
            formula = "GetValue(\"VOLUME\")";
            datatype = DOUBLE;
            class = "Volume";
            cacheable = TRUE;
            justify = RIGHT;
            visibility = TRUE;
            angle = 0;
            length = 12;
            decimals = 2;
            sortdirection = NONE;
            fontname = "Courier New";
            fontcolor = 153;
            fonttype = 2;
            fontsize = 1;
            fontratio = 1;
            fontstyle = 0;
            fontslant = 0;
            pen = 0;
            oncombine = NONE;
            unit = "m3";
        };

        text _tmp_70
        {
            name = "Text_7";
            x1 = 87;
            y1 = 2;
            x2 = 87;
            y2 = 2;
            string = "Volume (㎥):";
            fontname = "Courier New";
            fontcolor = 162;
            fonttype = 2;
            fontsize = 1;
            fontratio = 1;
            fontslant = 0;
            fontstyle = 0;
            angle = 0;
            justify = LEFT;
            pen = 0;
        };

        valuefield _tmp_71
        {
            name = "ValueField_7";
            location = (120, 1);
            formula = "GetValue(\"WEIGHT\")";
            datatype = DOUBLE;
            class = "Weight";
            cacheable = TRUE;
            justify = RIGHT;
            visibility = TRUE;
            angle = 0;
            length = 12;
            decimals = 0;
            sortdirection = NONE;
            fontname = "Courier New";
            fontcolor = 153;
            fonttype = 2;
            fontsize = 1;
            fontratio = 1;
            fontstyle = 0;
            fontslant = 0;
            pen = 0;
            oncombine = NONE;
            unit = "kg";
        };

        text _tmp_72
        {
            name = "Text_8";
            x1 = 121;
            y1 = 2;
            x2 = 121;
            y2 = 2;
            string = "Weight (kg):";
            fontname = "Courier New";
            fontcolor = 162;
            fonttype = 2;
            fontsize = 1;
            fontratio = 1;
            fontslant = 0;
            fontstyle = 0;
            angle = 0;
            justify = LEFT;
            pen = 0;
        };

        text _tmp_73
        {
            name = "Text_442";
            x1 = 102;
            y1 = 2;
            x2 = 102;
            y2 = 2;
            string = "Total Volume (㎥):";
            fontname = "Courier New";
            fontcolor = 162;
            fonttype = 2;
            fontsize = 1;
            fontratio = 1;
            fontslant = 0;
            fontstyle = 0;
            angle = 0;
            justify = LEFT;
            pen = 0;
        };

        valuefield _tmp_74
        {
            name = "ValueField_464";
            location = (105, 1);
            formula = "GetValue(\"VOLUME\")*GetValue(\"NUMBER\")";
            datatype = DOUBLE;
            class = "Volume";
            cacheable = TRUE;
            justify = RIGHT;
            visibility = TRUE;
            angle = 0;
            length = 12;
            decimals = 2;
            sortdirection = NONE;
            fontname = "Courier New";
            fontcolor = 153;
            fonttype = 2;
            fontsize = 1;
            fontratio = 1;
            fontstyle = 0;
            fontslant = 0;
            pen = 0;
            oncombine = SUM;
            unit = "m3";
        };
    };

    row _tmp_1926
    {
        name = "CAST_UNIT_WALL";
        height = 4;
        visibility = TRUE;
        usecolumns = FALSE;
        rule = "if (match(GetValue(\"CAST_UNIT_TYPE\"),\"*Cast in place*\")||match(GetValue(\"CAST_UNIT_TYPE\"),\"*현장타설*\")) && match(GetValue(\"MAINPART.NAME\"),\"*WALL*\")\r\n then\r\n  Output()\r\nelse\r\n  StepOver()\r\nendif\r\n";
        contenttype = "CAST_UNIT";
        sorttype = COMBINE;

        valuefield _tmp_1927
        {
            name = "ValueField_118";
            location = (9, 1);
            formula = "GetValue(\"MAINPART.NAME\")";
            datatype = STRING;
            class = "";
            cacheable = TRUE;
            justify = LEFT;
            visibility = TRUE;
            angle = 0;
            length = 15;
            decimals = 0;
            sortdirection = ASCENDING;
            fontname = "Courier New";
            fontcolor = 153;
            fonttype = 2;
            fontsize = 1;
            fontratio = 1;
            fontstyle = 0;
            fontslant = 0;
            pen = 0;
            oncombine = NONE;
        };

        valuefield _tmp_1928
        {
            name = "ValueField_119";
            location = (37, 1);
            formula = "GetValue(\"MATERIAL\")";
            datatype = STRING;
            class = "";
            cacheable = TRUE;
            justify = LEFT;
            visibility = TRUE;
            angle = 0;
            length = 7;
            decimals = 0;
            sortdirection = ASCENDING;
            fontname = "Courier New";
            fontcolor = 153;
            fonttype = 2;
            fontsize = 1;
            fontratio = 1;
            fontstyle = 0;
            fontslant = 0;
            pen = 0;
            oncombine = NONE;
        };

        valuefield _tmp_1929
        {
            name = "ValueField_120";
            location = (66, 1);
            formula = "\"Thk.\"+mid(GetValue(\"MAINPART.WIDTH\"),0,find(GetValue(\"MAINPART.WIDTH\"), \".\"))";
            datatype = STRING;
            class = "";
            cacheable = TRUE;
            justify = LEFT;
            visibility = TRUE;
            angle = 0;
            length = 20;
            decimals = 0;
            sortdirection = ASCENDING;
            fontname = "Courier New";
            fontcolor = 164;
            fonttype = 2;
            fontsize = 2.38;
            fontratio = 1;
            fontstyle = 0;
            fontslant = 0;
            pen = 0;
            oncombine = NONE;
        };

        valuefield _tmp_1930
        {
            name = "ValueField_121";
            location = (49, 1);
            formula = "GetValue(\"LENGTH\")";
            datatype = DOUBLE;
            class = "Length";
            cacheable = TRUE;
            justify = RIGHT;
            visibility = TRUE;
            angle = 0;
            length = 12;
            decimals = 0;
            sortdirection = ASCENDING;
            fontname = "Courier New";
            fontcolor = 164;
            fonttype = 2;
            fontsize = 2.38;
            fontratio = 1;
            fontstyle = 0;
            fontslant = 0;
            pen = 0;
            oncombine = NONE;
            unit = "mm";
        };

        text _tmp_1931
        {
            name = "Text_148";
            x1 = 2;
            y1 = 2;
            x2 = 2;
            y2 = 2;
            string = "Qty:";
            fontname = "Courier New";
            fontcolor = 162;
            fonttype = 2;
            fontsize = 1;
            fontratio = 1;
            fontslant = 0;
            fontstyle = 0;
            angle = 0;
            justify = LEFT;
            pen = 0;
        };

        text _tmp_1932
        {
            name = "Text_149";
            x1 = 37;
            y1 = 2;
            x2 = 37;
            y2 = 2;
            string = "Material:";
            fontname = "Courier New";
            fontcolor = 162;
            fonttype = 2;
            fontsize = 1;
            fontratio = 1;
            fontslant = 0;
            fontstyle = 0;
            angle = 0;
            justify = LEFT;
            pen = 0;
        };

        text _tmp_1933
        {
            name = "Text_150";
            x1 = 1;
            y1 = 3;
            x2 = 1;
            y2 = 3;
            string = "________________________________________________________________________________________________________________________________________";
            fontname = "Courier New";
            fontcolor = 162;
            fonttype = 2;
            fontsize = 2.38;
            fontratio = 1;
            fontslant = 0;
            fontstyle = 0;
            angle = 0;
            justify = LEFT;
            pen = 0;
        };

        text _tmp_1934
        {
            name = "Text_151";
            x1 = 66;
            y1 = 2;
            x2 = 66;
            y2 = 2;
            string = "Profile:";
            fontname = "Courier New";
            fontcolor = 162;
            fonttype = 2;
            fontsize = 1;
            fontratio = 1;
            fontslant = 0;
            fontstyle = 0;
            angle = 0;
            justify = LEFT;
            pen = 0;
        };

        text _tmp_1935
        {
            name = "Text_152";
            x1 = 51;
            y1 = 2;
            x2 = 51;
            y2 = 2;
            string = "Length(mm):";
            fontname = "Courier New";
            fontcolor = 162;
            fonttype = 2;
            fontsize = 1;
            fontratio = 1;
            fontslant = 0;
            fontstyle = 0;
            angle = 0;
            justify = LEFT;
            pen = 0;
        };

        valuefield _tmp_1936
        {
            name = "ValueField_122";
            location = (2, 1);
            formula = "GetValue(\"NUMBER\")";
            datatype = INTEGER;
            class = "";
            cacheable = TRUE;
            justify = LEFT;
            visibility = TRUE;
            angle = 0;
            length = 4;
            sortdirection = NONE;
            fontname = "Courier New";
            fontcolor = 153;
            fonttype = 2;
            fontsize = 1;
            fontratio = 1;
            fontstyle = 0;
            fontslant = 0;
            pen = 0;
            oncombine = SUM;
        };

        text _tmp_1937
        {
            name = "Text_153";
            x1 = 9;
            y1 = 2;
            x2 = 9;
            y2 = 2;
            string = "Name:";
            fontname = "Courier New";
            fontcolor = 162;
            fonttype = 2;
            fontsize = 1;
            fontratio = 1;
            fontslant = 0;
            fontstyle = 0;
            angle = 0;
            justify = LEFT;
            pen = 0;
        };

        text _tmp_1942
        {
            name = "Text_156";
            x1 = 27;
            y1 = 2;
            x2 = 27;
            y2 = 2;
            string = "Mark:";
            fontname = "Courier New";
            fontcolor = 162;
            fonttype = 2;
            fontsize = 1;
            fontratio = 1;
            fontslant = 0;
            fontstyle = 0;
            angle = 0;
            justify = LEFT;
            pen = 0;
        };

        valuefield _tmp_1943
        {
            name = "ValueField_125";
            location = (27, 1);
            formula = "GetValue(\"CAST_UNIT_POS\")";
            datatype = STRING;
            class = "";
            cacheable = TRUE;
            justify = LEFT;
            visibility = TRUE;
            angle = 0;
            length = 7;
            decimals = 0;
            sortdirection = ASCENDING;
            fontname = "Courier New";
            fontcolor = 153;
            fonttype = 2;
            fontsize = 1;
            fontratio = 1;
            fontstyle = 0;
            fontslant = 0;
            pen = 0;
            oncombine = NONE;
        };

        row _tmp_1944
        {
            name = "Row_20";
            height = 3;
            visibility = TRUE;
            usecolumns = FALSE;
            rule = "if (GetValue(\"MAINPART.MATERIAL_TYPE\") != \"CONCRETE\") then\n  Output()\nelse\n  StepOver()\nendif\n";
            contenttype = "ASSEMBLY";
            sorttype = COMBINE;

            text _tmp_1945
            {
                name = "Text_157";
                x1 = 29;
                y1 = 0;
                x2 = 29;
                y2 = 0;
                string = "Name:";
                fontname = "Courier New";
                fontcolor = 162;
                fonttype = 2;
                fontsize = 2.38;
                fontratio = 1;
                fontslant = 0;
                fontstyle = 0;
                angle = 0;
                justify = LEFT;
                pen = 0;
            };

            text _tmp_1946
            {
                name = "Text_158";
                x1 = 54;
                y1 = 0;
                x2 = 54;
                y2 = 0;
                string = "Profile:";
                fontname = "Courier New";
                fontcolor = 162;
                fonttype = 2;
                fontsize = 2.38;
                fontratio = 1;
                fontslant = 0;
                fontstyle = 0;
                angle = 0;
                justify = LEFT;
                pen = 0;
            };

            text _tmp_1947
            {
                name = "Text_159";
                x1 = 22;
                y1 = 0;
                x2 = 22;
                y2 = 0;
                string = "Qty:";
                fontname = "Courier New";
                fontcolor = 162;
                fonttype = 2;
                fontsize = 1;
                fontratio = 1;
                fontslant = 0;
                fontstyle = 0;
                angle = 0;
                justify = LEFT;
                pen = 0;
            };

            text _tmp_1948
            {
                name = "Text_160";
                x1 = 42;
                y1 = 0;
                x2 = 42;
                y2 = 0;
                string = "Material:";
                fontname = "Courier New";
                fontcolor = 162;
                fonttype = 2;
                fontsize = 2.38;
                fontratio = 1;
                fontslant = 0;
                fontstyle = 0;
                angle = 0;
                justify = LEFT;
                pen = 0;
            };

            text _tmp_1949
            {
                name = "Text_161";
                x1 = 15;
                y1 = 1;
                x2 = 15;
                y2 = 1;
                string = "Component Parts:";
                fontname = "Courier New";
                fontcolor = 162;
                fonttype = 2;
                fontsize = 2.38;
                fontratio = 1;
                fontslant = 0;
                fontstyle = 0;
                angle = 0;
                justify = LEFT;
                pen = 0;
            };

            text _tmp_1950
            {
                name = "Text_162";
                x1 = 15;
                y1 = 2;
                x2 = 15;
                y2 = 2;
                string = "_____________________________________________________________________________________________________________________";
                fontname = "Courier New";
                fontcolor = 162;
                fonttype = 2;
                fontsize = 2.38;
                fontratio = 1;
                fontslant = 0;
                fontstyle = 0;
                angle = 0;
                justify = LEFT;
                pen = 0;
            };

            text _tmp_1951
            {
                name = "Text_163";
                x1 = 104;
                y1 = 0;
                x2 = 104;
                y2 = 0;
                string = "Description:";
                fontname = "Courier New";
                fontcolor = 162;
                fonttype = 2;
                fontsize = 2.38;
                fontratio = 1;
                fontslant = 0;
                fontstyle = 0;
                angle = 0;
                justify = LEFT;
                pen = 0;
            };

            text _tmp_1952
            {
                name = "Text_164";
                x1 = 71;
                y1 = 0;
                x2 = 71;
                y2 = 0;
                string = "Length(mm):";
                fontname = "Courier New";
                fontcolor = 162;
                fonttype = 2;
                fontsize = 2.38;
                fontratio = 1;
                fontslant = 0;
                fontstyle = 0;
                angle = 0;
                justify = LEFT;
                pen = 0;
            };

            text _tmp_1953
            {
                name = "Text_165";
                x1 = 83;
                y1 = 0;
                x2 = 83;
                y2 = 0;
                string = "Finish:";
                fontname = "Courier New";
                fontcolor = 162;
                fonttype = 2;
                fontsize = 2.38;
                fontratio = 1;
                fontslant = 0;
                fontstyle = 0;
                angle = 0;
                justify = LEFT;
                pen = 0;
            };

            text _tmp_1954
            {
                name = "Text_166";
                x1 = 95;
                y1 = 0;
                x2 = 95;
                y2 = 0;
                string = "Class:";
                fontname = "Courier New";
                fontcolor = 162;
                fonttype = 2;
                fontsize = 2.38;
                fontratio = 1;
                fontslant = 0;
                fontstyle = 0;
                angle = 0;
                justify = LEFT;
                pen = 0;
            };
        };

        row _tmp_1955
        {
            name = "Row_21";
            height = 1;
            visibility = TRUE;
            usecolumns = FALSE;
            rule = "if (GetValue(\"MAINPART.MATERIAL_TYPE\") != \"CONCRETE\") then\n  Output()\nelse\n  StepOver()\nendif\n";
            contenttype = "ASSEMBLY";
            sorttype = COMBINE;

            valuefield _tmp_1956
            {
                name = "ValueField_126";
                location = (29, 0);
                formula = "GetValue(\"MAINPART.NAME\")";
                datatype = STRING;
                class = "";
                cacheable = TRUE;
                justify = LEFT;
                visibility = TRUE;
                angle = 0;
                length = 10;
                sortdirection = ASCENDING;
                fontname = "Courier New";
                fontcolor = 153;
                fonttype = 2;
                fontsize = 1;
                fontratio = 1;
                fontstyle = 0;
                fontslant = 0;
                pen = 0;
                oncombine = NONE;
            };

            valuefield _tmp_1957
            {
                name = "ValueField_127";
                location = (42, 0);
                formula = "GetValue(\"MAINPART.MATERIAL\")";
                datatype = STRING;
                class = "";
                cacheable = TRUE;
                justify = LEFT;
                visibility = TRUE;
                angle = 0;
                length = 7;
                sortdirection = ASCENDING;
                fontname = "Courier New";
                fontcolor = 153;
                fonttype = 2;
                fontsize = 1;
                fontratio = 1;
                fontstyle = 0;
                fontslant = 0;
                pen = 0;
                oncombine = NONE;
            };

            valuefield _tmp_1958
            {
                name = "ValueField_128";
                location = (53, 0);
                formula = "GetValue(\"MAINPART.PROFILE\")";
                datatype = STRING;
                class = "";
                cacheable = TRUE;
                justify = LEFT;
                visibility = TRUE;
                angle = 0;
                length = 14;
                sortdirection = ASCENDING;
                fontname = "Courier New";
                fontcolor = 153;
                fonttype = 2;
                fontsize = 1;
                fontratio = 1;
                fontstyle = 0;
                fontslant = 0;
                pen = 0;
                oncombine = NONE;
            };

            valuefield _tmp_1959
            {
                name = "ValueField_129";
                location = (69, 0);
                formula = "GetValue(\"MAINPART.LENGTH\")";
                datatype = DOUBLE;
                class = "Length";
                cacheable = TRUE;
                justify = RIGHT;
                visibility = TRUE;
                angle = 0;
                length = 12;
                decimals = 0;
                sortdirection = ASCENDING;
                fontname = "Courier New";
                fontcolor = 153;
                fonttype = 2;
                fontsize = 1;
                fontratio = 1;
                fontstyle = 0;
                fontslant = 0;
                pen = 0;
                oncombine = NONE;
                unit = "mm";
            };

            valuefield _tmp_1960
            {
                name = "ValueField_130";
                location = (83, 0);
                formula = "GetValue(\"MAINPART.FINISH\")";
                datatype = STRING;
                class = "";
                cacheable = TRUE;
                justify = LEFT;
                visibility = TRUE;
                angle = 0;
                length = 10;
                sortdirection = ASCENDING;
                fontname = "Courier New";
                fontcolor = 153;
                fonttype = 2;
                fontsize = 1;
                fontratio = 1;
                fontstyle = 0;
                fontslant = 0;
                pen = 0;
                oncombine = NONE;
            };

            valuefield _tmp_1961
            {
                name = "ValueField_131";
                location = (95, 0);
                formula = "GetValue(\"MAINPART.CLASS_ATTR\")";
                datatype = STRING;
                class = "";
                cacheable = TRUE;
                justify = LEFT;
                visibility = TRUE;
                angle = 0;
                length = 6;
                sortdirection = ASCENDING;
                fontname = "Courier New";
                fontcolor = 153;
                fonttype = 2;
                fontsize = 1;
                fontratio = 1;
                fontstyle = 0;
                fontslant = 0;
                pen = 0;
                oncombine = NONE;
            };

            valuefield _tmp_1962
            {
                name = "ValueField_132";
                location = (22, 0);
                formula = "GetValue(\"NUMBER\")";
                datatype = INTEGER;
                class = "";
                cacheable = TRUE;
                justify = LEFT;
                visibility = TRUE;
                angle = 0;
                length = 3;
                sortdirection = NONE;
                fontname = "Courier New";
                fontcolor = 153;
                fonttype = 2;
                fontsize = 1;
                fontratio = 1;
                fontstyle = 0;
                fontslant = 0;
                pen = 0;
                oncombine = SUM;
            };

            valuefield _tmp_1963
            {
                name = "ValueField_133";
                location = (104, 0);
                formula = "GetValue(\"MAINPART.USERDEFINED.USER_FIELD_1\")";
                datatype = STRING;
                class = "";
                cacheable = TRUE;
                justify = LEFT;
                visibility = TRUE;
                angle = 0;
                length = 20;
                sortdirection = NONE;
                fontname = "Courier New";
                fontcolor = 153;
                fonttype = 2;
                fontsize = 1;
                fontratio = 1;
                fontstyle = 0;
                fontslant = 0;
                pen = 0;
                oncombine = NONE;
            };
        };

        row _tmp_1964
        {
            name = "Row_22";
            height = 3;
            visibility = TRUE;
            usecolumns = FALSE;
            rule = "if (GetValue(\"MATERIAL_TYPE\") != \"CONCRETE\" ) then\n  Output()\nelse\n  StepOver()\nendif\n";
            contenttype = "PART";
            sorttype = COMBINE;

            text _tmp_1965
            {
                name = "Text_167";
                x1 = 30;
                y1 = 0;
                x2 = 30;
                y2 = 0;
                string = "Name:";
                fontname = "Courier New";
                fontcolor = 162;
                fonttype = 2;
                fontsize = 2.38;
                fontratio = 1;
                fontslant = 0;
                fontstyle = 0;
                angle = 0;
                justify = LEFT;
                pen = 0;
            };

            text _tmp_1966
            {
                name = "Text_168";
                x1 = 71;
                y1 = 0;
                x2 = 71;
                y2 = 0;
                string = "Length(mm):";
                fontname = "Courier New";
                fontcolor = 162;
                fonttype = 2;
                fontsize = 2.38;
                fontratio = 1;
                fontslant = 0;
                fontstyle = 0;
                angle = 0;
                justify = LEFT;
                pen = 0;
            };

            text _tmp_1967
            {
                name = "Text_169";
                x1 = 22;
                y1 = 0;
                x2 = 22;
                y2 = 0;
                string = "Qty:";
                fontname = "Courier New";
                fontcolor = 162;
                fonttype = 2;
                fontsize = 1;
                fontratio = 1;
                fontslant = 0;
                fontstyle = 0;
                angle = 0;
                justify = LEFT;
                pen = 0;
            };

            text _tmp_1968
            {
                name = "Text_170";
                x1 = 42;
                y1 = 0;
                x2 = 42;
                y2 = 0;
                string = "Material:";
                fontname = "Courier New";
                fontcolor = 162;
                fonttype = 2;
                fontsize = 2.38;
                fontratio = 1;
                fontslant = 0;
                fontstyle = 0;
                angle = 0;
                justify = LEFT;
                pen = 0;
            };

            text _tmp_1969
            {
                name = "Text_171";
                x1 = 15;
                y1 = 1;
                x2 = 15;
                y2 = 1;
                string = "Free Parts:";
                fontname = "Courier New";
                fontcolor = 162;
                fonttype = 2;
                fontsize = 2.38;
                fontratio = 1;
                fontslant = 0;
                fontstyle = 0;
                angle = 0;
                justify = LEFT;
                pen = 0;
            };

            text _tmp_1970
            {
                name = "Text_172";
                x1 = 15;
                y1 = 2;
                x2 = 15;
                y2 = 2;
                string = "_____________________________________________________________________________________________________________________";
                fontname = "Courier New";
                fontcolor = 162;
                fonttype = 2;
                fontsize = 2.38;
                fontratio = 1;
                fontslant = 0;
                fontstyle = 0;
                angle = 0;
                justify = LEFT;
                pen = 0;
            };

            text _tmp_1971
            {
                name = "Text_173";
                x1 = 104;
                y1 = 0;
                x2 = 104;
                y2 = 0;
                string = "Description:";
                fontname = "Courier New";
                fontcolor = 162;
                fonttype = 2;
                fontsize = 2.38;
                fontratio = 1;
                fontslant = 0;
                fontstyle = 0;
                angle = 0;
                justify = LEFT;
                pen = 0;
            };

            text _tmp_1972
            {
                name = "Text_174";
                x1 = 54;
                y1 = 0;
                x2 = 54;
                y2 = 0;
                string = "Profile:";
                fontname = "Courier New";
                fontcolor = 162;
                fonttype = 2;
                fontsize = 2.38;
                fontratio = 1;
                fontslant = 0;
                fontstyle = 0;
                angle = 0;
                justify = LEFT;
                pen = 0;
            };

            text _tmp_1973
            {
                name = "Text_175";
                x1 = 83;
                y1 = 0;
                x2 = 83;
                y2 = 0;
                string = "Finish:";
                fontname = "Courier New";
                fontcolor = 162;
                fonttype = 2;
                fontsize = 2.38;
                fontratio = 1;
                fontslant = 0;
                fontstyle = 0;
                angle = 0;
                justify = LEFT;
                pen = 0;
            };

            text _tmp_1974
            {
                name = "Text_176";
                x1 = 95;
                y1 = 0;
                x2 = 95;
                y2 = 0;
                string = "Class:";
                fontname = "Courier New";
                fontcolor = 162;
                fonttype = 2;
                fontsize = 2.38;
                fontratio = 1;
                fontslant = 0;
                fontstyle = 0;
                angle = 0;
                justify = LEFT;
                pen = 0;
            };
        };

        row _tmp_1975
        {
            name = "Row_23";
            height = 1;
            visibility = TRUE;
            usecolumns = FALSE;
            rule = "if (GetValue(\"MATERIAL_TYPE\") != \"CONCRETE\" ) then\n  Output()\nelse\n  StepOver()\nendif\n";
            contenttype = "PART";
            sorttype = COMBINE;

            valuefield _tmp_1976
            {
                name = "ValueField_134";
                location = (29, 0);
                formula = "GetValue(\"NAME\")";
                datatype = STRING;
                class = "";
                cacheable = TRUE;
                justify = LEFT;
                visibility = TRUE;
                angle = 0;
                length = 10;
                sortdirection = ASCENDING;
                fontname = "Courier New";
                fontcolor = 153;
                fonttype = 2;
                fontsize = 1;
                fontratio = 1;
                fontstyle = 0;
                fontslant = 0;
                pen = 0;
                oncombine = NONE;
            };

            valuefield _tmp_1977
            {
                name = "ValueField_135";
                location = (42, 0);
                formula = "GetValue(\"MATERIAL\")";
                datatype = STRING;
                class = "";
                cacheable = TRUE;
                justify = LEFT;
                visibility = TRUE;
                angle = 0;
                length = 7;
                sortdirection = ASCENDING;
                fontname = "Courier New";
                fontcolor = 153;
                fonttype = 2;
                fontsize = 1;
                fontratio = 1;
                fontstyle = 0;
                fontslant = 0;
                pen = 0;
                oncombine = NONE;
            };

            valuefield _tmp_1978
            {
                name = "ValueField_136";
                location = (53, 0);
                formula = "GetValue(\"PROFILE\")";
                datatype = STRING;
                class = "";
                cacheable = TRUE;
                justify = LEFT;
                visibility = TRUE;
                angle = 0;
                length = 14;
                sortdirection = ASCENDING;
                fontname = "Courier New";
                fontcolor = 153;
                fonttype = 2;
                fontsize = 1;
                fontratio = 1;
                fontstyle = 0;
                fontslant = 0;
                pen = 0;
                oncombine = NONE;
            };

            valuefield _tmp_1979
            {
                name = "ValueField_137";
                location = (69, 0);
                formula = "GetValue(\"MAINPART.LENGTH\")";
                datatype = DOUBLE;
                class = "Length";
                cacheable = TRUE;
                justify = RIGHT;
                visibility = TRUE;
                angle = 0;
                length = 12;
                decimals = 0;
                sortdirection = ASCENDING;
                fontname = "Courier New";
                fontcolor = 153;
                fonttype = 2;
                fontsize = 1;
                fontratio = 1;
                fontstyle = 0;
                fontslant = 0;
                pen = 0;
                oncombine = NONE;
                unit = "mm";
            };

            valuefield _tmp_1980
            {
                name = "ValueField_138";
                location = (83, 0);
                formula = "GetValue(\"MAINPART.FINISH\")";
                datatype = STRING;
                class = "";
                cacheable = TRUE;
                justify = LEFT;
                visibility = TRUE;
                angle = 0;
                length = 10;
                sortdirection = ASCENDING;
                fontname = "Courier New";
                fontcolor = 153;
                fonttype = 2;
                fontsize = 1;
                fontratio = 1;
                fontstyle = 0;
                fontslant = 0;
                pen = 0;
                oncombine = NONE;
            };

            valuefield _tmp_1981
            {
                name = "ValueField_139";
                location = (95, 0);
                formula = "GetValue(\"MAINPART.CLASS_ATTR\")";
                datatype = STRING;
                class = "";
                cacheable = TRUE;
                justify = LEFT;
                visibility = TRUE;
                angle = 0;
                length = 6;
                sortdirection = ASCENDING;
                fontname = "Courier New";
                fontcolor = 153;
                fonttype = 2;
                fontsize = 1;
                fontratio = 1;
                fontstyle = 0;
                fontslant = 0;
                pen = 0;
                oncombine = NONE;
            };

            valuefield _tmp_1982
            {
                name = "ValueField_140";
                location = (22, 0);
                formula = "GetValue(\"NUMBER\")";
                datatype = INTEGER;
                class = "";
                cacheable = TRUE;
                justify = LEFT;
                visibility = TRUE;
                angle = 0;
                length = 3;
                sortdirection = NONE;
                fontname = "Courier New";
                fontcolor = 153;
                fonttype = 2;
                fontsize = 1;
                fontratio = 1;
                fontstyle = 0;
                fontslant = 0;
                pen = 0;
                oncombine = SUM;
            };

            valuefield _tmp_1983
            {
                name = "ValueField_141";
                location = (104, 0);
                formula = "GetValue(\"USERDEFINED.USER_FIELD_1\")";
                datatype = STRING;
                class = "";
                cacheable = TRUE;
                justify = LEFT;
                visibility = TRUE;
                angle = 0;
                length = 20;
                sortdirection = NONE;
                fontname = "Courier New";
                fontcolor = 153;
                fonttype = 2;
                fontsize = 1;
                fontratio = 1;
                fontstyle = 0;
                fontslant = 0;
                pen = 0;
                oncombine = NONE;
            };
        };

        row _tmp_1984
        {
            name = "Row_24";
            height = 3;
            visibility = FALSE;
            usecolumns = FALSE;
            rule = "";
            contenttype = "PART";
            sorttype = COMBINE;

            row _tmp_1985
            {
                name = "Row_25";
                height = 3;
                visibility = TRUE;
                usecolumns = FALSE;
                rule = "if (GetValue(\"SHAPE\") == \"STR\") then\r\n  Output()\r\nelse\r\n  StepOver()\r\nendif\r\n";
                contenttype = "REBAR";
                sorttype = COMBINE;

                text _tmp_1986
                {
                    name = "Text_177";
                    x1 = 15;
                    y1 = 2;
                    x2 = 15;
                    y2 = 2;
                    string = "_____________________________________________________________________________________";
                    fontname = "Courier New";
                    fontcolor = 162;
                    fonttype = 2;
                    fontsize = 2.38;
                    fontratio = 1;
                    fontslant = 0;
                    fontstyle = 0;
                    angle = 0;
                    justify = LEFT;
                    pen = 0;
                };

                text _tmp_1987
                {
                    name = "Text_178";
                    x1 = 45;
                    y1 = 0;
                    x2 = 45;
                    y2 = 0;
                    string = "Size:";
                    fontname = "Courier New";
                    fontcolor = 162;
                    fonttype = 2;
                    fontsize = 2.38;
                    fontratio = 1;
                    fontslant = 0;
                    fontstyle = 0;
                    angle = 0;
                    justify = LEFT;
                    pen = 0;
                };

                text _tmp_1988
                {
                    name = "Text_179";
                    x1 = 15;
                    y1 = 1;
                    x2 = 15;
                    y2 = 1;
                    string = "Straight Rebar List:";
                    fontname = "Courier New";
                    fontcolor = 162;
                    fonttype = 2;
                    fontsize = 2.38;
                    fontratio = 1;
                    fontslant = 0;
                    fontstyle = 0;
                    angle = 0;
                    justify = LEFT;
                    pen = 0;
                };

                text _tmp_1989
                {
                    name = "Text_180";
                    x1 = 22;
                    y1 = 0;
                    x2 = 22;
                    y2 = 0;
                    string = "Qty:";
                    fontname = "Courier New";
                    fontcolor = 162;
                    fonttype = 2;
                    fontsize = 1;
                    fontratio = 1;
                    fontslant = 0;
                    fontstyle = 0;
                    angle = 0;
                    justify = LEFT;
                    pen = 0;
                };

                text _tmp_1990
                {
                    name = "Text_181";
                    x1 = 52;
                    y1 = 0;
                    x2 = 52;
                    y2 = 0;
                    string = "Length(mm):";
                    fontname = "Courier New";
                    fontcolor = 162;
                    fonttype = 2;
                    fontsize = 2.38;
                    fontratio = 1;
                    fontslant = 0;
                    fontstyle = 0;
                    angle = 0;
                    justify = LEFT;
                    pen = 0;
                };

                text _tmp_1991
                {
                    name = "Text_182";
                    x1 = 33;
                    y1 = 0;
                    x2 = 33;
                    y2 = 0;
                    string = "Grade:";
                    fontname = "Courier New";
                    fontcolor = 162;
                    fonttype = 2;
                    fontsize = 2.38;
                    fontratio = 1;
                    fontslant = 0;
                    fontstyle = 0;
                    angle = 0;
                    justify = LEFT;
                    pen = 0;
                };

                text _tmp_1992
                {
                    name = "Text_183";
                    x1 = 65;
                    y1 = 0;
                    x2 = 65;
                    y2 = 0;
                    string = "Length(mm):";
                    fontname = "Courier New";
                    fontcolor = 162;
                    fonttype = 2;
                    fontsize = 2.38;
                    fontratio = 1;
                    fontslant = 0;
                    fontstyle = 0;
                    angle = 0;
                    justify = LEFT;
                    pen = 0;
                };

                text _tmp_1993
                {
                    name = "Text_184";
                    x1 = 65;
                    y1 = 1;
                    x2 = 65;
                    y2 = 1;
                    string = "Total";
                    fontname = "Courier New";
                    fontcolor = 162;
                    fonttype = 2;
                    fontsize = 2.38;
                    fontratio = 1;
                    fontslant = 0;
                    fontstyle = 0;
                    angle = 0;
                    justify = LEFT;
                    pen = 0;
                };

                text _tmp_1994
                {
                    name = "Text_185";
                    x1 = 79;
                    y1 = 1;
                    x2 = 79;
                    y2 = 1;
                    string = "Total";
                    fontname = "Courier New";
                    fontcolor = 162;
                    fonttype = 2;
                    fontsize = 2.38;
                    fontratio = 1;
                    fontslant = 0;
                    fontstyle = 0;
                    angle = 0;
                    justify = LEFT;
                    pen = 0;
                };

                text _tmp_1995
                {
                    name = "Text_186";
                    x1 = 79;
                    y1 = 0;
                    x2 = 79;
                    y2 = 0;
                    string = "Weight(kg):";
                    fontname = "Courier New";
                    fontcolor = 162;
                    fonttype = 2;
                    fontsize = 2.38;
                    fontratio = 1;
                    fontslant = 0;
                    fontstyle = 0;
                    angle = 0;
                    justify = LEFT;
                    pen = 0;
                };
            };

            row _tmp_1996
            {
                name = "Row_26";
                height = 1;
                visibility = TRUE;
                usecolumns = FALSE;
                rule = "if (GetValue(\"SHAPE\") == \"STR\" &&GetValue(\"GROUP_TYPE\") == 0) then\r\n  Output()\r\nelse\r\n  StepOver()\r\nendif\r\n";
                contenttype = "REBAR";
                sorttype = COMBINE;

                valuefield _tmp_1997
                {
                    name = "ValueField_142";
                    location = (33, 0);
                    formula = "GetValue(\"GRADE\")";
                    datatype = STRING;
                    class = "";
                    cacheable = TRUE;
                    justify = LEFT;
                    visibility = TRUE;
                    angle = 0;
                    length = 7;
                    decimals = 0;
                    sortdirection = ASCENDING;
                    fontname = "Courier New";
                    fontcolor = 153;
                    fonttype = 2;
                    fontsize = 1;
                    fontratio = 1;
                    fontstyle = 0;
                    fontslant = 0;
                    pen = 0;
                    oncombine = NONE;
                };

                valuefield _tmp_1998
                {
                    name = "ValueField_143";
                    location = (44, 0);
                    formula = "GetValue(\"SIZE\")";
                    datatype = STRING;
                    class = "";
                    cacheable = TRUE;
                    justify = CENTERED;
                    visibility = TRUE;
                    angle = 0;
                    length = 6;
                    decimals = 0;
                    sortdirection = ASCENDING;
                    fontname = "Courier New";
                    fontcolor = 153;
                    fonttype = 2;
                    fontsize = 1;
                    fontratio = 1;
                    fontstyle = 0;
                    fontslant = 0;
                    pen = 0;
                    oncombine = NONE;
                };

                valuefield _tmp_1999
                {
                    name = "ValueField_144";
                    location = (53, 0);
                    formula = "GetValue(\"LENGTH\")";
                    datatype = DOUBLE;
                    class = "Length";
                    cacheable = TRUE;
                    justify = RIGHT;
                    visibility = TRUE;
                    angle = 0;
                    length = 8;
                    decimals = 0;
                    sortdirection = ASCENDING;
                    fontname = "Courier New";
                    fontcolor = 153;
                    fonttype = 2;
                    fontsize = 1;
                    fontratio = 1;
                    fontstyle = 0;
                    fontslant = 0;
                    pen = 0;
                    oncombine = NONE;
                    unit = "mm";
                };

                valuefield _tmp_2000
                {
                    name = "ValueField_145";
                    location = (22, 0);
                    formula = "GetValue(\"NUMBER\")";
                    datatype = INTEGER;
                    class = "";
                    cacheable = TRUE;
                    justify = RIGHT;
                    visibility = TRUE;
                    angle = 0;
                    length = 3;
                    decimals = 0;
                    sortdirection = NONE;
                    fontname = "Courier New";
                    fontcolor = 153;
                    fonttype = 2;
                    fontsize = 1;
                    fontratio = 1;
                    fontstyle = 0;
                    fontslant = 0;
                    pen = 0;
                    oncombine = SUM;
                };

                valuefield _tmp_2001
                {
                    name = "ValueField_146";
                    location = (64, 0);
                    formula = "GetValue(\"LENGTH\")*GetValue(\"NUMBER\")";
                    datatype = DOUBLE;
                    class = "Length";
                    cacheable = TRUE;
                    justify = RIGHT;
                    visibility = TRUE;
                    angle = 0;
                    length = 10;
                    decimals = 0;
                    sortdirection = NONE;
                    fontname = "Courier New";
                    fontcolor = 153;
                    fonttype = 2;
                    fontsize = 1;
                    fontratio = 1;
                    fontstyle = 0;
                    fontslant = 0;
                    pen = 0;
                    oncombine = SUM;
                    unit = "mm";
                };

                valuefield _tmp_2002
                {
                    name = "ValueField_147";
                    location = (80, 0);
                    formula = "GetValue(\"WEIGHT_TOTAL\")";
                    datatype = DOUBLE;
                    class = "Weight";
                    cacheable = TRUE;
                    justify = RIGHT;
                    visibility = TRUE;
                    angle = 0;
                    length = 8;
                    decimals = 0;
                    sortdirection = NONE;
                    fontname = "Courier New";
                    fontcolor = 153;
                    fonttype = 2;
                    fontsize = 1;
                    fontratio = 1;
                    fontstyle = 0;
                    fontslant = 0;
                    pen = 0;
                    oncombine = SUM;
                    unit = "kg";
                };

                valuefield _tmp_2003
                {
                    name = "ValueField_148";
                    location = (16, 0);
                    formula = "GetValue(\"GROUP_TYPE\")";
                    datatype = INTEGER;
                    class = "";
                    cacheable = TRUE;
                    justify = LEFT;
                    visibility = FALSE;
                    angle = 0;
                    length = 2;
                    decimals = 0;
                    sortdirection = ASCENDING;
                    fontname = "Courier New";
                    fontcolor = 153;
                    fonttype = 2;
                    fontsize = 0.8;
                    fontratio = 0.75;
                    fontstyle = 0;
                    fontslant = 0;
                    pen = 0;
                    oncombine = NONE;
                };
            };

            row _tmp_2004
            {
                name = "Row_27";
                height = 1;
                visibility = TRUE;
                usecolumns = FALSE;
                rule = "if (GetValue(\"SHAPE\") == \"STR\" &&GetValue(\"GROUP_TYPE\") >= 1 &&GetValue(\"GRADE\") != \"WFP\") then\r\n  Output()\r\nelse\r\n  StepOver()\r\nendif\r\n";
                contenttype = "REBAR";
                sorttype = COMBINE;

                valuefield _tmp_2005
                {
                    name = "ValueField_149";
                    location = (33, 0);
                    formula = "GetValue(\"GRADE\")";
                    datatype = STRING;
                    class = "";
                    cacheable = TRUE;
                    justify = LEFT;
                    visibility = TRUE;
                    angle = 0;
                    length = 7;
                    decimals = 0;
                    sortdirection = ASCENDING;
                    fontname = "Courier New";
                    fontcolor = 153;
                    fonttype = 2;
                    fontsize = 1;
                    fontratio = 1;
                    fontstyle = 0;
                    fontslant = 0;
                    pen = 0;
                    oncombine = NONE;
                };

                valuefield _tmp_2006
                {
                    name = "ValueField_150";
                    location = (44, 0);
                    formula = "GetValue(\"SIZE\")";
                    datatype = STRING;
                    class = "";
                    cacheable = TRUE;
                    justify = CENTERED;
                    visibility = TRUE;
                    angle = 0;
                    length = 6;
                    decimals = 0;
                    sortdirection = ASCENDING;
                    fontname = "Courier New";
                    fontcolor = 153;
                    fonttype = 2;
                    fontsize = 1;
                    fontratio = 1;
                    fontstyle = 0;
                    fontslant = 0;
                    pen = 0;
                    oncombine = NONE;
                };

                valuefield _tmp_2007
                {
                    name = "ValueField_151";
                    location = (22, 0);
                    formula = "GetValue(\"NUMBER\")";
                    datatype = INTEGER;
                    class = "";
                    cacheable = TRUE;
                    justify = RIGHT;
                    visibility = TRUE;
                    angle = 0;
                    length = 3;
                    decimals = 0;
                    sortdirection = NONE;
                    fontname = "Courier New";
                    fontcolor = 153;
                    fonttype = 2;
                    fontsize = 1;
                    fontratio = 1;
                    fontstyle = 0;
                    fontslant = 0;
                    pen = 0;
                    oncombine = SUM;
                };

                valuefield _tmp_2008
                {
                    name = "ValueField_152";
                    location = (80, 0);
                    formula = "GetValue(\"WEIGHT_TOTAL\")";
                    datatype = DOUBLE;
                    class = "Weight";
                    cacheable = TRUE;
                    justify = RIGHT;
                    visibility = TRUE;
                    angle = 0;
                    length = 8;
                    decimals = 0;
                    sortdirection = NONE;
                    fontname = "Courier New";
                    fontcolor = 153;
                    fonttype = 2;
                    fontsize = 1;
                    fontratio = 1;
                    fontstyle = 0;
                    fontslant = 0;
                    pen = 0;
                    oncombine = SUM;
                    unit = "kg";
                };

                valuefield _tmp_2009
                {
                    name = "ValueField_153";
                    location = (16, 0);
                    formula = "GetValue(\"GROUP_TYPE\")";
                    datatype = INTEGER;
                    class = "";
                    cacheable = TRUE;
                    justify = LEFT;
                    visibility = FALSE;
                    angle = 0;
                    length = 2;
                    decimals = 0;
                    sortdirection = ASCENDING;
                    fontname = "Courier New";
                    fontcolor = 153;
                    fonttype = 2;
                    fontsize = 0.8;
                    fontratio = 0.75;
                    fontstyle = 0;
                    fontslant = 0;
                    pen = 0;
                    oncombine = NONE;
                };

                text _tmp_2010
                {
                    name = "Text_187";
                    x1 = 51;
                    y1 = 0;
                    x2 = 51;
                    y2 = 0;
                    string = "L MIN";
                    fontname = "Courier New";
                    fontcolor = 153;
                    fonttype = 2;
                    fontsize = 0.8;
                    fontratio = 0.75;
                    fontslant = 0;
                    fontstyle = 0;
                    angle = 0;
                    justify = LEFT;
                    pen = 0;
                };

                valuefield _tmp_2011
                {
                    name = "ValueField_154";
                    location = (57, 0);
                    formula = "GetValue(\"LENGTH_MIN\")";
                    datatype = DOUBLE;
                    class = "Length";
                    cacheable = TRUE;
                    justify = LEFT;
                    visibility = TRUE;
                    angle = 0;
                    length = 7;
                    decimals = 1;
                    sortdirection = ASCENDING;
                    fontname = "Courier New";
                    fontcolor = 153;
                    fonttype = 2;
                    fontsize = 0.8;
                    fontratio = 0.75;
                    fontstyle = 0;
                    fontslant = 0;
                    pen = 0;
                    oncombine = NONE;
                    unit = "mm";
                };

                text _tmp_2012
                {
                    name = "Text_188";
                    x1 = 64;
                    y1 = 0;
                    x2 = 64;
                    y2 = 0;
                    string = "-";
                    fontname = "Courier New";
                    fontcolor = 153;
                    fonttype = 2;
                    fontsize = 0.8;
                    fontratio = 0.75;
                    fontslant = 0;
                    fontstyle = 0;
                    angle = 0;
                    justify = LEFT;
                    pen = 0;
                };

                text _tmp_2013
                {
                    name = "Text_189";
                    x1 = 66;
                    y1 = 0;
                    x2 = 66;
                    y2 = 0;
                    string = "L MAX";
                    fontname = "Courier New";
                    fontcolor = 153;
                    fonttype = 2;
                    fontsize = 0.8;
                    fontratio = 0.75;
                    fontslant = 0;
                    fontstyle = 0;
                    angle = 0;
                    justify = LEFT;
                    pen = 0;
                };

                valuefield _tmp_2014
                {
                    name = "ValueField_155";
                    location = (72, 0);
                    formula = "GetValue(\"LENGTH_MAX\")";
                    datatype = DOUBLE;
                    class = "Length";
                    cacheable = TRUE;
                    justify = LEFT;
                    visibility = TRUE;
                    angle = 0;
                    length = 7;
                    decimals = 1;
                    sortdirection = NONE;
                    fontname = "Courier New";
                    fontcolor = 153;
                    fonttype = 2;
                    fontsize = 0.8;
                    fontratio = 0.75;
                    fontstyle = 0;
                    fontslant = 0;
                    pen = 0;
                    oncombine = NONE;
                    unit = "mm";
                };

                row _tmp_2015
                {
                    name = "Row_28";
                    height = 1;
                    visibility = TRUE;
                    usecolumns = FALSE;
                    rule = "";
                    contenttype = "SINGLE_REBAR";
                    sorttype = COMBINE;

                    valuefield _tmp_2016
                    {
                        name = "ValueField_156";
                        location = (44, 0);
                        formula = "GetValue(\"REBAR.SIZE\")";
                        datatype = STRING;
                        class = "";
                        cacheable = TRUE;
                        justify = CENTERED;
                        visibility = TRUE;
                        angle = 0;
                        length = 6;
                        decimals = 0;
                        sortdirection = ASCENDING;
                        fontname = "Courier New";
                        fontcolor = 153;
                        fonttype = 2;
                        fontsize = 1;
                        fontratio = 1;
                        fontstyle = 0;
                        fontslant = 0;
                        pen = 0;
                        oncombine = NONE;
                    };

                    valuefield _tmp_2017
                    {
                        name = "ValueField_157";
                        location = (53, 0);
                        formula = "GetValue(\"LENGTH\")";
                        datatype = DOUBLE;
                        class = "Length";
                        cacheable = TRUE;
                        justify = RIGHT;
                        visibility = TRUE;
                        angle = 0;
                        length = 8;
                        decimals = 0;
                        sortdirection = ASCENDING;
                        fontname = "Courier New";
                        fontcolor = 153;
                        fonttype = 2;
                        fontsize = 1;
                        fontratio = 1;
                        fontstyle = 0;
                        fontslant = 0;
                        pen = 0;
                        oncombine = NONE;
                        unit = "mm";
                    };

                    valuefield _tmp_2018
                    {
                        name = "ValueField_158";
                        location = (22, 0);
                        formula = "GetValue(\"NUMBER\")";
                        datatype = INTEGER;
                        class = "";
                        cacheable = TRUE;
                        justify = RIGHT;
                        visibility = TRUE;
                        angle = 0;
                        length = 3;
                        decimals = 0;
                        sortdirection = NONE;
                        fontname = "Courier New";
                        fontcolor = 153;
                        fonttype = 2;
                        fontsize = 1;
                        fontratio = 1;
                        fontstyle = 0;
                        fontslant = 0;
                        pen = 0;
                        oncombine = SUM;
                    };

                    valuefield _tmp_2019
                    {
                        name = "ValueField_159";
                        location = (64, 0);
                        formula = "GetValue(\"LENGTH\")*GetValue(\"NUMBER\")";
                        datatype = DOUBLE;
                        class = "Length";
                        cacheable = TRUE;
                        justify = RIGHT;
                        visibility = TRUE;
                        angle = 0;
                        length = 10;
                        decimals = 0;
                        sortdirection = NONE;
                        fontname = "Courier New";
                        fontcolor = 153;
                        fonttype = 2;
                        fontsize = 1;
                        fontratio = 1;
                        fontstyle = 0;
                        fontslant = 0;
                        pen = 0;
                        oncombine = SUM;
                        unit = "mm";
                    };

                    valuefield _tmp_2020
                    {
                        name = "ValueField_160";
                        location = (80, 0);
                        formula = "GetValue(\"WEIGHT_TOTAL\")";
                        datatype = DOUBLE;
                        class = "Weight";
                        cacheable = TRUE;
                        justify = RIGHT;
                        visibility = TRUE;
                        angle = 0;
                        length = 8;
                        decimals = 0;
                        sortdirection = NONE;
                        fontname = "Courier New";
                        fontcolor = 153;
                        fonttype = 2;
                        fontsize = 1;
                        fontratio = 1;
                        fontstyle = 0;
                        fontslant = 0;
                        pen = 0;
                        oncombine = SUM;
                        unit = "kg";
                    };

                    valuefield _tmp_2021
                    {
                        name = "ValueField_161";
                        location = (16, 0);
                        formula = "GetValue(\"GROUP_TYPE\")";
                        datatype = INTEGER;
                        class = "";
                        cacheable = TRUE;
                        justify = LEFT;
                        visibility = FALSE;
                        angle = 0;
                        length = 2;
                        decimals = 0;
                        sortdirection = ASCENDING;
                        fontname = "Courier New";
                        fontcolor = 153;
                        fonttype = 2;
                        fontsize = 0.8;
                        fontratio = 0.75;
                        fontstyle = 0;
                        fontslant = 0;
                        pen = 0;
                        oncombine = NONE;
                    };
                };
            };

            row _tmp_2022
            {
                name = "Row_29";
                height = 3;
                visibility = TRUE;
                usecolumns = FALSE;
                rule = "if (GetValue(\"SHAPE\") != \"STR\") then\r\n  Output()\r\nelse\r\n  StepOver()\r\nendif";
                contenttype = "REBAR";
                sorttype = COMBINE;

                text _tmp_2023
                {
                    name = "Text_190";
                    x1 = 15;
                    y1 = 1;
                    x2 = 15;
                    y2 = 1;
                    string = "Bent Rebar List:";
                    fontname = "Courier New";
                    fontcolor = 162;
                    fonttype = 2;
                    fontsize = 2.38;
                    fontratio = 1;
                    fontslant = 0;
                    fontstyle = 0;
                    angle = 0;
                    justify = LEFT;
                    pen = 0;
                };

                text _tmp_2024
                {
                    name = "Text_191";
                    x1 = 15;
                    y1 = 2;
                    x2 = 15;
                    y2 = 2;
                    string = "_____________________________________________________________________________________";
                    fontname = "Courier New";
                    fontcolor = 162;
                    fonttype = 2;
                    fontsize = 2.38;
                    fontratio = 1;
                    fontslant = 0;
                    fontstyle = 0;
                    angle = 0;
                    justify = LEFT;
                    pen = 0;
                };

                text _tmp_2025
                {
                    name = "Text_192";
                    x1 = 27;
                    y1 = 0;
                    x2 = 27;
                    y2 = 0;
                    string = "Typ:";
                    fontname = "Courier New";
                    fontcolor = 162;
                    fonttype = 2;
                    fontsize = 1;
                    fontratio = 1;
                    fontslant = 0;
                    fontstyle = 0;
                    angle = 0;
                    justify = LEFT;
                    pen = 0;
                };

                text _tmp_2026
                {
                    name = "Text_193";
                    x1 = 22;
                    y1 = 0;
                    x2 = 22;
                    y2 = 0;
                    string = "Qty:";
                    fontname = "Courier New";
                    fontcolor = 162;
                    fonttype = 2;
                    fontsize = 1;
                    fontratio = 1;
                    fontslant = 0;
                    fontstyle = 0;
                    angle = 0;
                    justify = LEFT;
                    pen = 0;
                };

                text _tmp_2027
                {
                    name = "Text_194";
                    x1 = 33;
                    y1 = 0;
                    x2 = 33;
                    y2 = 0;
                    string = "Grade:";
                    fontname = "Courier New";
                    fontcolor = 162;
                    fonttype = 2;
                    fontsize = 2.38;
                    fontratio = 1;
                    fontslant = 0;
                    fontstyle = 0;
                    angle = 0;
                    justify = LEFT;
                    pen = 0;
                };

                text _tmp_2028
                {
                    name = "Text_195";
                    x1 = 45;
                    y1 = 0;
                    x2 = 45;
                    y2 = 0;
                    string = "Size:";
                    fontname = "Courier New";
                    fontcolor = 162;
                    fonttype = 2;
                    fontsize = 2.38;
                    fontratio = 1;
                    fontslant = 0;
                    fontstyle = 0;
                    angle = 0;
                    justify = LEFT;
                    pen = 0;
                };

                text _tmp_2029
                {
                    name = "Text_196";
                    x1 = 52;
                    y1 = 0;
                    x2 = 52;
                    y2 = 0;
                    string = "Length(mm):";
                    fontname = "Courier New";
                    fontcolor = 162;
                    fonttype = 2;
                    fontsize = 2.38;
                    fontratio = 1;
                    fontslant = 0;
                    fontstyle = 0;
                    angle = 0;
                    justify = LEFT;
                    pen = 0;
                };

                text _tmp_2030
                {
                    name = "Text_197";
                    x1 = 65;
                    y1 = 1;
                    x2 = 65;
                    y2 = 1;
                    string = "Total";
                    fontname = "Courier New";
                    fontcolor = 162;
                    fonttype = 2;
                    fontsize = 2.38;
                    fontratio = 1;
                    fontslant = 0;
                    fontstyle = 0;
                    angle = 0;
                    justify = LEFT;
                    pen = 0;
                };

                text _tmp_2031
                {
                    name = "Text_198";
                    x1 = 65;
                    y1 = 0;
                    x2 = 65;
                    y2 = 0;
                    string = "Length(mm):";
                    fontname = "Courier New";
                    fontcolor = 162;
                    fonttype = 2;
                    fontsize = 2.38;
                    fontratio = 1;
                    fontslant = 0;
                    fontstyle = 0;
                    angle = 0;
                    justify = LEFT;
                    pen = 0;
                };

                text _tmp_2032
                {
                    name = "Text_199";
                    x1 = 79;
                    y1 = 1;
                    x2 = 79;
                    y2 = 1;
                    string = "Total";
                    fontname = "Courier New";
                    fontcolor = 162;
                    fonttype = 2;
                    fontsize = 2.38;
                    fontratio = 1;
                    fontslant = 0;
                    fontstyle = 0;
                    angle = 0;
                    justify = LEFT;
                    pen = 0;
                };

                text _tmp_2033
                {
                    name = "Text_200";
                    x1 = 79;
                    y1 = 0;
                    x2 = 79;
                    y2 = 0;
                    string = "Weight(kg):";
                    fontname = "Courier New";
                    fontcolor = 162;
                    fonttype = 2;
                    fontsize = 2.38;
                    fontratio = 1;
                    fontslant = 0;
                    fontstyle = 0;
                    angle = 0;
                    justify = LEFT;
                    pen = 0;
                };
            };

            row _tmp_2034
            {
                name = "Row_30";
                height = 1;
                visibility = TRUE;
                usecolumns = FALSE;
                rule = "if (GetValue(\"SHAPE\") != \"STR\" &&GetValue(\"GROUP_TYPE\") == 0) then\r\n  Output()\r\nelse\r\n  StepOver()\r\nendif\r\n\r\n\r\n";
                contenttype = "REBAR";
                sorttype = COMBINE;

                valuefield _tmp_2035
                {
                    name = "ValueField_162";
                    location = (33, 0);
                    formula = "GetValue(\"GRADE\")";
                    datatype = STRING;
                    class = "";
                    cacheable = TRUE;
                    justify = LEFT;
                    visibility = TRUE;
                    angle = 0;
                    length = 7;
                    decimals = 0;
                    sortdirection = ASCENDING;
                    fontname = "Courier New";
                    fontcolor = 153;
                    fonttype = 2;
                    fontsize = 1;
                    fontratio = 1;
                    fontstyle = 0;
                    fontslant = 0;
                    pen = 0;
                    oncombine = NONE;
                };

                valuefield _tmp_2036
                {
                    name = "ValueField_163";
                    location = (44, 0);
                    formula = "GetValue(\"SIZE\")";
                    datatype = STRING;
                    class = "";
                    cacheable = TRUE;
                    justify = CENTERED;
                    visibility = TRUE;
                    angle = 0;
                    length = 6;
                    decimals = 0;
                    sortdirection = ASCENDING;
                    fontname = "Courier New";
                    fontcolor = 153;
                    fonttype = 2;
                    fontsize = 1;
                    fontratio = 1;
                    fontstyle = 0;
                    fontslant = 0;
                    pen = 0;
                    oncombine = NONE;
                };

                valuefield _tmp_2037
                {
                    name = "ValueField_164";
                    location = (53, 0);
                    formula = "GetValue(\"LENGTH\")";
                    datatype = DOUBLE;
                    class = "Length";
                    cacheable = TRUE;
                    justify = RIGHT;
                    visibility = TRUE;
                    angle = 0;
                    length = 8;
                    decimals = 0;
                    sortdirection = ASCENDING;
                    fontname = "Courier New";
                    fontcolor = 153;
                    fonttype = 2;
                    fontsize = 1;
                    fontratio = 1;
                    fontstyle = 0;
                    fontslant = 0;
                    pen = 0;
                    oncombine = NONE;
                    unit = "mm";
                };

                valuefield _tmp_2038
                {
                    name = "ValueField_165";
                    location = (22, 0);
                    formula = "GetValue(\"NUMBER\")";
                    datatype = INTEGER;
                    class = "";
                    cacheable = TRUE;
                    justify = RIGHT;
                    visibility = TRUE;
                    angle = 0;
                    length = 3;
                    decimals = 0;
                    sortdirection = NONE;
                    fontname = "Courier New";
                    fontcolor = 153;
                    fonttype = 2;
                    fontsize = 1;
                    fontratio = 1;
                    fontstyle = 0;
                    fontslant = 0;
                    pen = 0;
                    oncombine = SUM;
                };

                valuefield _tmp_2039
                {
                    name = "ValueField_166";
                    location = (64, 0);
                    formula = "GetValue(\"LENGTH\")*GetValue(\"NUMBER\")";
                    datatype = DOUBLE;
                    class = "Length";
                    cacheable = TRUE;
                    justify = RIGHT;
                    visibility = TRUE;
                    angle = 0;
                    length = 10;
                    decimals = 0;
                    sortdirection = NONE;
                    fontname = "Courier New";
                    fontcolor = 153;
                    fonttype = 2;
                    fontsize = 1;
                    fontratio = 1;
                    fontstyle = 0;
                    fontslant = 0;
                    pen = 0;
                    oncombine = SUM;
                    unit = "mm";
                };

                valuefield _tmp_2040
                {
                    name = "ValueField_167";
                    location = (80, 0);
                    formula = "GetValue(\"WEIGHT_TOTAL\")";
                    datatype = DOUBLE;
                    class = "Weight";
                    cacheable = TRUE;
                    justify = RIGHT;
                    visibility = TRUE;
                    angle = 0;
                    length = 8;
                    decimals = 0;
                    sortdirection = NONE;
                    fontname = "Courier New";
                    fontcolor = 153;
                    fonttype = 2;
                    fontsize = 1;
                    fontratio = 1;
                    fontstyle = 0;
                    fontslant = 0;
                    pen = 0;
                    oncombine = SUM;
                    unit = "kg";
                };

                valuefield _tmp_2041
                {
                    name = "ValueField_168";
                    location = (16, 0);
                    formula = "GetValue(\"GROUP_TYPE\")";
                    datatype = INTEGER;
                    class = "";
                    cacheable = TRUE;
                    justify = LEFT;
                    visibility = FALSE;
                    angle = 0;
                    length = 2;
                    decimals = 0;
                    sortdirection = ASCENDING;
                    fontname = "Courier New";
                    fontcolor = 153;
                    fonttype = 2;
                    fontsize = 0.8;
                    fontratio = 0.75;
                    fontstyle = 0;
                    fontslant = 0;
                    pen = 0;
                    oncombine = NONE;
                };

                valuefield _tmp_2042
                {
                    name = "ValueField_169";
                    location = (27, 0);
                    formula = "GetValue(\"SHAPE\")";
                    datatype = STRING;
                    class = "";
                    cacheable = TRUE;
                    justify = RIGHT;
                    visibility = TRUE;
                    angle = 0;
                    length = 3;
                    decimals = 0;
                    sortdirection = NONE;
                    fontname = "Courier New";
                    fontcolor = 153;
                    fonttype = 2;
                    fontsize = 1;
                    fontratio = 1;
                    fontstyle = 0;
                    fontslant = 0;
                    pen = 0;
                    oncombine = NONE;
                };
            };

            row _tmp_2043
            {
                name = "Row_31";
                height = 1;
                visibility = TRUE;
                usecolumns = FALSE;
                rule = "if (GetValue(\"SHAPE\") != \"STR\" &&GetValue(\"GROUP_TYPE\") >= 1 &&GetValue(\"GRADE\") != \"WFP\") then\r\n  Output()\r\nelse\r\n  StepOver()\r\nendif\r\n";
                contenttype = "REBAR";
                sorttype = COMBINE;

                valuefield _tmp_2044
                {
                    name = "ValueField_170";
                    location = (33, 0);
                    formula = "GetValue(\"GRADE\")";
                    datatype = STRING;
                    class = "";
                    cacheable = TRUE;
                    justify = LEFT;
                    visibility = TRUE;
                    angle = 0;
                    length = 7;
                    decimals = 0;
                    sortdirection = ASCENDING;
                    fontname = "Courier New";
                    fontcolor = 153;
                    fonttype = 2;
                    fontsize = 1;
                    fontratio = 1;
                    fontstyle = 0;
                    fontslant = 0;
                    pen = 0;
                    oncombine = NONE;
                };

                valuefield _tmp_2045
                {
                    name = "ValueField_171";
                    location = (44, 0);
                    formula = "GetValue(\"SIZE\")";
                    datatype = STRING;
                    class = "";
                    cacheable = TRUE;
                    justify = CENTERED;
                    visibility = TRUE;
                    angle = 0;
                    length = 6;
                    decimals = 0;
                    sortdirection = ASCENDING;
                    fontname = "Courier New";
                    fontcolor = 153;
                    fonttype = 2;
                    fontsize = 1;
                    fontratio = 1;
                    fontstyle = 0;
                    fontslant = 0;
                    pen = 0;
                    oncombine = NONE;
                };

                valuefield _tmp_2046
                {
                    name = "ValueField_172";
                    location = (22, 0);
                    formula = "GetValue(\"NUMBER\")";
                    datatype = INTEGER;
                    class = "";
                    cacheable = TRUE;
                    justify = RIGHT;
                    visibility = TRUE;
                    angle = 0;
                    length = 3;
                    decimals = 0;
                    sortdirection = NONE;
                    fontname = "Courier New";
                    fontcolor = 153;
                    fonttype = 2;
                    fontsize = 1;
                    fontratio = 1;
                    fontstyle = 0;
                    fontslant = 0;
                    pen = 0;
                    oncombine = SUM;
                };

                valuefield _tmp_2047
                {
                    name = "ValueField_173";
                    location = (80, 0);
                    formula = "GetValue(\"WEIGHT_TOTAL\")";
                    datatype = DOUBLE;
                    class = "Weight";
                    cacheable = TRUE;
                    justify = RIGHT;
                    visibility = TRUE;
                    angle = 0;
                    length = 8;
                    decimals = 0;
                    sortdirection = NONE;
                    fontname = "Courier New";
                    fontcolor = 153;
                    fonttype = 2;
                    fontsize = 1;
                    fontratio = 1;
                    fontstyle = 0;
                    fontslant = 0;
                    pen = 0;
                    oncombine = SUM;
                    unit = "kg";
                };

                valuefield _tmp_2048
                {
                    name = "ValueField_174";
                    location = (16, 0);
                    formula = "GetValue(\"GROUP_TYPE\")";
                    datatype = INTEGER;
                    class = "";
                    cacheable = TRUE;
                    justify = LEFT;
                    visibility = FALSE;
                    angle = 0;
                    length = 2;
                    decimals = 0;
                    sortdirection = ASCENDING;
                    fontname = "Courier New";
                    fontcolor = 153;
                    fonttype = 2;
                    fontsize = 0.8;
                    fontratio = 0.75;
                    fontstyle = 0;
                    fontslant = 0;
                    pen = 0;
                    oncombine = NONE;
                };

                text _tmp_2049
                {
                    name = "Text_201";
                    x1 = 51;
                    y1 = 0;
                    x2 = 51;
                    y2 = 0;
                    string = "L MIN";
                    fontname = "Courier New";
                    fontcolor = 153;
                    fonttype = 2;
                    fontsize = 0.8;
                    fontratio = 0.75;
                    fontslant = 0;
                    fontstyle = 0;
                    angle = 0;
                    justify = LEFT;
                    pen = 0;
                };

                valuefield _tmp_2050
                {
                    name = "ValueField_175";
                    location = (57, 0);
                    formula = "GetValue(\"LENGTH_MIN\")";
                    datatype = DOUBLE;
                    class = "Length";
                    cacheable = TRUE;
                    justify = LEFT;
                    visibility = TRUE;
                    angle = 0;
                    length = 7;
                    decimals = 1;
                    sortdirection = ASCENDING;
                    fontname = "Courier New";
                    fontcolor = 153;
                    fonttype = 2;
                    fontsize = 0.8;
                    fontratio = 0.75;
                    fontstyle = 0;
                    fontslant = 0;
                    pen = 0;
                    oncombine = NONE;
                    unit = "mm";
                };

                text _tmp_2051
                {
                    name = "Text_202";
                    x1 = 64;
                    y1 = 0;
                    x2 = 64;
                    y2 = 0;
                    string = "-";
                    fontname = "Courier New";
                    fontcolor = 153;
                    fonttype = 2;
                    fontsize = 0.8;
                    fontratio = 0.75;
                    fontslant = 0;
                    fontstyle = 0;
                    angle = 0;
                    justify = LEFT;
                    pen = 0;
                };

                text _tmp_2052
                {
                    name = "Text_203";
                    x1 = 66;
                    y1 = 0;
                    x2 = 66;
                    y2 = 0;
                    string = "L MAX";
                    fontname = "Courier New";
                    fontcolor = 153;
                    fonttype = 2;
                    fontsize = 0.8;
                    fontratio = 0.75;
                    fontslant = 0;
                    fontstyle = 0;
                    angle = 0;
                    justify = LEFT;
                    pen = 0;
                };

                valuefield _tmp_2053
                {
                    name = "ValueField_176";
                    location = (72, 0);
                    formula = "GetValue(\"LENGTH_MAX\")";
                    datatype = DOUBLE;
                    class = "Length";
                    cacheable = TRUE;
                    justify = LEFT;
                    visibility = TRUE;
                    angle = 0;
                    length = 7;
                    decimals = 1;
                    sortdirection = NONE;
                    fontname = "Courier New";
                    fontcolor = 153;
                    fonttype = 2;
                    fontsize = 0.8;
                    fontratio = 0.75;
                    fontstyle = 0;
                    fontslant = 0;
                    pen = 0;
                    oncombine = NONE;
                    unit = "mm";
                };

                valuefield _tmp_2054
                {
                    name = "ValueField_177";
                    location = (27, 0);
                    formula = "GetValue(\"SHAPE\")";
                    datatype = STRING;
                    class = "";
                    cacheable = TRUE;
                    justify = RIGHT;
                    visibility = TRUE;
                    angle = 0;
                    length = 3;
                    decimals = 0;
                    sortdirection = NONE;
                    fontname = "Courier New";
                    fontcolor = 153;
                    fonttype = 2;
                    fontsize = 1;
                    fontratio = 1;
                    fontstyle = 0;
                    fontslant = 0;
                    pen = 0;
                    oncombine = NONE;
                };

                row _tmp_2055
                {
                    name = "Row_32";
                    height = 1;
                    visibility = TRUE;
                    usecolumns = FALSE;
                    rule = "";
                    contenttype = "SINGLE_REBAR";
                    sorttype = COMBINE;

                    valuefield _tmp_2056
                    {
                        name = "ValueField_178";
                        location = (44, 0);
                        formula = "GetValue(\"REBAR.SIZE\")";
                        datatype = STRING;
                        class = "";
                        cacheable = TRUE;
                        justify = CENTERED;
                        visibility = TRUE;
                        angle = 0;
                        length = 6;
                        decimals = 0;
                        sortdirection = ASCENDING;
                        fontname = "Courier New";
                        fontcolor = 153;
                        fonttype = 2;
                        fontsize = 1;
                        fontratio = 1;
                        fontstyle = 0;
                        fontslant = 0;
                        pen = 0;
                        oncombine = NONE;
                    };

                    valuefield _tmp_2057
                    {
                        name = "ValueField_179";
                        location = (53, 0);
                        formula = "GetValue(\"LENGTH\")";
                        datatype = DOUBLE;
                        class = "Length";
                        cacheable = TRUE;
                        justify = RIGHT;
                        visibility = TRUE;
                        angle = 0;
                        length = 8;
                        decimals = 0;
                        sortdirection = ASCENDING;
                        fontname = "Courier New";
                        fontcolor = 153;
                        fonttype = 2;
                        fontsize = 1;
                        fontratio = 1;
                        fontstyle = 0;
                        fontslant = 0;
                        pen = 0;
                        oncombine = NONE;
                        unit = "mm";
                    };

                    valuefield _tmp_2058
                    {
                        name = "ValueField_180";
                        location = (22, 0);
                        formula = "GetValue(\"NUMBER\")";
                        datatype = INTEGER;
                        class = "";
                        cacheable = TRUE;
                        justify = RIGHT;
                        visibility = TRUE;
                        angle = 0;
                        length = 3;
                        decimals = 0;
                        sortdirection = NONE;
                        fontname = "Courier New";
                        fontcolor = 153;
                        fonttype = 2;
                        fontsize = 1;
                        fontratio = 1;
                        fontstyle = 0;
                        fontslant = 0;
                        pen = 0;
                        oncombine = SUM;
                    };

                    valuefield _tmp_2059
                    {
                        name = "ValueField_181";
                        location = (64, 0);
                        formula = "GetValue(\"LENGTH\")*GetValue(\"NUMBER\")";
                        datatype = DOUBLE;
                        class = "Length";
                        cacheable = TRUE;
                        justify = RIGHT;
                        visibility = TRUE;
                        angle = 0;
                        length = 10;
                        decimals = 0;
                        sortdirection = NONE;
                        fontname = "Courier New";
                        fontcolor = 153;
                        fonttype = 2;
                        fontsize = 1;
                        fontratio = 1;
                        fontstyle = 0;
                        fontslant = 0;
                        pen = 0;
                        oncombine = SUM;
                        unit = "mm";
                    };

                    valuefield _tmp_2060
                    {
                        name = "ValueField_182";
                        location = (80, 0);
                        formula = "GetValue(\"WEIGHT_TOTAL\")";
                        datatype = DOUBLE;
                        class = "Weight";
                        cacheable = TRUE;
                        justify = RIGHT;
                        visibility = TRUE;
                        angle = 0;
                        length = 8;
                        decimals = 0;
                        sortdirection = NONE;
                        fontname = "Courier New";
                        fontcolor = 153;
                        fonttype = 2;
                        fontsize = 1;
                        fontratio = 1;
                        fontstyle = 0;
                        fontslant = 0;
                        pen = 0;
                        oncombine = SUM;
                        unit = "kg";
                    };

                    valuefield _tmp_2061
                    {
                        name = "ValueField_183";
                        location = (16, 0);
                        formula = "GetValue(\"GROUP_TYPE\")";
                        datatype = INTEGER;
                        class = "";
                        cacheable = TRUE;
                        justify = LEFT;
                        visibility = FALSE;
                        angle = 0;
                        length = 2;
                        decimals = 0;
                        sortdirection = ASCENDING;
                        fontname = "Courier New";
                        fontcolor = 153;
                        fonttype = 2;
                        fontsize = 0.8;
                        fontratio = 0.75;
                        fontstyle = 0;
                        fontslant = 0;
                        pen = 0;
                        oncombine = NONE;
                    };
                };
            };

            row _tmp_2062
            {
                name = "Row_33";
                height = 3;
                visibility = TRUE;
                usecolumns = FALSE;
                rule = "";
                contenttype = "STRAND";
                sorttype = COMBINE;

                text _tmp_2063
                {
                    name = "Text_204";
                    x1 = 15;
                    y1 = 2;
                    x2 = 15;
                    y2 = 2;
                    string = "_____________________________________________________________________________________";
                    fontname = "Courier New";
                    fontcolor = 162;
                    fonttype = 2;
                    fontsize = 2.38;
                    fontratio = 1;
                    fontslant = 0;
                    fontstyle = 0;
                    angle = 0;
                    justify = LEFT;
                    pen = 0;
                };

                text _tmp_2064
                {
                    name = "Text_205";
                    x1 = 15;
                    y1 = 1;
                    x2 = 15;
                    y2 = 1;
                    string = "Strand:";
                    fontname = "Courier New";
                    fontcolor = 162;
                    fonttype = 2;
                    fontsize = 2.38;
                    fontratio = 1;
                    fontslant = 0;
                    fontstyle = 0;
                    angle = 0;
                    justify = LEFT;
                    pen = 0;
                };

                text _tmp_2065
                {
                    name = "Text_206";
                    x1 = 33;
                    y1 = 0;
                    x2 = 33;
                    y2 = 0;
                    string = "Grade:";
                    fontname = "Courier New";
                    fontcolor = 162;
                    fonttype = 2;
                    fontsize = 2.38;
                    fontratio = 1;
                    fontslant = 0;
                    fontstyle = 0;
                    angle = 0;
                    justify = LEFT;
                    pen = 0;
                };

                text _tmp_2066
                {
                    name = "Text_207";
                    x1 = 22;
                    y1 = 0;
                    x2 = 22;
                    y2 = 0;
                    string = "Qty:";
                    fontname = "Courier New";
                    fontcolor = 162;
                    fonttype = 2;
                    fontsize = 1;
                    fontratio = 1;
                    fontslant = 0;
                    fontstyle = 0;
                    angle = 0;
                    justify = LEFT;
                    pen = 0;
                };

                text _tmp_2067
                {
                    name = "Text_208";
                    x1 = 52;
                    y1 = 0;
                    x2 = 52;
                    y2 = 0;
                    string = "Length(mm):";
                    fontname = "Courier New";
                    fontcolor = 162;
                    fonttype = 2;
                    fontsize = 2.38;
                    fontratio = 1;
                    fontslant = 0;
                    fontstyle = 0;
                    angle = 0;
                    justify = LEFT;
                    pen = 0;
                };

                text _tmp_2068
                {
                    name = "Text_209";
                    x1 = 94;
                    y1 = 0;
                    x2 = 94;
                    y2 = 0;
                    string = "Pi (KN):";
                    fontname = "Courier New";
                    fontcolor = 162;
                    fonttype = 2;
                    fontsize = 2.38;
                    fontratio = 1;
                    fontslant = 0;
                    fontstyle = 0;
                    angle = 0;
                    justify = LEFT;
                    pen = 0;
                };

                text _tmp_2069
                {
                    name = "Text_210";
                    x1 = 65;
                    y1 = 1;
                    x2 = 65;
                    y2 = 1;
                    string = "Total";
                    fontname = "Courier New";
                    fontcolor = 162;
                    fonttype = 2;
                    fontsize = 2.38;
                    fontratio = 1;
                    fontslant = 0;
                    fontstyle = 0;
                    angle = 0;
                    justify = LEFT;
                    pen = 0;
                };

                text _tmp_2070
                {
                    name = "Text_211";
                    x1 = 65;
                    y1 = 0;
                    x2 = 65;
                    y2 = 0;
                    string = "Length(mm):";
                    fontname = "Courier New";
                    fontcolor = 162;
                    fonttype = 2;
                    fontsize = 2.38;
                    fontratio = 1;
                    fontslant = 0;
                    fontstyle = 0;
                    angle = 0;
                    justify = LEFT;
                    pen = 0;
                };

                text _tmp_2071
                {
                    name = "Text_212";
                    x1 = 45;
                    y1 = 0;
                    x2 = 45;
                    y2 = 0;
                    string = "Size:";
                    fontname = "Courier New";
                    fontcolor = 162;
                    fonttype = 2;
                    fontsize = 2.38;
                    fontratio = 1;
                    fontslant = 0;
                    fontstyle = 0;
                    angle = 0;
                    justify = LEFT;
                    pen = 0;
                };

                text _tmp_2072
                {
                    name = "Text_213";
                    x1 = 79;
                    y1 = 1;
                    x2 = 79;
                    y2 = 1;
                    string = "Total";
                    fontname = "Courier New";
                    fontcolor = 162;
                    fonttype = 2;
                    fontsize = 2.38;
                    fontratio = 1;
                    fontslant = 0;
                    fontstyle = 0;
                    angle = 0;
                    justify = LEFT;
                    pen = 0;
                };

                text _tmp_2073
                {
                    name = "Text_214";
                    x1 = 79;
                    y1 = 0;
                    x2 = 79;
                    y2 = 0;
                    string = "Weight(kg):";
                    fontname = "Courier New";
                    fontcolor = 162;
                    fonttype = 2;
                    fontsize = 2.38;
                    fontratio = 1;
                    fontslant = 0;
                    fontstyle = 0;
                    angle = 0;
                    justify = LEFT;
                    pen = 0;
                };
            };

            row _tmp_2074
            {
                name = "Row_34";
                height = 1;
                visibility = TRUE;
                usecolumns = FALSE;
                rule = "";
                contenttype = "STRAND";
                sorttype = COMBINE;

                valuefield _tmp_2075
                {
                    name = "ValueField_184";
                    location = (33, 0);
                    formula = "GetValue(\"MATERIAL\")";
                    datatype = STRING;
                    class = "";
                    cacheable = TRUE;
                    justify = LEFT;
                    visibility = TRUE;
                    angle = 0;
                    length = 7;
                    decimals = 0;
                    sortdirection = ASCENDING;
                    fontname = "Courier New";
                    fontcolor = 153;
                    fonttype = 2;
                    fontsize = 1;
                    fontratio = 1;
                    fontstyle = 0;
                    fontslant = 0;
                    pen = 0;
                    oncombine = NONE;
                };

                valuefield _tmp_2076
                {
                    name = "ValueField_185";
                    location = (53, 0);
                    formula = "GetValue(\"LENGTH\")";
                    datatype = DOUBLE;
                    class = "Length";
                    cacheable = TRUE;
                    justify = RIGHT;
                    visibility = TRUE;
                    angle = 0;
                    length = 8;
                    decimals = 0;
                    sortdirection = ASCENDING;
                    fontname = "Courier New";
                    fontcolor = 153;
                    fonttype = 2;
                    fontsize = 1;
                    fontratio = 1;
                    fontstyle = 0;
                    fontslant = 0;
                    pen = 0;
                    oncombine = NONE;
                    unit = "mm";
                };

                valuefield _tmp_2077
                {
                    name = "ValueField_186";
                    location = (94, 0);
                    formula = "GetValue(\"STRAND_PULL_FORCE\")";
                    datatype = DOUBLE;
                    class = "Force";
                    cacheable = TRUE;
                    justify = RIGHT;
                    visibility = TRUE;
                    angle = 0;
                    length = 8;
                    decimals = 2;
                    sortdirection = ASCENDING;
                    fontname = "Courier New";
                    fontcolor = 153;
                    fonttype = 2;
                    fontsize = 1;
                    fontratio = 1;
                    fontstyle = 0;
                    fontslant = 0;
                    pen = 0;
                    oncombine = NONE;
                    unit = "kN";
                };

                valuefield _tmp_2078
                {
                    name = "ValueField_187";
                    location = (22, 0);
                    formula = "GetValue(\"NUMBER\")";
                    datatype = INTEGER;
                    class = "";
                    cacheable = TRUE;
                    justify = RIGHT;
                    visibility = TRUE;
                    angle = 0;
                    length = 3;
                    decimals = 0;
                    sortdirection = NONE;
                    fontname = "Courier New";
                    fontcolor = 153;
                    fonttype = 2;
                    fontsize = 1;
                    fontratio = 1;
                    fontstyle = 0;
                    fontslant = 0;
                    pen = 0;
                    oncombine = SUM;
                };

                valuefield _tmp_2079
                {
                    name = "ValueField_188";
                    location = (64, 0);
                    formula = "GetValue(\"NUMBER\")*GetValue(\"LENGTH\")";
                    datatype = DOUBLE;
                    class = "Length";
                    cacheable = TRUE;
                    justify = RIGHT;
                    visibility = TRUE;
                    angle = 0;
                    length = 10;
                    decimals = 0;
                    sortdirection = NONE;
                    fontname = "Courier New";
                    fontcolor = 153;
                    fonttype = 2;
                    fontsize = 1;
                    fontratio = 1;
                    fontstyle = 0;
                    fontslant = 0;
                    pen = 0;
                    oncombine = SUM;
                    unit = "mm";
                };

                valuefield _tmp_2080
                {
                    name = "ValueField_189";
                    location = (44, 0);
                    formula = "GetValue(\"SIZE\")";
                    datatype = STRING;
                    class = "";
                    cacheable = TRUE;
                    justify = CENTERED;
                    visibility = TRUE;
                    angle = 0;
                    length = 6;
                    decimals = 0;
                    sortdirection = ASCENDING;
                    fontname = "Courier New";
                    fontcolor = 153;
                    fonttype = 2;
                    fontsize = 1;
                    fontratio = 1;
                    fontstyle = 0;
                    fontslant = 0;
                    pen = 0;
                    oncombine = NONE;
                };

                valuefield _tmp_2081
                {
                    name = "ValueField_190";
                    location = (80, 0);
                    formula = "GetValue(\"WEIGHT_TOTAL\")";
                    datatype = DOUBLE;
                    class = "Weight";
                    cacheable = TRUE;
                    justify = RIGHT;
                    visibility = TRUE;
                    angle = 0;
                    length = 8;
                    decimals = 0;
                    sortdirection = NONE;
                    fontname = "Courier New";
                    fontcolor = 153;
                    fonttype = 2;
                    fontsize = 1;
                    fontratio = 1;
                    fontstyle = 0;
                    fontslant = 0;
                    pen = 0;
                    oncombine = SUM;
                    unit = "kg";
                };
            };

            row _tmp_2082
            {
                name = "Row_35";
                height = 3;
                visibility = TRUE;
                usecolumns = FALSE;
                rule = "if (GetValue(\"GRADE\") == \"WFP\") then\n  Output()\nelse\n  StepOver()\nendif\n";
                contenttype = "MESH";
                sorttype = COMBINE;

                text _tmp_2083
                {
                    name = "Text_215";
                    x1 = 15;
                    y1 = 2;
                    x2 = 15;
                    y2 = 2;
                    string = "_____________________________________________________________________________________";
                    fontname = "Courier New";
                    fontcolor = 162;
                    fonttype = 2;
                    fontsize = 2.38;
                    fontratio = 1;
                    fontslant = 0;
                    fontstyle = 0;
                    angle = 0;
                    justify = LEFT;
                    pen = 0;
                };

                text _tmp_2084
                {
                    name = "Text_216";
                    x1 = 15;
                    y1 = 1;
                    x2 = 15;
                    y2 = 1;
                    string = "Mesh:";
                    fontname = "Courier New";
                    fontcolor = 162;
                    fonttype = 2;
                    fontsize = 2.38;
                    fontratio = 1;
                    fontslant = 0;
                    fontstyle = 0;
                    angle = 0;
                    justify = LEFT;
                    pen = 0;
                };

                text _tmp_2085
                {
                    name = "Text_217";
                    x1 = 33;
                    y1 = 0;
                    x2 = 33;
                    y2 = 0;
                    string = "Grade:";
                    fontname = "Courier New";
                    fontcolor = 162;
                    fonttype = 2;
                    fontsize = 2.38;
                    fontratio = 1;
                    fontslant = 0;
                    fontstyle = 0;
                    angle = 0;
                    justify = LEFT;
                    pen = 0;
                };

                text _tmp_2086
                {
                    name = "Text_218";
                    x1 = 22;
                    y1 = 0;
                    x2 = 22;
                    y2 = 0;
                    string = "Qty:";
                    fontname = "Courier New";
                    fontcolor = 162;
                    fonttype = 2;
                    fontsize = 1;
                    fontratio = 1;
                    fontslant = 0;
                    fontstyle = 0;
                    angle = 0;
                    justify = LEFT;
                    pen = 0;
                };

                text _tmp_2087
                {
                    name = "Text_219";
                    x1 = 79;
                    y1 = 0;
                    x2 = 79;
                    y2 = 0;
                    string = "Area (㎡):";
                    fontname = "Courier New";
                    fontcolor = 162;
                    fonttype = 2;
                    fontsize = 2.38;
                    fontratio = 1;
                    fontslant = 0;
                    fontstyle = 0;
                    angle = 0;
                    justify = LEFT;
                    pen = 0;
                };

                text _tmp_2088
                {
                    name = "Text_220";
                    x1 = 45;
                    y1 = 0;
                    x2 = 45;
                    y2 = 0;
                    string = "Catalog Size:";
                    fontname = "Courier New";
                    fontcolor = 162;
                    fonttype = 2;
                    fontsize = 2.38;
                    fontratio = 1;
                    fontslant = 0;
                    fontstyle = 0;
                    angle = 0;
                    justify = LEFT;
                    pen = 0;
                };
            };

            row _tmp_2089
            {
                name = "Row_36";
                height = 1;
                visibility = TRUE;
                usecolumns = FALSE;
                rule = "if (GetValue(\"GRADE\") == \"WFP\") then\r\n  Output()\r\nelse\r\n  StepOver()\r\nendif";
                contenttype = "MESH";
                sorttype = COMBINE;

                valuefield _tmp_2090
                {
                    name = "ValueField_191";
                    location = (33, 0);
                    formula = "GetValue(\"GRADE\")";
                    datatype = STRING;
                    class = "";
                    cacheable = TRUE;
                    justify = LEFT;
                    visibility = TRUE;
                    angle = 0;
                    length = 7;
                    decimals = 0;
                    sortdirection = ASCENDING;
                    fontname = "Courier New";
                    fontcolor = 153;
                    fonttype = 2;
                    fontsize = 1;
                    fontratio = 1;
                    fontstyle = 0;
                    fontslant = 0;
                    pen = 0;
                    oncombine = NONE;
                };

                valuefield _tmp_2091
                {
                    name = "ValueField_192";
                    location = (45, 0);
                    formula = "GetValue(\"CATALOG_NAME\")";
                    datatype = STRING;
                    class = "Length";
                    cacheable = TRUE;
                    justify = LEFT;
                    visibility = TRUE;
                    angle = 0;
                    length = 20;
                    decimals = 0;
                    sortdirection = ASCENDING;
                    fontname = "Courier New";
                    fontcolor = 153;
                    fonttype = 2;
                    fontsize = 1;
                    fontratio = 1;
                    fontstyle = 0;
                    fontslant = 0;
                    pen = 0;
                    oncombine = NONE;
                    unit = "mm";
                };

                valuefield _tmp_2092
                {
                    name = "ValueField_193";
                    location = (80, 0);
                    formula = "GetValue(\"AREA\")";
                    datatype = DOUBLE;
                    class = "Area";
                    cacheable = TRUE;
                    justify = RIGHT;
                    visibility = TRUE;
                    angle = 0;
                    length = 8;
                    decimals = 2;
                    sortdirection = ASCENDING;
                    fontname = "Courier New";
                    fontcolor = 153;
                    fonttype = 2;
                    fontsize = 1;
                    fontratio = 1;
                    fontstyle = 0;
                    fontslant = 0;
                    pen = 0;
                    oncombine = NONE;
                    unit = "m2";
                };

                valuefield _tmp_2093
                {
                    name = "ValueField_194";
                    location = (22, 0);
                    formula = "GetValue(\"NUMBER\")";
                    datatype = INTEGER;
                    class = "";
                    cacheable = TRUE;
                    justify = RIGHT;
                    visibility = TRUE;
                    angle = 0;
                    length = 3;
                    decimals = 0;
                    sortdirection = NONE;
                    fontname = "Courier New";
                    fontcolor = 153;
                    fonttype = 2;
                    fontsize = 1;
                    fontratio = 1;
                    fontstyle = 0;
                    fontslant = 0;
                    pen = 0;
                    oncombine = SUM;
                };
            };
        };

        valuefield _tmp_81
        {
            name = "ValueField_123";
            location = (86, 1);
            formula = "GetValue(\"VOLUME\")";
            datatype = DOUBLE;
            class = "Volume";
            cacheable = TRUE;
            justify = RIGHT;
            visibility = TRUE;
            angle = 0;
            length = 12;
            decimals = 2;
            sortdirection = NONE;
            fontname = "Courier New";
            fontcolor = 153;
            fonttype = 2;
            fontsize = 1;
            fontratio = 1;
            fontstyle = 0;
            fontslant = 0;
            pen = 0;
            oncombine = NONE;
            unit = "m3";
        };

        text _tmp_82
        {
            name = "Text_154";
            x1 = 87;
            y1 = 2;
            x2 = 87;
            y2 = 2;
            string = "Volume (㎥):";
            fontname = "Courier New";
            fontcolor = 162;
            fonttype = 2;
            fontsize = 1;
            fontratio = 1;
            fontslant = 0;
            fontstyle = 0;
            angle = 0;
            justify = LEFT;
            pen = 0;
        };

        valuefield _tmp_83
        {
            name = "ValueField_124";
            location = (120, 1);
            formula = "GetValue(\"WEIGHT\")";
            datatype = DOUBLE;
            class = "Weight";
            cacheable = TRUE;
            justify = RIGHT;
            visibility = TRUE;
            angle = 0;
            length = 12;
            decimals = 0;
            sortdirection = NONE;
            fontname = "Courier New";
            fontcolor = 153;
            fonttype = 2;
            fontsize = 1;
            fontratio = 1;
            fontstyle = 0;
            fontslant = 0;
            pen = 0;
            oncombine = NONE;
            unit = "kg";
        };

        text _tmp_84
        {
            name = "Text_155";
            x1 = 121;
            y1 = 2;
            x2 = 121;
            y2 = 2;
            string = "Weight (kg):";
            fontname = "Courier New";
            fontcolor = 162;
            fonttype = 2;
            fontsize = 1;
            fontratio = 1;
            fontslant = 0;
            fontstyle = 0;
            angle = 0;
            justify = LEFT;
            pen = 0;
        };

        text _tmp_85
        {
            name = "Text_443";
            x1 = 102;
            y1 = 2;
            x2 = 102;
            y2 = 2;
            string = "Total Volume (㎥):";
            fontname = "Courier New";
            fontcolor = 162;
            fonttype = 2;
            fontsize = 1;
            fontratio = 1;
            fontslant = 0;
            fontstyle = 0;
            angle = 0;
            justify = LEFT;
            pen = 0;
        };

        valuefield _tmp_86
        {
            name = "ValueField_465";
            location = (105, 1);
            formula = "GetValue(\"VOLUME\")*GetValue(\"NUMBER\")";
            datatype = DOUBLE;
            class = "Volume";
            cacheable = TRUE;
            justify = RIGHT;
            visibility = TRUE;
            angle = 0;
            length = 12;
            decimals = 2;
            sortdirection = NONE;
            fontname = "Courier New";
            fontcolor = 153;
            fonttype = 2;
            fontsize = 1;
            fontratio = 1;
            fontstyle = 0;
            fontslant = 0;
            pen = 0;
            oncombine = SUM;
            unit = "m3";
        };
    };

    row _tmp_1758
    {
        name = "CAST_UNIT_FOOTING";
        height = 4;
        visibility = TRUE;
        usecolumns = FALSE;
        rule = "if (match(GetValue(\"CAST_UNIT_TYPE\"),\"*Cast in place*\")||match(GetValue(\"CAST_UNIT_TYPE\"),\"*현장타설*\")) && match(GetValue(\"MAINPART.NAME\"),\"*FOOTING*\")\r\n then\r\n  Output()\r\nelse\r\n  StepOver()\r\nendif";
        contenttype = "CAST_UNIT";
        sorttype = COMBINE;

        valuefield _tmp_1759
        {
            name = "ValueField_41";
            location = (9, 1);
            formula = "GetValue(\"MAINPART.NAME\")";
            datatype = STRING;
            class = "";
            cacheable = TRUE;
            justify = LEFT;
            visibility = TRUE;
            angle = 0;
            length = 15;
            decimals = 0;
            sortdirection = ASCENDING;
            fontname = "Courier New";
            fontcolor = 153;
            fonttype = 2;
            fontsize = 1;
            fontratio = 1;
            fontstyle = 0;
            fontslant = 0;
            pen = 0;
            oncombine = NONE;
        };

        valuefield _tmp_1760
        {
            name = "ValueField_42";
            location = (37, 1);
            formula = "GetValue(\"MATERIAL\")";
            datatype = STRING;
            class = "";
            cacheable = TRUE;
            justify = LEFT;
            visibility = TRUE;
            angle = 0;
            length = 7;
            decimals = 0;
            sortdirection = ASCENDING;
            fontname = "Courier New";
            fontcolor = 153;
            fonttype = 2;
            fontsize = 1;
            fontratio = 1;
            fontstyle = 0;
            fontslant = 0;
            pen = 0;
            oncombine = NONE;
        };

        valuefield _tmp_1761
        {
            name = "ValueField_43";
            location = (51, 1);
            formula = "int(GetValue(\"MAINPART.LENGTH\"))+\"X\"+int(GetValue(\"MAINPART.WIDTH\"))+\"X\"+int(GetValue(\"MAINPART.HEIGHT\"))";
            datatype = STRING;
            class = "";
            cacheable = TRUE;
            justify = LEFT;
            visibility = TRUE;
            angle = 0;
            length = 20;
            decimals = 0;
            sortdirection = ASCENDING;
            fontname = "Courier New";
            fontcolor = 164;
            fonttype = 2;
            fontsize = 2.38;
            fontratio = 1;
            fontstyle = 0;
            fontslant = 0;
            pen = 0;
            oncombine = NONE;
        };

        text _tmp_1763
        {
            name = "Text_33";
            x1 = 2;
            y1 = 2;
            x2 = 2;
            y2 = 2;
            string = "Qty:";
            fontname = "Courier New";
            fontcolor = 162;
            fonttype = 2;
            fontsize = 1;
            fontratio = 1;
            fontslant = 0;
            fontstyle = 0;
            angle = 0;
            justify = LEFT;
            pen = 0;
        };

        text _tmp_1764
        {
            name = "Text_74";
            x1 = 37;
            y1 = 2;
            x2 = 37;
            y2 = 2;
            string = "Material:";
            fontname = "Courier New";
            fontcolor = 162;
            fonttype = 2;
            fontsize = 1;
            fontratio = 1;
            fontslant = 0;
            fontstyle = 0;
            angle = 0;
            justify = LEFT;
            pen = 0;
        };

        text _tmp_1765
        {
            name = "Text_75";
            x1 = 1;
            y1 = 3;
            x2 = 1;
            y2 = 3;
            string = "________________________________________________________________________________________________________________________________________";
            fontname = "Courier New";
            fontcolor = 162;
            fonttype = 2;
            fontsize = 2.38;
            fontratio = 1;
            fontslant = 0;
            fontstyle = 0;
            angle = 0;
            justify = LEFT;
            pen = 0;
        };

        text _tmp_1766
        {
            name = "Text_77";
            x1 = 51;
            y1 = 2;
            x2 = 51;
            y2 = 2;
            string = "Profile:";
            fontname = "Courier New";
            fontcolor = 162;
            fonttype = 2;
            fontsize = 1;
            fontratio = 1;
            fontslant = 0;
            fontstyle = 0;
            angle = 0;
            justify = LEFT;
            pen = 0;
        };

        valuefield _tmp_1768
        {
            name = "ValueField_45";
            location = (2, 1);
            formula = "GetValue(\"NUMBER\")";
            datatype = INTEGER;
            class = "";
            cacheable = TRUE;
            justify = LEFT;
            visibility = TRUE;
            angle = 0;
            length = 4;
            sortdirection = NONE;
            fontname = "Courier New";
            fontcolor = 153;
            fonttype = 2;
            fontsize = 1;
            fontratio = 1;
            fontstyle = 0;
            fontslant = 0;
            pen = 0;
            oncombine = SUM;
        };

        text _tmp_1769
        {
            name = "Text_79";
            x1 = 9;
            y1 = 2;
            x2 = 9;
            y2 = 2;
            string = "Name:";
            fontname = "Courier New";
            fontcolor = 162;
            fonttype = 2;
            fontsize = 1;
            fontratio = 1;
            fontslant = 0;
            fontstyle = 0;
            angle = 0;
            justify = LEFT;
            pen = 0;
        };

        text _tmp_1774
        {
            name = "Text_82";
            x1 = 27;
            y1 = 2;
            x2 = 27;
            y2 = 2;
            string = "Mark:";
            fontname = "Courier New";
            fontcolor = 162;
            fonttype = 2;
            fontsize = 1;
            fontratio = 1;
            fontslant = 0;
            fontstyle = 0;
            angle = 0;
            justify = LEFT;
            pen = 0;
        };

        valuefield _tmp_1775
        {
            name = "ValueField_48";
            location = (27, 1);
            formula = "GetValue(\"CAST_UNIT_POS\")";
            datatype = STRING;
            class = "";
            cacheable = TRUE;
            justify = LEFT;
            visibility = TRUE;
            angle = 0;
            length = 7;
            decimals = 0;
            sortdirection = ASCENDING;
            fontname = "Courier New";
            fontcolor = 153;
            fonttype = 2;
            fontsize = 1;
            fontratio = 1;
            fontstyle = 0;
            fontslant = 0;
            pen = 0;
            oncombine = NONE;
        };

        row _tmp_1776
        {
            name = "Row_1";
            height = 3;
            visibility = TRUE;
            usecolumns = FALSE;
            rule = "if (GetValue(\"MAINPART.MATERIAL_TYPE\") != \"CONCRETE\") then\n  Output()\nelse\n  StepOver()\nendif\n";
            contenttype = "ASSEMBLY";
            sorttype = COMBINE;

            text _tmp_1777
            {
                name = "Text_84";
                x1 = 29;
                y1 = 0;
                x2 = 29;
                y2 = 0;
                string = "Name:";
                fontname = "Courier New";
                fontcolor = 162;
                fonttype = 2;
                fontsize = 2.38;
                fontratio = 1;
                fontslant = 0;
                fontstyle = 0;
                angle = 0;
                justify = LEFT;
                pen = 0;
            };

            text _tmp_1778
            {
                name = "Text_85";
                x1 = 54;
                y1 = 0;
                x2 = 54;
                y2 = 0;
                string = "Profile:";
                fontname = "Courier New";
                fontcolor = 162;
                fonttype = 2;
                fontsize = 2.38;
                fontratio = 1;
                fontslant = 0;
                fontstyle = 0;
                angle = 0;
                justify = LEFT;
                pen = 0;
            };

            text _tmp_1779
            {
                name = "Text_86";
                x1 = 22;
                y1 = 0;
                x2 = 22;
                y2 = 0;
                string = "Qty:";
                fontname = "Courier New";
                fontcolor = 162;
                fonttype = 2;
                fontsize = 1;
                fontratio = 1;
                fontslant = 0;
                fontstyle = 0;
                angle = 0;
                justify = LEFT;
                pen = 0;
            };

            text _tmp_1780
            {
                name = "Text_87";
                x1 = 42;
                y1 = 0;
                x2 = 42;
                y2 = 0;
                string = "Material:";
                fontname = "Courier New";
                fontcolor = 162;
                fonttype = 2;
                fontsize = 2.38;
                fontratio = 1;
                fontslant = 0;
                fontstyle = 0;
                angle = 0;
                justify = LEFT;
                pen = 0;
            };

            text _tmp_1781
            {
                name = "Text_88";
                x1 = 15;
                y1 = 1;
                x2 = 15;
                y2 = 1;
                string = "Component Parts:";
                fontname = "Courier New";
                fontcolor = 162;
                fonttype = 2;
                fontsize = 2.38;
                fontratio = 1;
                fontslant = 0;
                fontstyle = 0;
                angle = 0;
                justify = LEFT;
                pen = 0;
            };

            text _tmp_1782
            {
                name = "Text_89";
                x1 = 15;
                y1 = 2;
                x2 = 15;
                y2 = 2;
                string = "_____________________________________________________________________________________________________________________";
                fontname = "Courier New";
                fontcolor = 162;
                fonttype = 2;
                fontsize = 2.38;
                fontratio = 1;
                fontslant = 0;
                fontstyle = 0;
                angle = 0;
                justify = LEFT;
                pen = 0;
            };

            text _tmp_1783
            {
                name = "Text_90";
                x1 = 104;
                y1 = 0;
                x2 = 104;
                y2 = 0;
                string = "Description:";
                fontname = "Courier New";
                fontcolor = 162;
                fonttype = 2;
                fontsize = 2.38;
                fontratio = 1;
                fontslant = 0;
                fontstyle = 0;
                angle = 0;
                justify = LEFT;
                pen = 0;
            };

            text _tmp_1784
            {
                name = "Text_91";
                x1 = 71;
                y1 = 0;
                x2 = 71;
                y2 = 0;
                string = "Length(mm):";
                fontname = "Courier New";
                fontcolor = 162;
                fonttype = 2;
                fontsize = 2.38;
                fontratio = 1;
                fontslant = 0;
                fontstyle = 0;
                angle = 0;
                justify = LEFT;
                pen = 0;
            };

            text _tmp_1785
            {
                name = "Text_92";
                x1 = 83;
                y1 = 0;
                x2 = 83;
                y2 = 0;
                string = "Finish:";
                fontname = "Courier New";
                fontcolor = 162;
                fonttype = 2;
                fontsize = 2.38;
                fontratio = 1;
                fontslant = 0;
                fontstyle = 0;
                angle = 0;
                justify = LEFT;
                pen = 0;
            };

            text _tmp_1786
            {
                name = "Text_93";
                x1 = 95;
                y1 = 0;
                x2 = 95;
                y2 = 0;
                string = "Class:";
                fontname = "Courier New";
                fontcolor = 162;
                fonttype = 2;
                fontsize = 2.38;
                fontratio = 1;
                fontslant = 0;
                fontstyle = 0;
                angle = 0;
                justify = LEFT;
                pen = 0;
            };
        };

        row _tmp_1787
        {
            name = "Row_3";
            height = 1;
            visibility = TRUE;
            usecolumns = FALSE;
            rule = "if (GetValue(\"MAINPART.MATERIAL_TYPE\") != \"CONCRETE\") then\n  Output()\nelse\n  StepOver()\nendif\n";
            contenttype = "ASSEMBLY";
            sorttype = COMBINE;

            valuefield _tmp_1788
            {
                name = "ValueField_49";
                location = (29, 0);
                formula = "GetValue(\"MAINPART.NAME\")";
                datatype = STRING;
                class = "";
                cacheable = TRUE;
                justify = LEFT;
                visibility = TRUE;
                angle = 0;
                length = 10;
                sortdirection = ASCENDING;
                fontname = "Courier New";
                fontcolor = 153;
                fonttype = 2;
                fontsize = 1;
                fontratio = 1;
                fontstyle = 0;
                fontslant = 0;
                pen = 0;
                oncombine = NONE;
            };

            valuefield _tmp_1789
            {
                name = "ValueField_50";
                location = (42, 0);
                formula = "GetValue(\"MAINPART.MATERIAL\")";
                datatype = STRING;
                class = "";
                cacheable = TRUE;
                justify = LEFT;
                visibility = TRUE;
                angle = 0;
                length = 7;
                sortdirection = ASCENDING;
                fontname = "Courier New";
                fontcolor = 153;
                fonttype = 2;
                fontsize = 1;
                fontratio = 1;
                fontstyle = 0;
                fontslant = 0;
                pen = 0;
                oncombine = NONE;
            };

            valuefield _tmp_1790
            {
                name = "ValueField_51";
                location = (53, 0);
                formula = "GetValue(\"MAINPART.PROFILE\")";
                datatype = STRING;
                class = "";
                cacheable = TRUE;
                justify = LEFT;
                visibility = TRUE;
                angle = 0;
                length = 14;
                sortdirection = ASCENDING;
                fontname = "Courier New";
                fontcolor = 153;
                fonttype = 2;
                fontsize = 1;
                fontratio = 1;
                fontstyle = 0;
                fontslant = 0;
                pen = 0;
                oncombine = NONE;
            };

            valuefield _tmp_1791
            {
                name = "ValueField_52";
                location = (69, 0);
                formula = "GetValue(\"MAINPART.LENGTH\")";
                datatype = DOUBLE;
                class = "Length";
                cacheable = TRUE;
                justify = RIGHT;
                visibility = TRUE;
                angle = 0;
                length = 12;
                decimals = 0;
                sortdirection = ASCENDING;
                fontname = "Courier New";
                fontcolor = 153;
                fonttype = 2;
                fontsize = 1;
                fontratio = 1;
                fontstyle = 0;
                fontslant = 0;
                pen = 0;
                oncombine = NONE;
                unit = "mm";
            };

            valuefield _tmp_1792
            {
                name = "ValueField_53";
                location = (83, 0);
                formula = "GetValue(\"MAINPART.FINISH\")";
                datatype = STRING;
                class = "";
                cacheable = TRUE;
                justify = LEFT;
                visibility = TRUE;
                angle = 0;
                length = 10;
                sortdirection = ASCENDING;
                fontname = "Courier New";
                fontcolor = 153;
                fonttype = 2;
                fontsize = 1;
                fontratio = 1;
                fontstyle = 0;
                fontslant = 0;
                pen = 0;
                oncombine = NONE;
            };

            valuefield _tmp_1793
            {
                name = "ValueField_54";
                location = (95, 0);
                formula = "GetValue(\"MAINPART.CLASS_ATTR\")";
                datatype = STRING;
                class = "";
                cacheable = TRUE;
                justify = LEFT;
                visibility = TRUE;
                angle = 0;
                length = 6;
                sortdirection = ASCENDING;
                fontname = "Courier New";
                fontcolor = 153;
                fonttype = 2;
                fontsize = 1;
                fontratio = 1;
                fontstyle = 0;
                fontslant = 0;
                pen = 0;
                oncombine = NONE;
            };

            valuefield _tmp_1794
            {
                name = "ValueField_55";
                location = (22, 0);
                formula = "GetValue(\"NUMBER\")";
                datatype = INTEGER;
                class = "";
                cacheable = TRUE;
                justify = LEFT;
                visibility = TRUE;
                angle = 0;
                length = 3;
                sortdirection = NONE;
                fontname = "Courier New";
                fontcolor = 153;
                fonttype = 2;
                fontsize = 1;
                fontratio = 1;
                fontstyle = 0;
                fontslant = 0;
                pen = 0;
                oncombine = SUM;
            };

            valuefield _tmp_1795
            {
                name = "ValueField_56";
                location = (104, 0);
                formula = "GetValue(\"MAINPART.USERDEFINED.USER_FIELD_1\")";
                datatype = STRING;
                class = "";
                cacheable = TRUE;
                justify = LEFT;
                visibility = TRUE;
                angle = 0;
                length = 20;
                sortdirection = NONE;
                fontname = "Courier New";
                fontcolor = 153;
                fonttype = 2;
                fontsize = 1;
                fontratio = 1;
                fontstyle = 0;
                fontslant = 0;
                pen = 0;
                oncombine = NONE;
            };
        };

        row _tmp_1796
        {
            name = "Row_4";
            height = 3;
            visibility = TRUE;
            usecolumns = FALSE;
            rule = "if (GetValue(\"MATERIAL_TYPE\") != \"CONCRETE\" ) then\n  Output()\nelse\n  StepOver()\nendif\n";
            contenttype = "PART";
            sorttype = COMBINE;

            text _tmp_1797
            {
                name = "Text_94";
                x1 = 30;
                y1 = 0;
                x2 = 30;
                y2 = 0;
                string = "Name:";
                fontname = "Courier New";
                fontcolor = 162;
                fonttype = 2;
                fontsize = 2.38;
                fontratio = 1;
                fontslant = 0;
                fontstyle = 0;
                angle = 0;
                justify = LEFT;
                pen = 0;
            };

            text _tmp_1798
            {
                name = "Text_95";
                x1 = 71;
                y1 = 0;
                x2 = 71;
                y2 = 0;
                string = "Length(mm):";
                fontname = "Courier New";
                fontcolor = 162;
                fonttype = 2;
                fontsize = 2.38;
                fontratio = 1;
                fontslant = 0;
                fontstyle = 0;
                angle = 0;
                justify = LEFT;
                pen = 0;
            };

            text _tmp_1799
            {
                name = "Text_96";
                x1 = 22;
                y1 = 0;
                x2 = 22;
                y2 = 0;
                string = "Qty:";
                fontname = "Courier New";
                fontcolor = 162;
                fonttype = 2;
                fontsize = 1;
                fontratio = 1;
                fontslant = 0;
                fontstyle = 0;
                angle = 0;
                justify = LEFT;
                pen = 0;
            };

            text _tmp_1800
            {
                name = "Text_97";
                x1 = 42;
                y1 = 0;
                x2 = 42;
                y2 = 0;
                string = "Material:";
                fontname = "Courier New";
                fontcolor = 162;
                fonttype = 2;
                fontsize = 2.38;
                fontratio = 1;
                fontslant = 0;
                fontstyle = 0;
                angle = 0;
                justify = LEFT;
                pen = 0;
            };

            text _tmp_1801
            {
                name = "Text_98";
                x1 = 15;
                y1 = 1;
                x2 = 15;
                y2 = 1;
                string = "Free Parts:";
                fontname = "Courier New";
                fontcolor = 162;
                fonttype = 2;
                fontsize = 2.38;
                fontratio = 1;
                fontslant = 0;
                fontstyle = 0;
                angle = 0;
                justify = LEFT;
                pen = 0;
            };

            text _tmp_1802
            {
                name = "Text_99";
                x1 = 15;
                y1 = 2;
                x2 = 15;
                y2 = 2;
                string = "_____________________________________________________________________________________________________________________";
                fontname = "Courier New";
                fontcolor = 162;
                fonttype = 2;
                fontsize = 2.38;
                fontratio = 1;
                fontslant = 0;
                fontstyle = 0;
                angle = 0;
                justify = LEFT;
                pen = 0;
            };

            text _tmp_1803
            {
                name = "Text_100";
                x1 = 104;
                y1 = 0;
                x2 = 104;
                y2 = 0;
                string = "Description:";
                fontname = "Courier New";
                fontcolor = 162;
                fonttype = 2;
                fontsize = 2.38;
                fontratio = 1;
                fontslant = 0;
                fontstyle = 0;
                angle = 0;
                justify = LEFT;
                pen = 0;
            };

            text _tmp_1804
            {
                name = "Text_101";
                x1 = 54;
                y1 = 0;
                x2 = 54;
                y2 = 0;
                string = "Profile:";
                fontname = "Courier New";
                fontcolor = 162;
                fonttype = 2;
                fontsize = 2.38;
                fontratio = 1;
                fontslant = 0;
                fontstyle = 0;
                angle = 0;
                justify = LEFT;
                pen = 0;
            };

            text _tmp_1805
            {
                name = "Text_102";
                x1 = 83;
                y1 = 0;
                x2 = 83;
                y2 = 0;
                string = "Finish:";
                fontname = "Courier New";
                fontcolor = 162;
                fonttype = 2;
                fontsize = 2.38;
                fontratio = 1;
                fontslant = 0;
                fontstyle = 0;
                angle = 0;
                justify = LEFT;
                pen = 0;
            };

            text _tmp_1806
            {
                name = "Text_103";
                x1 = 95;
                y1 = 0;
                x2 = 95;
                y2 = 0;
                string = "Class:";
                fontname = "Courier New";
                fontcolor = 162;
                fonttype = 2;
                fontsize = 2.38;
                fontratio = 1;
                fontslant = 0;
                fontstyle = 0;
                angle = 0;
                justify = LEFT;
                pen = 0;
            };
        };

        row _tmp_1807
        {
            name = "Row_5";
            height = 1;
            visibility = TRUE;
            usecolumns = FALSE;
            rule = "if (GetValue(\"MATERIAL_TYPE\") != \"CONCRETE\" ) then\n  Output()\nelse\n  StepOver()\nendif\n";
            contenttype = "PART";
            sorttype = COMBINE;

            valuefield _tmp_1808
            {
                name = "ValueField_57";
                location = (29, 0);
                formula = "GetValue(\"NAME\")";
                datatype = STRING;
                class = "";
                cacheable = TRUE;
                justify = LEFT;
                visibility = TRUE;
                angle = 0;
                length = 10;
                sortdirection = ASCENDING;
                fontname = "Courier New";
                fontcolor = 153;
                fonttype = 2;
                fontsize = 1;
                fontratio = 1;
                fontstyle = 0;
                fontslant = 0;
                pen = 0;
                oncombine = NONE;
            };

            valuefield _tmp_1809
            {
                name = "ValueField_58";
                location = (42, 0);
                formula = "GetValue(\"MATERIAL\")";
                datatype = STRING;
                class = "";
                cacheable = TRUE;
                justify = LEFT;
                visibility = TRUE;
                angle = 0;
                length = 7;
                sortdirection = ASCENDING;
                fontname = "Courier New";
                fontcolor = 153;
                fonttype = 2;
                fontsize = 1;
                fontratio = 1;
                fontstyle = 0;
                fontslant = 0;
                pen = 0;
                oncombine = NONE;
            };

            valuefield _tmp_1810
            {
                name = "ValueField_59";
                location = (53, 0);
                formula = "GetValue(\"PROFILE\")";
                datatype = STRING;
                class = "";
                cacheable = TRUE;
                justify = LEFT;
                visibility = TRUE;
                angle = 0;
                length = 14;
                sortdirection = ASCENDING;
                fontname = "Courier New";
                fontcolor = 153;
                fonttype = 2;
                fontsize = 1;
                fontratio = 1;
                fontstyle = 0;
                fontslant = 0;
                pen = 0;
                oncombine = NONE;
            };

            valuefield _tmp_1811
            {
                name = "ValueField_60";
                location = (69, 0);
                formula = "GetValue(\"MAINPART.LENGTH\")";
                datatype = DOUBLE;
                class = "Length";
                cacheable = TRUE;
                justify = RIGHT;
                visibility = TRUE;
                angle = 0;
                length = 12;
                decimals = 0;
                sortdirection = ASCENDING;
                fontname = "Courier New";
                fontcolor = 153;
                fonttype = 2;
                fontsize = 1;
                fontratio = 1;
                fontstyle = 0;
                fontslant = 0;
                pen = 0;
                oncombine = NONE;
                unit = "mm";
            };

            valuefield _tmp_1812
            {
                name = "ValueField_61";
                location = (83, 0);
                formula = "GetValue(\"MAINPART.FINISH\")";
                datatype = STRING;
                class = "";
                cacheable = TRUE;
                justify = LEFT;
                visibility = TRUE;
                angle = 0;
                length = 10;
                sortdirection = ASCENDING;
                fontname = "Courier New";
                fontcolor = 153;
                fonttype = 2;
                fontsize = 1;
                fontratio = 1;
                fontstyle = 0;
                fontslant = 0;
                pen = 0;
                oncombine = NONE;
            };

            valuefield _tmp_1813
            {
                name = "ValueField_62";
                location = (95, 0);
                formula = "GetValue(\"MAINPART.CLASS_ATTR\")";
                datatype = STRING;
                class = "";
                cacheable = TRUE;
                justify = LEFT;
                visibility = TRUE;
                angle = 0;
                length = 6;
                sortdirection = ASCENDING;
                fontname = "Courier New";
                fontcolor = 153;
                fonttype = 2;
                fontsize = 1;
                fontratio = 1;
                fontstyle = 0;
                fontslant = 0;
                pen = 0;
                oncombine = NONE;
            };

            valuefield _tmp_1814
            {
                name = "ValueField_63";
                location = (22, 0);
                formula = "GetValue(\"NUMBER\")";
                datatype = INTEGER;
                class = "";
                cacheable = TRUE;
                justify = LEFT;
                visibility = TRUE;
                angle = 0;
                length = 3;
                sortdirection = NONE;
                fontname = "Courier New";
                fontcolor = 153;
                fonttype = 2;
                fontsize = 1;
                fontratio = 1;
                fontstyle = 0;
                fontslant = 0;
                pen = 0;
                oncombine = SUM;
            };

            valuefield _tmp_1815
            {
                name = "ValueField_64";
                location = (104, 0);
                formula = "GetValue(\"USERDEFINED.USER_FIELD_1\")";
                datatype = STRING;
                class = "";
                cacheable = TRUE;
                justify = LEFT;
                visibility = TRUE;
                angle = 0;
                length = 20;
                sortdirection = NONE;
                fontname = "Courier New";
                fontcolor = 153;
                fonttype = 2;
                fontsize = 1;
                fontratio = 1;
                fontstyle = 0;
                fontslant = 0;
                pen = 0;
                oncombine = NONE;
            };
        };

        row _tmp_1816
        {
            name = "Row_6";
            height = 3;
            visibility = FALSE;
            usecolumns = FALSE;
            rule = "";
            contenttype = "PART";
            sorttype = COMBINE;

            row _tmp_1817
            {
                name = "Row_7";
                height = 3;
                visibility = TRUE;
                usecolumns = FALSE;
                rule = "if (GetValue(\"SHAPE\") == \"STR\") then\r\n  Output()\r\nelse\r\n  StepOver()\r\nendif\r\n";
                contenttype = "REBAR";
                sorttype = COMBINE;

                text _tmp_1818
                {
                    name = "Text_104";
                    x1 = 15;
                    y1 = 2;
                    x2 = 15;
                    y2 = 2;
                    string = "_____________________________________________________________________________________";
                    fontname = "Courier New";
                    fontcolor = 162;
                    fonttype = 2;
                    fontsize = 2.38;
                    fontratio = 1;
                    fontslant = 0;
                    fontstyle = 0;
                    angle = 0;
                    justify = LEFT;
                    pen = 0;
                };

                text _tmp_1819
                {
                    name = "Text_105";
                    x1 = 45;
                    y1 = 0;
                    x2 = 45;
                    y2 = 0;
                    string = "Size:";
                    fontname = "Courier New";
                    fontcolor = 162;
                    fonttype = 2;
                    fontsize = 2.38;
                    fontratio = 1;
                    fontslant = 0;
                    fontstyle = 0;
                    angle = 0;
                    justify = LEFT;
                    pen = 0;
                };

                text _tmp_1820
                {
                    name = "Text_106";
                    x1 = 15;
                    y1 = 1;
                    x2 = 15;
                    y2 = 1;
                    string = "Straight Rebar List:";
                    fontname = "Courier New";
                    fontcolor = 162;
                    fonttype = 2;
                    fontsize = 2.38;
                    fontratio = 1;
                    fontslant = 0;
                    fontstyle = 0;
                    angle = 0;
                    justify = LEFT;
                    pen = 0;
                };

                text _tmp_1821
                {
                    name = "Text_107";
                    x1 = 22;
                    y1 = 0;
                    x2 = 22;
                    y2 = 0;
                    string = "Qty:";
                    fontname = "Courier New";
                    fontcolor = 162;
                    fonttype = 2;
                    fontsize = 1;
                    fontratio = 1;
                    fontslant = 0;
                    fontstyle = 0;
                    angle = 0;
                    justify = LEFT;
                    pen = 0;
                };

                text _tmp_1822
                {
                    name = "Text_108";
                    x1 = 52;
                    y1 = 0;
                    x2 = 52;
                    y2 = 0;
                    string = "Length(mm):";
                    fontname = "Courier New";
                    fontcolor = 162;
                    fonttype = 2;
                    fontsize = 2.38;
                    fontratio = 1;
                    fontslant = 0;
                    fontstyle = 0;
                    angle = 0;
                    justify = LEFT;
                    pen = 0;
                };

                text _tmp_1823
                {
                    name = "Text_109";
                    x1 = 33;
                    y1 = 0;
                    x2 = 33;
                    y2 = 0;
                    string = "Grade:";
                    fontname = "Courier New";
                    fontcolor = 162;
                    fonttype = 2;
                    fontsize = 2.38;
                    fontratio = 1;
                    fontslant = 0;
                    fontstyle = 0;
                    angle = 0;
                    justify = LEFT;
                    pen = 0;
                };

                text _tmp_1824
                {
                    name = "Text_110";
                    x1 = 65;
                    y1 = 0;
                    x2 = 65;
                    y2 = 0;
                    string = "Length(mm):";
                    fontname = "Courier New";
                    fontcolor = 162;
                    fonttype = 2;
                    fontsize = 2.38;
                    fontratio = 1;
                    fontslant = 0;
                    fontstyle = 0;
                    angle = 0;
                    justify = LEFT;
                    pen = 0;
                };

                text _tmp_1825
                {
                    name = "Text_111";
                    x1 = 65;
                    y1 = 1;
                    x2 = 65;
                    y2 = 1;
                    string = "Total";
                    fontname = "Courier New";
                    fontcolor = 162;
                    fonttype = 2;
                    fontsize = 2.38;
                    fontratio = 1;
                    fontslant = 0;
                    fontstyle = 0;
                    angle = 0;
                    justify = LEFT;
                    pen = 0;
                };

                text _tmp_1826
                {
                    name = "Text_112";
                    x1 = 79;
                    y1 = 1;
                    x2 = 79;
                    y2 = 1;
                    string = "Total";
                    fontname = "Courier New";
                    fontcolor = 162;
                    fonttype = 2;
                    fontsize = 2.38;
                    fontratio = 1;
                    fontslant = 0;
                    fontstyle = 0;
                    angle = 0;
                    justify = LEFT;
                    pen = 0;
                };

                text _tmp_1827
                {
                    name = "Text_113";
                    x1 = 79;
                    y1 = 0;
                    x2 = 79;
                    y2 = 0;
                    string = "Weight(kg):";
                    fontname = "Courier New";
                    fontcolor = 162;
                    fonttype = 2;
                    fontsize = 2.38;
                    fontratio = 1;
                    fontslant = 0;
                    fontstyle = 0;
                    angle = 0;
                    justify = LEFT;
                    pen = 0;
                };
            };

            row _tmp_1828
            {
                name = "Row_8";
                height = 1;
                visibility = TRUE;
                usecolumns = FALSE;
                rule = "if (GetValue(\"SHAPE\") == \"STR\" &&GetValue(\"GROUP_TYPE\") == 0) then\r\n  Output()\r\nelse\r\n  StepOver()\r\nendif\r\n";
                contenttype = "REBAR";
                sorttype = COMBINE;

                valuefield _tmp_1829
                {
                    name = "ValueField_65";
                    location = (33, 0);
                    formula = "GetValue(\"GRADE\")";
                    datatype = STRING;
                    class = "";
                    cacheable = TRUE;
                    justify = LEFT;
                    visibility = TRUE;
                    angle = 0;
                    length = 7;
                    decimals = 0;
                    sortdirection = ASCENDING;
                    fontname = "Courier New";
                    fontcolor = 153;
                    fonttype = 2;
                    fontsize = 1;
                    fontratio = 1;
                    fontstyle = 0;
                    fontslant = 0;
                    pen = 0;
                    oncombine = NONE;
                };

                valuefield _tmp_1830
                {
                    name = "ValueField_66";
                    location = (44, 0);
                    formula = "GetValue(\"SIZE\")";
                    datatype = STRING;
                    class = "";
                    cacheable = TRUE;
                    justify = CENTERED;
                    visibility = TRUE;
                    angle = 0;
                    length = 6;
                    decimals = 0;
                    sortdirection = ASCENDING;
                    fontname = "Courier New";
                    fontcolor = 153;
                    fonttype = 2;
                    fontsize = 1;
                    fontratio = 1;
                    fontstyle = 0;
                    fontslant = 0;
                    pen = 0;
                    oncombine = NONE;
                };

                valuefield _tmp_1831
                {
                    name = "ValueField_67";
                    location = (53, 0);
                    formula = "GetValue(\"LENGTH\")";
                    datatype = DOUBLE;
                    class = "Length";
                    cacheable = TRUE;
                    justify = RIGHT;
                    visibility = TRUE;
                    angle = 0;
                    length = 8;
                    decimals = 0;
                    sortdirection = ASCENDING;
                    fontname = "Courier New";
                    fontcolor = 153;
                    fonttype = 2;
                    fontsize = 1;
                    fontratio = 1;
                    fontstyle = 0;
                    fontslant = 0;
                    pen = 0;
                    oncombine = NONE;
                    unit = "mm";
                };

                valuefield _tmp_1832
                {
                    name = "ValueField_68";
                    location = (22, 0);
                    formula = "GetValue(\"NUMBER\")";
                    datatype = INTEGER;
                    class = "";
                    cacheable = TRUE;
                    justify = RIGHT;
                    visibility = TRUE;
                    angle = 0;
                    length = 3;
                    decimals = 0;
                    sortdirection = NONE;
                    fontname = "Courier New";
                    fontcolor = 153;
                    fonttype = 2;
                    fontsize = 1;
                    fontratio = 1;
                    fontstyle = 0;
                    fontslant = 0;
                    pen = 0;
                    oncombine = SUM;
                };

                valuefield _tmp_1833
                {
                    name = "ValueField_69";
                    location = (64, 0);
                    formula = "GetValue(\"LENGTH\")*GetValue(\"NUMBER\")";
                    datatype = DOUBLE;
                    class = "Length";
                    cacheable = TRUE;
                    justify = RIGHT;
                    visibility = TRUE;
                    angle = 0;
                    length = 10;
                    decimals = 0;
                    sortdirection = NONE;
                    fontname = "Courier New";
                    fontcolor = 153;
                    fonttype = 2;
                    fontsize = 1;
                    fontratio = 1;
                    fontstyle = 0;
                    fontslant = 0;
                    pen = 0;
                    oncombine = SUM;
                    unit = "mm";
                };

                valuefield _tmp_1834
                {
                    name = "ValueField_70";
                    location = (80, 0);
                    formula = "GetValue(\"WEIGHT_TOTAL\")";
                    datatype = DOUBLE;
                    class = "Weight";
                    cacheable = TRUE;
                    justify = RIGHT;
                    visibility = TRUE;
                    angle = 0;
                    length = 8;
                    decimals = 0;
                    sortdirection = NONE;
                    fontname = "Courier New";
                    fontcolor = 153;
                    fonttype = 2;
                    fontsize = 1;
                    fontratio = 1;
                    fontstyle = 0;
                    fontslant = 0;
                    pen = 0;
                    oncombine = SUM;
                    unit = "kg";
                };

                valuefield _tmp_1835
                {
                    name = "ValueField_71";
                    location = (16, 0);
                    formula = "GetValue(\"GROUP_TYPE\")";
                    datatype = INTEGER;
                    class = "";
                    cacheable = TRUE;
                    justify = LEFT;
                    visibility = FALSE;
                    angle = 0;
                    length = 2;
                    decimals = 0;
                    sortdirection = ASCENDING;
                    fontname = "Courier New";
                    fontcolor = 153;
                    fonttype = 2;
                    fontsize = 0.8;
                    fontratio = 0.75;
                    fontstyle = 0;
                    fontslant = 0;
                    pen = 0;
                    oncombine = NONE;
                };
            };

            row _tmp_1836
            {
                name = "Row_9";
                height = 1;
                visibility = TRUE;
                usecolumns = FALSE;
                rule = "if (GetValue(\"SHAPE\") == \"STR\" &&GetValue(\"GROUP_TYPE\") >= 1 &&GetValue(\"GRADE\") != \"WFP\") then\r\n  Output()\r\nelse\r\n  StepOver()\r\nendif\r\n";
                contenttype = "REBAR";
                sorttype = COMBINE;

                valuefield _tmp_1837
                {
                    name = "ValueField_72";
                    location = (33, 0);
                    formula = "GetValue(\"GRADE\")";
                    datatype = STRING;
                    class = "";
                    cacheable = TRUE;
                    justify = LEFT;
                    visibility = TRUE;
                    angle = 0;
                    length = 7;
                    decimals = 0;
                    sortdirection = ASCENDING;
                    fontname = "Courier New";
                    fontcolor = 153;
                    fonttype = 2;
                    fontsize = 1;
                    fontratio = 1;
                    fontstyle = 0;
                    fontslant = 0;
                    pen = 0;
                    oncombine = NONE;
                };

                valuefield _tmp_1838
                {
                    name = "ValueField_73";
                    location = (44, 0);
                    formula = "GetValue(\"SIZE\")";
                    datatype = STRING;
                    class = "";
                    cacheable = TRUE;
                    justify = CENTERED;
                    visibility = TRUE;
                    angle = 0;
                    length = 6;
                    decimals = 0;
                    sortdirection = ASCENDING;
                    fontname = "Courier New";
                    fontcolor = 153;
                    fonttype = 2;
                    fontsize = 1;
                    fontratio = 1;
                    fontstyle = 0;
                    fontslant = 0;
                    pen = 0;
                    oncombine = NONE;
                };

                valuefield _tmp_1839
                {
                    name = "ValueField_74";
                    location = (22, 0);
                    formula = "GetValue(\"NUMBER\")";
                    datatype = INTEGER;
                    class = "";
                    cacheable = TRUE;
                    justify = RIGHT;
                    visibility = TRUE;
                    angle = 0;
                    length = 3;
                    decimals = 0;
                    sortdirection = NONE;
                    fontname = "Courier New";
                    fontcolor = 153;
                    fonttype = 2;
                    fontsize = 1;
                    fontratio = 1;
                    fontstyle = 0;
                    fontslant = 0;
                    pen = 0;
                    oncombine = SUM;
                };

                valuefield _tmp_1840
                {
                    name = "ValueField_75";
                    location = (80, 0);
                    formula = "GetValue(\"WEIGHT_TOTAL\")";
                    datatype = DOUBLE;
                    class = "Weight";
                    cacheable = TRUE;
                    justify = RIGHT;
                    visibility = TRUE;
                    angle = 0;
                    length = 8;
                    decimals = 0;
                    sortdirection = NONE;
                    fontname = "Courier New";
                    fontcolor = 153;
                    fonttype = 2;
                    fontsize = 1;
                    fontratio = 1;
                    fontstyle = 0;
                    fontslant = 0;
                    pen = 0;
                    oncombine = SUM;
                    unit = "kg";
                };

                valuefield _tmp_1841
                {
                    name = "ValueField_76";
                    location = (16, 0);
                    formula = "GetValue(\"GROUP_TYPE\")";
                    datatype = INTEGER;
                    class = "";
                    cacheable = TRUE;
                    justify = LEFT;
                    visibility = FALSE;
                    angle = 0;
                    length = 2;
                    decimals = 0;
                    sortdirection = ASCENDING;
                    fontname = "Courier New";
                    fontcolor = 153;
                    fonttype = 2;
                    fontsize = 0.8;
                    fontratio = 0.75;
                    fontstyle = 0;
                    fontslant = 0;
                    pen = 0;
                    oncombine = NONE;
                };

                text _tmp_1842
                {
                    name = "Text_114";
                    x1 = 51;
                    y1 = 0;
                    x2 = 51;
                    y2 = 0;
                    string = "L MIN";
                    fontname = "Courier New";
                    fontcolor = 153;
                    fonttype = 2;
                    fontsize = 0.8;
                    fontratio = 0.75;
                    fontslant = 0;
                    fontstyle = 0;
                    angle = 0;
                    justify = LEFT;
                    pen = 0;
                };

                valuefield _tmp_1843
                {
                    name = "ValueField_77";
                    location = (57, 0);
                    formula = "GetValue(\"LENGTH_MIN\")";
                    datatype = DOUBLE;
                    class = "Length";
                    cacheable = TRUE;
                    justify = LEFT;
                    visibility = TRUE;
                    angle = 0;
                    length = 7;
                    decimals = 1;
                    sortdirection = ASCENDING;
                    fontname = "Courier New";
                    fontcolor = 153;
                    fonttype = 2;
                    fontsize = 0.8;
                    fontratio = 0.75;
                    fontstyle = 0;
                    fontslant = 0;
                    pen = 0;
                    oncombine = NONE;
                    unit = "mm";
                };

                text _tmp_1844
                {
                    name = "Text_115";
                    x1 = 64;
                    y1 = 0;
                    x2 = 64;
                    y2 = 0;
                    string = "-";
                    fontname = "Courier New";
                    fontcolor = 153;
                    fonttype = 2;
                    fontsize = 0.8;
                    fontratio = 0.75;
                    fontslant = 0;
                    fontstyle = 0;
                    angle = 0;
                    justify = LEFT;
                    pen = 0;
                };

                text _tmp_1845
                {
                    name = "Text_116";
                    x1 = 66;
                    y1 = 0;
                    x2 = 66;
                    y2 = 0;
                    string = "L MAX";
                    fontname = "Courier New";
                    fontcolor = 153;
                    fonttype = 2;
                    fontsize = 0.8;
                    fontratio = 0.75;
                    fontslant = 0;
                    fontstyle = 0;
                    angle = 0;
                    justify = LEFT;
                    pen = 0;
                };

                valuefield _tmp_1846
                {
                    name = "ValueField_78";
                    location = (72, 0);
                    formula = "GetValue(\"LENGTH_MAX\")";
                    datatype = DOUBLE;
                    class = "Length";
                    cacheable = TRUE;
                    justify = LEFT;
                    visibility = TRUE;
                    angle = 0;
                    length = 7;
                    decimals = 1;
                    sortdirection = NONE;
                    fontname = "Courier New";
                    fontcolor = 153;
                    fonttype = 2;
                    fontsize = 0.8;
                    fontratio = 0.75;
                    fontstyle = 0;
                    fontslant = 0;
                    pen = 0;
                    oncombine = NONE;
                    unit = "mm";
                };

                row _tmp_1847
                {
                    name = "Row_10";
                    height = 1;
                    visibility = TRUE;
                    usecolumns = FALSE;
                    rule = "";
                    contenttype = "SINGLE_REBAR";
                    sorttype = COMBINE;

                    valuefield _tmp_1848
                    {
                        name = "ValueField_79";
                        location = (44, 0);
                        formula = "GetValue(\"REBAR.SIZE\")";
                        datatype = STRING;
                        class = "";
                        cacheable = TRUE;
                        justify = CENTERED;
                        visibility = TRUE;
                        angle = 0;
                        length = 6;
                        decimals = 0;
                        sortdirection = ASCENDING;
                        fontname = "Courier New";
                        fontcolor = 153;
                        fonttype = 2;
                        fontsize = 1;
                        fontratio = 1;
                        fontstyle = 0;
                        fontslant = 0;
                        pen = 0;
                        oncombine = NONE;
                    };

                    valuefield _tmp_1849
                    {
                        name = "ValueField_80";
                        location = (53, 0);
                        formula = "GetValue(\"LENGTH\")";
                        datatype = DOUBLE;
                        class = "Length";
                        cacheable = TRUE;
                        justify = RIGHT;
                        visibility = TRUE;
                        angle = 0;
                        length = 8;
                        decimals = 0;
                        sortdirection = ASCENDING;
                        fontname = "Courier New";
                        fontcolor = 153;
                        fonttype = 2;
                        fontsize = 1;
                        fontratio = 1;
                        fontstyle = 0;
                        fontslant = 0;
                        pen = 0;
                        oncombine = NONE;
                        unit = "mm";
                    };

                    valuefield _tmp_1850
                    {
                        name = "ValueField_81";
                        location = (22, 0);
                        formula = "GetValue(\"NUMBER\")";
                        datatype = INTEGER;
                        class = "";
                        cacheable = TRUE;
                        justify = RIGHT;
                        visibility = TRUE;
                        angle = 0;
                        length = 3;
                        decimals = 0;
                        sortdirection = NONE;
                        fontname = "Courier New";
                        fontcolor = 153;
                        fonttype = 2;
                        fontsize = 1;
                        fontratio = 1;
                        fontstyle = 0;
                        fontslant = 0;
                        pen = 0;
                        oncombine = SUM;
                    };

                    valuefield _tmp_1851
                    {
                        name = "ValueField_82";
                        location = (64, 0);
                        formula = "GetValue(\"LENGTH\")*GetValue(\"NUMBER\")";
                        datatype = DOUBLE;
                        class = "Length";
                        cacheable = TRUE;
                        justify = RIGHT;
                        visibility = TRUE;
                        angle = 0;
                        length = 10;
                        decimals = 0;
                        sortdirection = NONE;
                        fontname = "Courier New";
                        fontcolor = 153;
                        fonttype = 2;
                        fontsize = 1;
                        fontratio = 1;
                        fontstyle = 0;
                        fontslant = 0;
                        pen = 0;
                        oncombine = SUM;
                        unit = "mm";
                    };

                    valuefield _tmp_1852
                    {
                        name = "ValueField_83";
                        location = (80, 0);
                        formula = "GetValue(\"WEIGHT_TOTAL\")";
                        datatype = DOUBLE;
                        class = "Weight";
                        cacheable = TRUE;
                        justify = RIGHT;
                        visibility = TRUE;
                        angle = 0;
                        length = 8;
                        decimals = 0;
                        sortdirection = NONE;
                        fontname = "Courier New";
                        fontcolor = 153;
                        fonttype = 2;
                        fontsize = 1;
                        fontratio = 1;
                        fontstyle = 0;
                        fontslant = 0;
                        pen = 0;
                        oncombine = SUM;
                        unit = "kg";
                    };

                    valuefield _tmp_1853
                    {
                        name = "ValueField_84";
                        location = (16, 0);
                        formula = "GetValue(\"GROUP_TYPE\")";
                        datatype = INTEGER;
                        class = "";
                        cacheable = TRUE;
                        justify = LEFT;
                        visibility = FALSE;
                        angle = 0;
                        length = 2;
                        decimals = 0;
                        sortdirection = ASCENDING;
                        fontname = "Courier New";
                        fontcolor = 153;
                        fonttype = 2;
                        fontsize = 0.8;
                        fontratio = 0.75;
                        fontstyle = 0;
                        fontslant = 0;
                        pen = 0;
                        oncombine = NONE;
                    };
                };
            };

            row _tmp_1854
            {
                name = "Row_11";
                height = 3;
                visibility = TRUE;
                usecolumns = FALSE;
                rule = "if (GetValue(\"SHAPE\") != \"STR\") then\r\n  Output()\r\nelse\r\n  StepOver()\r\nendif";
                contenttype = "REBAR";
                sorttype = COMBINE;

                text _tmp_1855
                {
                    name = "Text_117";
                    x1 = 15;
                    y1 = 1;
                    x2 = 15;
                    y2 = 1;
                    string = "Bent Rebar List:";
                    fontname = "Courier New";
                    fontcolor = 162;
                    fonttype = 2;
                    fontsize = 2.38;
                    fontratio = 1;
                    fontslant = 0;
                    fontstyle = 0;
                    angle = 0;
                    justify = LEFT;
                    pen = 0;
                };

                text _tmp_1856
                {
                    name = "Text_118";
                    x1 = 15;
                    y1 = 2;
                    x2 = 15;
                    y2 = 2;
                    string = "_____________________________________________________________________________________";
                    fontname = "Courier New";
                    fontcolor = 162;
                    fonttype = 2;
                    fontsize = 2.38;
                    fontratio = 1;
                    fontslant = 0;
                    fontstyle = 0;
                    angle = 0;
                    justify = LEFT;
                    pen = 0;
                };

                text _tmp_1857
                {
                    name = "Text_119";
                    x1 = 27;
                    y1 = 0;
                    x2 = 27;
                    y2 = 0;
                    string = "Typ:";
                    fontname = "Courier New";
                    fontcolor = 162;
                    fonttype = 2;
                    fontsize = 1;
                    fontratio = 1;
                    fontslant = 0;
                    fontstyle = 0;
                    angle = 0;
                    justify = LEFT;
                    pen = 0;
                };

                text _tmp_1858
                {
                    name = "Text_120";
                    x1 = 22;
                    y1 = 0;
                    x2 = 22;
                    y2 = 0;
                    string = "Qty:";
                    fontname = "Courier New";
                    fontcolor = 162;
                    fonttype = 2;
                    fontsize = 1;
                    fontratio = 1;
                    fontslant = 0;
                    fontstyle = 0;
                    angle = 0;
                    justify = LEFT;
                    pen = 0;
                };

                text _tmp_1859
                {
                    name = "Text_121";
                    x1 = 33;
                    y1 = 0;
                    x2 = 33;
                    y2 = 0;
                    string = "Grade:";
                    fontname = "Courier New";
                    fontcolor = 162;
                    fonttype = 2;
                    fontsize = 2.38;
                    fontratio = 1;
                    fontslant = 0;
                    fontstyle = 0;
                    angle = 0;
                    justify = LEFT;
                    pen = 0;
                };

                text _tmp_1860
                {
                    name = "Text_122";
                    x1 = 45;
                    y1 = 0;
                    x2 = 45;
                    y2 = 0;
                    string = "Size:";
                    fontname = "Courier New";
                    fontcolor = 162;
                    fonttype = 2;
                    fontsize = 2.38;
                    fontratio = 1;
                    fontslant = 0;
                    fontstyle = 0;
                    angle = 0;
                    justify = LEFT;
                    pen = 0;
                };

                text _tmp_1861
                {
                    name = "Text_123";
                    x1 = 52;
                    y1 = 0;
                    x2 = 52;
                    y2 = 0;
                    string = "Length(mm):";
                    fontname = "Courier New";
                    fontcolor = 162;
                    fonttype = 2;
                    fontsize = 2.38;
                    fontratio = 1;
                    fontslant = 0;
                    fontstyle = 0;
                    angle = 0;
                    justify = LEFT;
                    pen = 0;
                };

                text _tmp_1862
                {
                    name = "Text_124";
                    x1 = 65;
                    y1 = 1;
                    x2 = 65;
                    y2 = 1;
                    string = "Total";
                    fontname = "Courier New";
                    fontcolor = 162;
                    fonttype = 2;
                    fontsize = 2.38;
                    fontratio = 1;
                    fontslant = 0;
                    fontstyle = 0;
                    angle = 0;
                    justify = LEFT;
                    pen = 0;
                };

                text _tmp_1863
                {
                    name = "Text_125";
                    x1 = 65;
                    y1 = 0;
                    x2 = 65;
                    y2 = 0;
                    string = "Length(mm):";
                    fontname = "Courier New";
                    fontcolor = 162;
                    fonttype = 2;
                    fontsize = 2.38;
                    fontratio = 1;
                    fontslant = 0;
                    fontstyle = 0;
                    angle = 0;
                    justify = LEFT;
                    pen = 0;
                };

                text _tmp_1864
                {
                    name = "Text_126";
                    x1 = 79;
                    y1 = 1;
                    x2 = 79;
                    y2 = 1;
                    string = "Total";
                    fontname = "Courier New";
                    fontcolor = 162;
                    fonttype = 2;
                    fontsize = 2.38;
                    fontratio = 1;
                    fontslant = 0;
                    fontstyle = 0;
                    angle = 0;
                    justify = LEFT;
                    pen = 0;
                };

                text _tmp_1865
                {
                    name = "Text_127";
                    x1 = 79;
                    y1 = 0;
                    x2 = 79;
                    y2 = 0;
                    string = "Weight(kg):";
                    fontname = "Courier New";
                    fontcolor = 162;
                    fonttype = 2;
                    fontsize = 2.38;
                    fontratio = 1;
                    fontslant = 0;
                    fontstyle = 0;
                    angle = 0;
                    justify = LEFT;
                    pen = 0;
                };
            };

            row _tmp_1866
            {
                name = "Row_12";
                height = 1;
                visibility = TRUE;
                usecolumns = FALSE;
                rule = "if (GetValue(\"SHAPE\") != \"STR\" &&GetValue(\"GROUP_TYPE\") == 0) then\r\n  Output()\r\nelse\r\n  StepOver()\r\nendif\r\n\r\n\r\n";
                contenttype = "REBAR";
                sorttype = COMBINE;

                valuefield _tmp_1867
                {
                    name = "ValueField_85";
                    location = (33, 0);
                    formula = "GetValue(\"GRADE\")";
                    datatype = STRING;
                    class = "";
                    cacheable = TRUE;
                    justify = LEFT;
                    visibility = TRUE;
                    angle = 0;
                    length = 7;
                    decimals = 0;
                    sortdirection = ASCENDING;
                    fontname = "Courier New";
                    fontcolor = 153;
                    fonttype = 2;
                    fontsize = 1;
                    fontratio = 1;
                    fontstyle = 0;
                    fontslant = 0;
                    pen = 0;
                    oncombine = NONE;
                };

                valuefield _tmp_1868
                {
                    name = "ValueField_86";
                    location = (44, 0);
                    formula = "GetValue(\"SIZE\")";
                    datatype = STRING;
                    class = "";
                    cacheable = TRUE;
                    justify = CENTERED;
                    visibility = TRUE;
                    angle = 0;
                    length = 6;
                    decimals = 0;
                    sortdirection = ASCENDING;
                    fontname = "Courier New";
                    fontcolor = 153;
                    fonttype = 2;
                    fontsize = 1;
                    fontratio = 1;
                    fontstyle = 0;
                    fontslant = 0;
                    pen = 0;
                    oncombine = NONE;
                };

                valuefield _tmp_1869
                {
                    name = "ValueField_87";
                    location = (53, 0);
                    formula = "GetValue(\"LENGTH\")";
                    datatype = DOUBLE;
                    class = "Length";
                    cacheable = TRUE;
                    justify = RIGHT;
                    visibility = TRUE;
                    angle = 0;
                    length = 8;
                    decimals = 0;
                    sortdirection = ASCENDING;
                    fontname = "Courier New";
                    fontcolor = 153;
                    fonttype = 2;
                    fontsize = 1;
                    fontratio = 1;
                    fontstyle = 0;
                    fontslant = 0;
                    pen = 0;
                    oncombine = NONE;
                    unit = "mm";
                };

                valuefield _tmp_1870
                {
                    name = "ValueField_88";
                    location = (22, 0);
                    formula = "GetValue(\"NUMBER\")";
                    datatype = INTEGER;
                    class = "";
                    cacheable = TRUE;
                    justify = RIGHT;
                    visibility = TRUE;
                    angle = 0;
                    length = 3;
                    decimals = 0;
                    sortdirection = NONE;
                    fontname = "Courier New";
                    fontcolor = 153;
                    fonttype = 2;
                    fontsize = 1;
                    fontratio = 1;
                    fontstyle = 0;
                    fontslant = 0;
                    pen = 0;
                    oncombine = SUM;
                };

                valuefield _tmp_1871
                {
                    name = "ValueField_89";
                    location = (64, 0);
                    formula = "GetValue(\"LENGTH\")*GetValue(\"NUMBER\")";
                    datatype = DOUBLE;
                    class = "Length";
                    cacheable = TRUE;
                    justify = RIGHT;
                    visibility = TRUE;
                    angle = 0;
                    length = 10;
                    decimals = 0;
                    sortdirection = NONE;
                    fontname = "Courier New";
                    fontcolor = 153;
                    fonttype = 2;
                    fontsize = 1;
                    fontratio = 1;
                    fontstyle = 0;
                    fontslant = 0;
                    pen = 0;
                    oncombine = SUM;
                    unit = "mm";
                };

                valuefield _tmp_1872
                {
                    name = "ValueField_90";
                    location = (80, 0);
                    formula = "GetValue(\"WEIGHT_TOTAL\")";
                    datatype = DOUBLE;
                    class = "Weight";
                    cacheable = TRUE;
                    justify = RIGHT;
                    visibility = TRUE;
                    angle = 0;
                    length = 8;
                    decimals = 0;
                    sortdirection = NONE;
                    fontname = "Courier New";
                    fontcolor = 153;
                    fonttype = 2;
                    fontsize = 1;
                    fontratio = 1;
                    fontstyle = 0;
                    fontslant = 0;
                    pen = 0;
                    oncombine = SUM;
                    unit = "kg";
                };

                valuefield _tmp_1873
                {
                    name = "ValueField_91";
                    location = (16, 0);
                    formula = "GetValue(\"GROUP_TYPE\")";
                    datatype = INTEGER;
                    class = "";
                    cacheable = TRUE;
                    justify = LEFT;
                    visibility = FALSE;
                    angle = 0;
                    length = 2;
                    decimals = 0;
                    sortdirection = ASCENDING;
                    fontname = "Courier New";
                    fontcolor = 153;
                    fonttype = 2;
                    fontsize = 0.8;
                    fontratio = 0.75;
                    fontstyle = 0;
                    fontslant = 0;
                    pen = 0;
                    oncombine = NONE;
                };

                valuefield _tmp_1874
                {
                    name = "ValueField_92";
                    location = (27, 0);
                    formula = "GetValue(\"SHAPE\")";
                    datatype = STRING;
                    class = "";
                    cacheable = TRUE;
                    justify = RIGHT;
                    visibility = TRUE;
                    angle = 0;
                    length = 3;
                    decimals = 0;
                    sortdirection = NONE;
                    fontname = "Courier New";
                    fontcolor = 153;
                    fonttype = 2;
                    fontsize = 1;
                    fontratio = 1;
                    fontstyle = 0;
                    fontslant = 0;
                    pen = 0;
                    oncombine = NONE;
                };
            };

            row _tmp_1875
            {
                name = "Row_13";
                height = 1;
                visibility = TRUE;
                usecolumns = FALSE;
                rule = "if (GetValue(\"SHAPE\") != \"STR\" &&GetValue(\"GROUP_TYPE\") >= 1 &&GetValue(\"GRADE\") != \"WFP\") then\r\n  Output()\r\nelse\r\n  StepOver()\r\nendif\r\n";
                contenttype = "REBAR";
                sorttype = COMBINE;

                valuefield _tmp_1876
                {
                    name = "ValueField_93";
                    location = (33, 0);
                    formula = "GetValue(\"GRADE\")";
                    datatype = STRING;
                    class = "";
                    cacheable = TRUE;
                    justify = LEFT;
                    visibility = TRUE;
                    angle = 0;
                    length = 7;
                    decimals = 0;
                    sortdirection = ASCENDING;
                    fontname = "Courier New";
                    fontcolor = 153;
                    fonttype = 2;
                    fontsize = 1;
                    fontratio = 1;
                    fontstyle = 0;
                    fontslant = 0;
                    pen = 0;
                    oncombine = NONE;
                };

                valuefield _tmp_1877
                {
                    name = "ValueField_94";
                    location = (44, 0);
                    formula = "GetValue(\"SIZE\")";
                    datatype = STRING;
                    class = "";
                    cacheable = TRUE;
                    justify = CENTERED;
                    visibility = TRUE;
                    angle = 0;
                    length = 6;
                    decimals = 0;
                    sortdirection = ASCENDING;
                    fontname = "Courier New";
                    fontcolor = 153;
                    fonttype = 2;
                    fontsize = 1;
                    fontratio = 1;
                    fontstyle = 0;
                    fontslant = 0;
                    pen = 0;
                    oncombine = NONE;
                };

                valuefield _tmp_1878
                {
                    name = "ValueField_95";
                    location = (22, 0);
                    formula = "GetValue(\"NUMBER\")";
                    datatype = INTEGER;
                    class = "";
                    cacheable = TRUE;
                    justify = RIGHT;
                    visibility = TRUE;
                    angle = 0;
                    length = 3;
                    decimals = 0;
                    sortdirection = NONE;
                    fontname = "Courier New";
                    fontcolor = 153;
                    fonttype = 2;
                    fontsize = 1;
                    fontratio = 1;
                    fontstyle = 0;
                    fontslant = 0;
                    pen = 0;
                    oncombine = SUM;
                };

                valuefield _tmp_1879
                {
                    name = "ValueField_96";
                    location = (80, 0);
                    formula = "GetValue(\"WEIGHT_TOTAL\")";
                    datatype = DOUBLE;
                    class = "Weight";
                    cacheable = TRUE;
                    justify = RIGHT;
                    visibility = TRUE;
                    angle = 0;
                    length = 8;
                    decimals = 0;
                    sortdirection = NONE;
                    fontname = "Courier New";
                    fontcolor = 153;
                    fonttype = 2;
                    fontsize = 1;
                    fontratio = 1;
                    fontstyle = 0;
                    fontslant = 0;
                    pen = 0;
                    oncombine = SUM;
                    unit = "kg";
                };

                valuefield _tmp_1880
                {
                    name = "ValueField_97";
                    location = (16, 0);
                    formula = "GetValue(\"GROUP_TYPE\")";
                    datatype = INTEGER;
                    class = "";
                    cacheable = TRUE;
                    justify = LEFT;
                    visibility = FALSE;
                    angle = 0;
                    length = 2;
                    decimals = 0;
                    sortdirection = ASCENDING;
                    fontname = "Courier New";
                    fontcolor = 153;
                    fonttype = 2;
                    fontsize = 0.8;
                    fontratio = 0.75;
                    fontstyle = 0;
                    fontslant = 0;
                    pen = 0;
                    oncombine = NONE;
                };

                text _tmp_1881
                {
                    name = "Text_128";
                    x1 = 51;
                    y1 = 0;
                    x2 = 51;
                    y2 = 0;
                    string = "L MIN";
                    fontname = "Courier New";
                    fontcolor = 153;
                    fonttype = 2;
                    fontsize = 0.8;
                    fontratio = 0.75;
                    fontslant = 0;
                    fontstyle = 0;
                    angle = 0;
                    justify = LEFT;
                    pen = 0;
                };

                valuefield _tmp_1882
                {
                    name = "ValueField_98";
                    location = (57, 0);
                    formula = "GetValue(\"LENGTH_MIN\")";
                    datatype = DOUBLE;
                    class = "Length";
                    cacheable = TRUE;
                    justify = LEFT;
                    visibility = TRUE;
                    angle = 0;
                    length = 7;
                    decimals = 1;
                    sortdirection = ASCENDING;
                    fontname = "Courier New";
                    fontcolor = 153;
                    fonttype = 2;
                    fontsize = 0.8;
                    fontratio = 0.75;
                    fontstyle = 0;
                    fontslant = 0;
                    pen = 0;
                    oncombine = NONE;
                    unit = "mm";
                };

                text _tmp_1883
                {
                    name = "Text_129";
                    x1 = 64;
                    y1 = 0;
                    x2 = 64;
                    y2 = 0;
                    string = "-";
                    fontname = "Courier New";
                    fontcolor = 153;
                    fonttype = 2;
                    fontsize = 0.8;
                    fontratio = 0.75;
                    fontslant = 0;
                    fontstyle = 0;
                    angle = 0;
                    justify = LEFT;
                    pen = 0;
                };

                text _tmp_1884
                {
                    name = "Text_130";
                    x1 = 66;
                    y1 = 0;
                    x2 = 66;
                    y2 = 0;
                    string = "L MAX";
                    fontname = "Courier New";
                    fontcolor = 153;
                    fonttype = 2;
                    fontsize = 0.8;
                    fontratio = 0.75;
                    fontslant = 0;
                    fontstyle = 0;
                    angle = 0;
                    justify = LEFT;
                    pen = 0;
                };

                valuefield _tmp_1885
                {
                    name = "ValueField_99";
                    location = (72, 0);
                    formula = "GetValue(\"LENGTH_MAX\")";
                    datatype = DOUBLE;
                    class = "Length";
                    cacheable = TRUE;
                    justify = LEFT;
                    visibility = TRUE;
                    angle = 0;
                    length = 7;
                    decimals = 1;
                    sortdirection = NONE;
                    fontname = "Courier New";
                    fontcolor = 153;
                    fonttype = 2;
                    fontsize = 0.8;
                    fontratio = 0.75;
                    fontstyle = 0;
                    fontslant = 0;
                    pen = 0;
                    oncombine = NONE;
                    unit = "mm";
                };

                valuefield _tmp_1886
                {
                    name = "ValueField_100";
                    location = (27, 0);
                    formula = "GetValue(\"SHAPE\")";
                    datatype = STRING;
                    class = "";
                    cacheable = TRUE;
                    justify = RIGHT;
                    visibility = TRUE;
                    angle = 0;
                    length = 3;
                    decimals = 0;
                    sortdirection = NONE;
                    fontname = "Courier New";
                    fontcolor = 153;
                    fonttype = 2;
                    fontsize = 1;
                    fontratio = 1;
                    fontstyle = 0;
                    fontslant = 0;
                    pen = 0;
                    oncombine = NONE;
                };

                row _tmp_1887
                {
                    name = "Row_14";
                    height = 1;
                    visibility = TRUE;
                    usecolumns = FALSE;
                    rule = "";
                    contenttype = "SINGLE_REBAR";
                    sorttype = COMBINE;

                    valuefield _tmp_1888
                    {
                        name = "ValueField_101";
                        location = (44, 0);
                        formula = "GetValue(\"REBAR.SIZE\")";
                        datatype = STRING;
                        class = "";
                        cacheable = TRUE;
                        justify = CENTERED;
                        visibility = TRUE;
                        angle = 0;
                        length = 6;
                        decimals = 0;
                        sortdirection = ASCENDING;
                        fontname = "Courier New";
                        fontcolor = 153;
                        fonttype = 2;
                        fontsize = 1;
                        fontratio = 1;
                        fontstyle = 0;
                        fontslant = 0;
                        pen = 0;
                        oncombine = NONE;
                    };

                    valuefield _tmp_1889
                    {
                        name = "ValueField_102";
                        location = (53, 0);
                        formula = "GetValue(\"LENGTH\")";
                        datatype = DOUBLE;
                        class = "Length";
                        cacheable = TRUE;
                        justify = RIGHT;
                        visibility = TRUE;
                        angle = 0;
                        length = 8;
                        decimals = 0;
                        sortdirection = ASCENDING;
                        fontname = "Courier New";
                        fontcolor = 153;
                        fonttype = 2;
                        fontsize = 1;
                        fontratio = 1;
                        fontstyle = 0;
                        fontslant = 0;
                        pen = 0;
                        oncombine = NONE;
                        unit = "mm";
                    };

                    valuefield _tmp_1890
                    {
                        name = "ValueField_103";
                        location = (22, 0);
                        formula = "GetValue(\"NUMBER\")";
                        datatype = INTEGER;
                        class = "";
                        cacheable = TRUE;
                        justify = RIGHT;
                        visibility = TRUE;
                        angle = 0;
                        length = 3;
                        decimals = 0;
                        sortdirection = NONE;
                        fontname = "Courier New";
                        fontcolor = 153;
                        fonttype = 2;
                        fontsize = 1;
                        fontratio = 1;
                        fontstyle = 0;
                        fontslant = 0;
                        pen = 0;
                        oncombine = SUM;
                    };

                    valuefield _tmp_1891
                    {
                        name = "ValueField_104";
                        location = (64, 0);
                        formula = "GetValue(\"LENGTH\")*GetValue(\"NUMBER\")";
                        datatype = DOUBLE;
                        class = "Length";
                        cacheable = TRUE;
                        justify = RIGHT;
                        visibility = TRUE;
                        angle = 0;
                        length = 10;
                        decimals = 0;
                        sortdirection = NONE;
                        fontname = "Courier New";
                        fontcolor = 153;
                        fonttype = 2;
                        fontsize = 1;
                        fontratio = 1;
                        fontstyle = 0;
                        fontslant = 0;
                        pen = 0;
                        oncombine = SUM;
                        unit = "mm";
                    };

                    valuefield _tmp_1892
                    {
                        name = "ValueField_105";
                        location = (80, 0);
                        formula = "GetValue(\"WEIGHT_TOTAL\")";
                        datatype = DOUBLE;
                        class = "Weight";
                        cacheable = TRUE;
                        justify = RIGHT;
                        visibility = TRUE;
                        angle = 0;
                        length = 8;
                        decimals = 0;
                        sortdirection = NONE;
                        fontname = "Courier New";
                        fontcolor = 153;
                        fonttype = 2;
                        fontsize = 1;
                        fontratio = 1;
                        fontstyle = 0;
                        fontslant = 0;
                        pen = 0;
                        oncombine = SUM;
                        unit = "kg";
                    };

                    valuefield _tmp_1893
                    {
                        name = "ValueField_106";
                        location = (16, 0);
                        formula = "GetValue(\"GROUP_TYPE\")";
                        datatype = INTEGER;
                        class = "";
                        cacheable = TRUE;
                        justify = LEFT;
                        visibility = FALSE;
                        angle = 0;
                        length = 2;
                        decimals = 0;
                        sortdirection = ASCENDING;
                        fontname = "Courier New";
                        fontcolor = 153;
                        fonttype = 2;
                        fontsize = 0.8;
                        fontratio = 0.75;
                        fontstyle = 0;
                        fontslant = 0;
                        pen = 0;
                        oncombine = NONE;
                    };
                };
            };

            row _tmp_1894
            {
                name = "Row_15";
                height = 3;
                visibility = TRUE;
                usecolumns = FALSE;
                rule = "";
                contenttype = "STRAND";
                sorttype = COMBINE;

                text _tmp_1895
                {
                    name = "Text_131";
                    x1 = 15;
                    y1 = 2;
                    x2 = 15;
                    y2 = 2;
                    string = "_____________________________________________________________________________________";
                    fontname = "Courier New";
                    fontcolor = 162;
                    fonttype = 2;
                    fontsize = 2.38;
                    fontratio = 1;
                    fontslant = 0;
                    fontstyle = 0;
                    angle = 0;
                    justify = LEFT;
                    pen = 0;
                };

                text _tmp_1896
                {
                    name = "Text_132";
                    x1 = 15;
                    y1 = 1;
                    x2 = 15;
                    y2 = 1;
                    string = "Strand:";
                    fontname = "Courier New";
                    fontcolor = 162;
                    fonttype = 2;
                    fontsize = 2.38;
                    fontratio = 1;
                    fontslant = 0;
                    fontstyle = 0;
                    angle = 0;
                    justify = LEFT;
                    pen = 0;
                };

                text _tmp_1897
                {
                    name = "Text_133";
                    x1 = 33;
                    y1 = 0;
                    x2 = 33;
                    y2 = 0;
                    string = "Grade:";
                    fontname = "Courier New";
                    fontcolor = 162;
                    fonttype = 2;
                    fontsize = 2.38;
                    fontratio = 1;
                    fontslant = 0;
                    fontstyle = 0;
                    angle = 0;
                    justify = LEFT;
                    pen = 0;
                };

                text _tmp_1898
                {
                    name = "Text_134";
                    x1 = 22;
                    y1 = 0;
                    x2 = 22;
                    y2 = 0;
                    string = "Qty:";
                    fontname = "Courier New";
                    fontcolor = 162;
                    fonttype = 2;
                    fontsize = 1;
                    fontratio = 1;
                    fontslant = 0;
                    fontstyle = 0;
                    angle = 0;
                    justify = LEFT;
                    pen = 0;
                };

                text _tmp_1899
                {
                    name = "Text_135";
                    x1 = 52;
                    y1 = 0;
                    x2 = 52;
                    y2 = 0;
                    string = "Length(mm):";
                    fontname = "Courier New";
                    fontcolor = 162;
                    fonttype = 2;
                    fontsize = 2.38;
                    fontratio = 1;
                    fontslant = 0;
                    fontstyle = 0;
                    angle = 0;
                    justify = LEFT;
                    pen = 0;
                };

                text _tmp_1900
                {
                    name = "Text_136";
                    x1 = 94;
                    y1 = 0;
                    x2 = 94;
                    y2 = 0;
                    string = "Pi (KN):";
                    fontname = "Courier New";
                    fontcolor = 162;
                    fonttype = 2;
                    fontsize = 2.38;
                    fontratio = 1;
                    fontslant = 0;
                    fontstyle = 0;
                    angle = 0;
                    justify = LEFT;
                    pen = 0;
                };

                text _tmp_1901
                {
                    name = "Text_137";
                    x1 = 65;
                    y1 = 1;
                    x2 = 65;
                    y2 = 1;
                    string = "Total";
                    fontname = "Courier New";
                    fontcolor = 162;
                    fonttype = 2;
                    fontsize = 2.38;
                    fontratio = 1;
                    fontslant = 0;
                    fontstyle = 0;
                    angle = 0;
                    justify = LEFT;
                    pen = 0;
                };

                text _tmp_1902
                {
                    name = "Text_138";
                    x1 = 65;
                    y1 = 0;
                    x2 = 65;
                    y2 = 0;
                    string = "Length(mm):";
                    fontname = "Courier New";
                    fontcolor = 162;
                    fonttype = 2;
                    fontsize = 2.38;
                    fontratio = 1;
                    fontslant = 0;
                    fontstyle = 0;
                    angle = 0;
                    justify = LEFT;
                    pen = 0;
                };

                text _tmp_1903
                {
                    name = "Text_139";
                    x1 = 45;
                    y1 = 0;
                    x2 = 45;
                    y2 = 0;
                    string = "Size:";
                    fontname = "Courier New";
                    fontcolor = 162;
                    fonttype = 2;
                    fontsize = 2.38;
                    fontratio = 1;
                    fontslant = 0;
                    fontstyle = 0;
                    angle = 0;
                    justify = LEFT;
                    pen = 0;
                };

                text _tmp_1904
                {
                    name = "Text_140";
                    x1 = 79;
                    y1 = 1;
                    x2 = 79;
                    y2 = 1;
                    string = "Total";
                    fontname = "Courier New";
                    fontcolor = 162;
                    fonttype = 2;
                    fontsize = 2.38;
                    fontratio = 1;
                    fontslant = 0;
                    fontstyle = 0;
                    angle = 0;
                    justify = LEFT;
                    pen = 0;
                };

                text _tmp_1905
                {
                    name = "Text_141";
                    x1 = 79;
                    y1 = 0;
                    x2 = 79;
                    y2 = 0;
                    string = "Weight(kg):";
                    fontname = "Courier New";
                    fontcolor = 162;
                    fonttype = 2;
                    fontsize = 2.38;
                    fontratio = 1;
                    fontslant = 0;
                    fontstyle = 0;
                    angle = 0;
                    justify = LEFT;
                    pen = 0;
                };
            };

            row _tmp_1906
            {
                name = "Row_16";
                height = 1;
                visibility = TRUE;
                usecolumns = FALSE;
                rule = "";
                contenttype = "STRAND";
                sorttype = COMBINE;

                valuefield _tmp_1907
                {
                    name = "ValueField_107";
                    location = (33, 0);
                    formula = "GetValue(\"MATERIAL\")";
                    datatype = STRING;
                    class = "";
                    cacheable = TRUE;
                    justify = LEFT;
                    visibility = TRUE;
                    angle = 0;
                    length = 7;
                    decimals = 0;
                    sortdirection = ASCENDING;
                    fontname = "Courier New";
                    fontcolor = 153;
                    fonttype = 2;
                    fontsize = 1;
                    fontratio = 1;
                    fontstyle = 0;
                    fontslant = 0;
                    pen = 0;
                    oncombine = NONE;
                };

                valuefield _tmp_1908
                {
                    name = "ValueField_108";
                    location = (53, 0);
                    formula = "GetValue(\"LENGTH\")";
                    datatype = DOUBLE;
                    class = "Length";
                    cacheable = TRUE;
                    justify = RIGHT;
                    visibility = TRUE;
                    angle = 0;
                    length = 8;
                    decimals = 0;
                    sortdirection = ASCENDING;
                    fontname = "Courier New";
                    fontcolor = 153;
                    fonttype = 2;
                    fontsize = 1;
                    fontratio = 1;
                    fontstyle = 0;
                    fontslant = 0;
                    pen = 0;
                    oncombine = NONE;
                    unit = "mm";
                };

                valuefield _tmp_1909
                {
                    name = "ValueField_109";
                    location = (94, 0);
                    formula = "GetValue(\"STRAND_PULL_FORCE\")";
                    datatype = DOUBLE;
                    class = "Force";
                    cacheable = TRUE;
                    justify = RIGHT;
                    visibility = TRUE;
                    angle = 0;
                    length = 8;
                    decimals = 2;
                    sortdirection = ASCENDING;
                    fontname = "Courier New";
                    fontcolor = 153;
                    fonttype = 2;
                    fontsize = 1;
                    fontratio = 1;
                    fontstyle = 0;
                    fontslant = 0;
                    pen = 0;
                    oncombine = NONE;
                    unit = "kN";
                };

                valuefield _tmp_1910
                {
                    name = "ValueField_110";
                    location = (22, 0);
                    formula = "GetValue(\"NUMBER\")";
                    datatype = INTEGER;
                    class = "";
                    cacheable = TRUE;
                    justify = RIGHT;
                    visibility = TRUE;
                    angle = 0;
                    length = 3;
                    decimals = 0;
                    sortdirection = NONE;
                    fontname = "Courier New";
                    fontcolor = 153;
                    fonttype = 2;
                    fontsize = 1;
                    fontratio = 1;
                    fontstyle = 0;
                    fontslant = 0;
                    pen = 0;
                    oncombine = SUM;
                };

                valuefield _tmp_1911
                {
                    name = "ValueField_111";
                    location = (64, 0);
                    formula = "GetValue(\"NUMBER\")*GetValue(\"LENGTH\")";
                    datatype = DOUBLE;
                    class = "Length";
                    cacheable = TRUE;
                    justify = RIGHT;
                    visibility = TRUE;
                    angle = 0;
                    length = 10;
                    decimals = 0;
                    sortdirection = NONE;
                    fontname = "Courier New";
                    fontcolor = 153;
                    fonttype = 2;
                    fontsize = 1;
                    fontratio = 1;
                    fontstyle = 0;
                    fontslant = 0;
                    pen = 0;
                    oncombine = SUM;
                    unit = "mm";
                };

                valuefield _tmp_1912
                {
                    name = "ValueField_112";
                    location = (44, 0);
                    formula = "GetValue(\"SIZE\")";
                    datatype = STRING;
                    class = "";
                    cacheable = TRUE;
                    justify = CENTERED;
                    visibility = TRUE;
                    angle = 0;
                    length = 6;
                    decimals = 0;
                    sortdirection = ASCENDING;
                    fontname = "Courier New";
                    fontcolor = 153;
                    fonttype = 2;
                    fontsize = 1;
                    fontratio = 1;
                    fontstyle = 0;
                    fontslant = 0;
                    pen = 0;
                    oncombine = NONE;
                };

                valuefield _tmp_1913
                {
                    name = "ValueField_113";
                    location = (80, 0);
                    formula = "GetValue(\"WEIGHT_TOTAL\")";
                    datatype = DOUBLE;
                    class = "Weight";
                    cacheable = TRUE;
                    justify = RIGHT;
                    visibility = TRUE;
                    angle = 0;
                    length = 8;
                    decimals = 0;
                    sortdirection = NONE;
                    fontname = "Courier New";
                    fontcolor = 153;
                    fonttype = 2;
                    fontsize = 1;
                    fontratio = 1;
                    fontstyle = 0;
                    fontslant = 0;
                    pen = 0;
                    oncombine = SUM;
                    unit = "kg";
                };
            };

            row _tmp_1914
            {
                name = "Row_17";
                height = 3;
                visibility = TRUE;
                usecolumns = FALSE;
                rule = "if (GetValue(\"GRADE\") == \"WFP\") then\n  Output()\nelse\n  StepOver()\nendif\n";
                contenttype = "MESH";
                sorttype = COMBINE;

                text _tmp_1915
                {
                    name = "Text_142";
                    x1 = 15;
                    y1 = 2;
                    x2 = 15;
                    y2 = 2;
                    string = "_____________________________________________________________________________________";
                    fontname = "Courier New";
                    fontcolor = 162;
                    fonttype = 2;
                    fontsize = 2.38;
                    fontratio = 1;
                    fontslant = 0;
                    fontstyle = 0;
                    angle = 0;
                    justify = LEFT;
                    pen = 0;
                };

                text _tmp_1916
                {
                    name = "Text_143";
                    x1 = 15;
                    y1 = 1;
                    x2 = 15;
                    y2 = 1;
                    string = "Mesh:";
                    fontname = "Courier New";
                    fontcolor = 162;
                    fonttype = 2;
                    fontsize = 2.38;
                    fontratio = 1;
                    fontslant = 0;
                    fontstyle = 0;
                    angle = 0;
                    justify = LEFT;
                    pen = 0;
                };

                text _tmp_1917
                {
                    name = "Text_144";
                    x1 = 33;
                    y1 = 0;
                    x2 = 33;
                    y2 = 0;
                    string = "Grade:";
                    fontname = "Courier New";
                    fontcolor = 162;
                    fonttype = 2;
                    fontsize = 2.38;
                    fontratio = 1;
                    fontslant = 0;
                    fontstyle = 0;
                    angle = 0;
                    justify = LEFT;
                    pen = 0;
                };

                text _tmp_1918
                {
                    name = "Text_145";
                    x1 = 22;
                    y1 = 0;
                    x2 = 22;
                    y2 = 0;
                    string = "Qty:";
                    fontname = "Courier New";
                    fontcolor = 162;
                    fonttype = 2;
                    fontsize = 1;
                    fontratio = 1;
                    fontslant = 0;
                    fontstyle = 0;
                    angle = 0;
                    justify = LEFT;
                    pen = 0;
                };

                text _tmp_1919
                {
                    name = "Text_146";
                    x1 = 79;
                    y1 = 0;
                    x2 = 79;
                    y2 = 0;
                    string = "Area (㎡):";
                    fontname = "Courier New";
                    fontcolor = 162;
                    fonttype = 2;
                    fontsize = 2.38;
                    fontratio = 1;
                    fontslant = 0;
                    fontstyle = 0;
                    angle = 0;
                    justify = LEFT;
                    pen = 0;
                };

                text _tmp_1920
                {
                    name = "Text_147";
                    x1 = 45;
                    y1 = 0;
                    x2 = 45;
                    y2 = 0;
                    string = "Catalog Size:";
                    fontname = "Courier New";
                    fontcolor = 162;
                    fonttype = 2;
                    fontsize = 2.38;
                    fontratio = 1;
                    fontslant = 0;
                    fontstyle = 0;
                    angle = 0;
                    justify = LEFT;
                    pen = 0;
                };
            };

            row _tmp_1921
            {
                name = "Row_18";
                height = 1;
                visibility = TRUE;
                usecolumns = FALSE;
                rule = "if (GetValue(\"GRADE\") == \"WFP\") then\r\n  Output()\r\nelse\r\n  StepOver()\r\nendif";
                contenttype = "MESH";
                sorttype = COMBINE;

                valuefield _tmp_1922
                {
                    name = "ValueField_114";
                    location = (33, 0);
                    formula = "GetValue(\"GRADE\")";
                    datatype = STRING;
                    class = "";
                    cacheable = TRUE;
                    justify = LEFT;
                    visibility = TRUE;
                    angle = 0;
                    length = 7;
                    decimals = 0;
                    sortdirection = ASCENDING;
                    fontname = "Courier New";
                    fontcolor = 153;
                    fonttype = 2;
                    fontsize = 1;
                    fontratio = 1;
                    fontstyle = 0;
                    fontslant = 0;
                    pen = 0;
                    oncombine = NONE;
                };

                valuefield _tmp_1923
                {
                    name = "ValueField_115";
                    location = (45, 0);
                    formula = "GetValue(\"CATALOG_NAME\")";
                    datatype = STRING;
                    class = "Length";
                    cacheable = TRUE;
                    justify = LEFT;
                    visibility = TRUE;
                    angle = 0;
                    length = 20;
                    decimals = 0;
                    sortdirection = ASCENDING;
                    fontname = "Courier New";
                    fontcolor = 153;
                    fonttype = 2;
                    fontsize = 1;
                    fontratio = 1;
                    fontstyle = 0;
                    fontslant = 0;
                    pen = 0;
                    oncombine = NONE;
                    unit = "mm";
                };

                valuefield _tmp_1924
                {
                    name = "ValueField_116";
                    location = (80, 0);
                    formula = "GetValue(\"AREA\")";
                    datatype = DOUBLE;
                    class = "Area";
                    cacheable = TRUE;
                    justify = RIGHT;
                    visibility = TRUE;
                    angle = 0;
                    length = 8;
                    decimals = 2;
                    sortdirection = ASCENDING;
                    fontname = "Courier New";
                    fontcolor = 153;
                    fonttype = 2;
                    fontsize = 1;
                    fontratio = 1;
                    fontstyle = 0;
                    fontslant = 0;
                    pen = 0;
                    oncombine = NONE;
                    unit = "m2";
                };

                valuefield _tmp_1925
                {
                    name = "ValueField_117";
                    location = (22, 0);
                    formula = "GetValue(\"NUMBER\")";
                    datatype = INTEGER;
                    class = "";
                    cacheable = TRUE;
                    justify = RIGHT;
                    visibility = TRUE;
                    angle = 0;
                    length = 3;
                    decimals = 0;
                    sortdirection = NONE;
                    fontname = "Courier New";
                    fontcolor = 153;
                    fonttype = 2;
                    fontsize = 1;
                    fontratio = 1;
                    fontstyle = 0;
                    fontslant = 0;
                    pen = 0;
                    oncombine = SUM;
                };
            };
        };

        valuefield _tmp_87
        {
            name = "ValueField_46";
            location = (86, 1);
            formula = "GetValue(\"VOLUME\")";
            datatype = DOUBLE;
            class = "Volume";
            cacheable = TRUE;
            justify = RIGHT;
            visibility = TRUE;
            angle = 0;
            length = 12;
            decimals = 2;
            sortdirection = NONE;
            fontname = "Courier New";
            fontcolor = 153;
            fonttype = 2;
            fontsize = 1;
            fontratio = 1;
            fontstyle = 0;
            fontslant = 0;
            pen = 0;
            oncombine = NONE;
            unit = "m3";
        };

        text _tmp_88
        {
            name = "Text_80";
            x1 = 87;
            y1 = 2;
            x2 = 87;
            y2 = 2;
            string = "Volume (㎥):";
            fontname = "Courier New";
            fontcolor = 162;
            fonttype = 2;
            fontsize = 1;
            fontratio = 1;
            fontslant = 0;
            fontstyle = 0;
            angle = 0;
            justify = LEFT;
            pen = 0;
        };

        valuefield _tmp_89
        {
            name = "ValueField_47";
            location = (120, 1);
            formula = "GetValue(\"WEIGHT\")";
            datatype = DOUBLE;
            class = "Weight";
            cacheable = TRUE;
            justify = RIGHT;
            visibility = TRUE;
            angle = 0;
            length = 12;
            decimals = 0;
            sortdirection = NONE;
            fontname = "Courier New";
            fontcolor = 153;
            fonttype = 2;
            fontsize = 1;
            fontratio = 1;
            fontstyle = 0;
            fontslant = 0;
            pen = 0;
            oncombine = NONE;
            unit = "kg";
        };

        text _tmp_90
        {
            name = "Text_81";
            x1 = 121;
            y1 = 2;
            x2 = 121;
            y2 = 2;
            string = "Weight (kg):";
            fontname = "Courier New";
            fontcolor = 162;
            fonttype = 2;
            fontsize = 1;
            fontratio = 1;
            fontslant = 0;
            fontstyle = 0;
            angle = 0;
            justify = LEFT;
            pen = 0;
        };

        text _tmp_91
        {
            name = "Text_444";
            x1 = 102;
            y1 = 2;
            x2 = 102;
            y2 = 2;
            string = "Total Volume (㎥):";
            fontname = "Courier New";
            fontcolor = 162;
            fonttype = 2;
            fontsize = 1;
            fontratio = 1;
            fontslant = 0;
            fontstyle = 0;
            angle = 0;
            justify = LEFT;
            pen = 0;
        };

        valuefield _tmp_92
        {
            name = "ValueField_466";
            location = (105, 1);
            formula = "GetValue(\"VOLUME\")*GetValue(\"NUMBER\")";
            datatype = DOUBLE;
            class = "Volume";
            cacheable = TRUE;
            justify = RIGHT;
            visibility = TRUE;
            angle = 0;
            length = 12;
            decimals = 2;
            sortdirection = NONE;
            fontname = "Courier New";
            fontcolor = 153;
            fonttype = 2;
            fontsize = 1;
            fontratio = 1;
            fontstyle = 0;
            fontslant = 0;
            pen = 0;
            oncombine = SUM;
            unit = "m3";
        };
    };

    footer _tmp_19157
    {
        name = "Footer";
        height = 4;

        text _tmp_19158
        {
            name = "Text_35";
            x1 = 1;
            y1 = 3;
            x2 = 1;
            y2 = 3;
            string = "___________________________________________________________________________________________________________________________________________________";
            fontname = "fixfont";
            fontcolor = 153;
            fonttype = 4;
            fontsize = 1;
            fontratio = 1;
            fontslant = 0;
            fontstyle = 0;
            angle = 0;
            justify = LEFT;
            pen = -1;
        };

        valuefield _tmp_19159
        {
            name = "WarningBendInfo";
            location = (43, 2);
            formula = "if (GetValue(\"REBAR.SHAPE_INTERNAL\") != \"1\") then\n  \"*Note: Rebar \"Length\" is along centerline before bending.\"\nelse\n  \"\"\nendif\n";
            datatype = STRING;
            class = "Length";
            cacheable = TRUE;
            justify = RIGHT;
            visibility = TRUE;
            angle = 0;
            length = 60;
            sortdirection = NONE;
            fontname = "Arial";
            fontcolor = 164;
            fonttype = 2;
            fontsize = 2.38;
            fontratio = 1;
            fontstyle = 0;
            fontslant = 0;
            pen = 0;
            oncombine = NONE;
        };

        text _tmp_19160
        {
            name = "Report End";
            x1 = 111;
            y1 = 1;
            x2 = 111;
            y2 = 1;
            string = "Report End";
            fontname = "Arial Narrow";
            fontcolor = 159;
            fonttype = 2;
            fontsize = 1;
            fontratio = 1;
            fontslant = 0;
            fontstyle = 0;
            angle = 0;
            justify = LEFT;
            pen = -1;
        };
    };
};
